ISO-10303-21;
HEADER;
/* Generated by software containing ST-Developer
 * from STEP Tools, Inc. (www.steptools.com) 
 */

FILE_DESCRIPTION(
/* description */ (''),
/* implementation_level */ '2;1');

FILE_NAME(
/* name */ 'Pedal_Arm_V3.step',
/* time_stamp */ '2026-06-02T23:52:40-07:00',
/* author */ (''),
/* organization */ (''),
/* preprocessor_version */ 'ST-DEVELOPER v20.1',
/* originating_system */ 'Autodesk Translation Framework v14.17.0.0',
/* authorisation */ '');

FILE_SCHEMA (('AUTOMOTIVE_DESIGN { 1 0 10303 214 3 1 1 }'));
ENDSEC;

DATA;
#10=MECHANICAL_DESIGN_GEOMETRIC_PRESENTATION_REPRESENTATION('',(#13),#13517);
#11=SHAPE_REPRESENTATION_RELATIONSHIP('SRR','None',#13524,#12);
#12=ADVANCED_BREP_SHAPE_REPRESENTATION('',(#7351),#13516);
#13=STYLED_ITEM('',(#13534),#7351);
#14=ELLIPSE('',#7450,19.7989898732236,14.);
#15=ELLIPSE('',#7582,14.736257582079,10.);
#16=ELLIPSE('',#7583,10.91544894367,10.);
#17=ELLIPSE('',#7585,14.142135623731,10.);
#18=ELLIPSE('',#7621,14.142135623731,10.);
#19=ELLIPSE('',#7626,14.736257582079,10.);
#20=ELLIPSE('',#7627,10.9154489436701,10.);
#21=ELLIPSE('',#7643,14.1421356237308,10.);
#22=ELLIPSE('',#7645,14.1421356237311,10.);
#23=ELLIPSE('',#7661,16.970562748477,12.);
#24=ELLIPSE('',#7727,19.7989898732236,14.);
#25=ELLIPSE('',#7730,16.970562748477,12.);
#26=ELLIPSE('',#7924,10.91544894367,10.);
#27=ELLIPSE('',#7925,14.736257582079,10.);
#28=ELLIPSE('',#7927,14.142135623731,10.);
#29=ELLIPSE('',#7963,14.142135623731,10.);
#30=ELLIPSE('',#7968,10.9154489436701,10.);
#31=ELLIPSE('',#7969,14.736257582079,10.);
#32=ELLIPSE('',#7985,14.1421356237308,10.);
#33=ELLIPSE('',#7987,14.1421356237311,10.);
#34=FACE_BOUND('',#2187,.T.);
#35=FACE_BOUND('',#2188,.T.);
#36=FACE_BOUND('',#2189,.T.);
#37=FACE_BOUND('',#2190,.T.);
#38=FACE_BOUND('',#2191,.T.);
#39=FACE_BOUND('',#2194,.T.);
#40=FACE_BOUND('',#2248,.T.);
#41=FACE_BOUND('',#2273,.T.);
#42=FACE_BOUND('',#2340,.T.);
#43=FACE_BOUND('',#2345,.T.);
#44=FACE_BOUND('',#2346,.T.);
#45=FACE_BOUND('',#2347,.T.);
#46=FACE_BOUND('',#2348,.T.);
#47=FACE_BOUND('',#2360,.T.);
#48=FACE_BOUND('',#2366,.T.);
#49=FACE_BOUND('',#2370,.T.);
#50=FACE_BOUND('',#2372,.T.);
#51=FACE_BOUND('',#2373,.T.);
#52=FACE_BOUND('',#2399,.T.);
#53=FACE_BOUND('',#2425,.T.);
#54=FACE_BOUND('',#2426,.T.);
#55=FACE_BOUND('',#2427,.T.);
#56=FACE_BOUND('',#2428,.T.);
#57=FACE_BOUND('',#2429,.T.);
#58=FACE_BOUND('',#2432,.T.);
#59=FACE_BOUND('',#2486,.T.);
#60=FACE_BOUND('',#2511,.T.);
#61=FACE_BOUND('',#2578,.T.);
#62=FACE_BOUND('',#2583,.T.);
#63=FACE_BOUND('',#2584,.T.);
#64=FACE_BOUND('',#2585,.T.);
#65=FACE_BOUND('',#2586,.T.);
#66=FACE_BOUND('',#2598,.T.);
#67=FACE_BOUND('',#2604,.T.);
#68=FACE_BOUND('',#2608,.T.);
#69=CYLINDRICAL_SURFACE('',#7388,12.);
#70=CYLINDRICAL_SURFACE('',#7400,12.);
#71=CYLINDRICAL_SURFACE('',#7402,11.7999999999991);
#72=CYLINDRICAL_SURFACE('',#7441,12.);
#73=CYLINDRICAL_SURFACE('',#7508,4.49999999999989);
#74=CYLINDRICAL_SURFACE('',#7514,8.);
#75=CYLINDRICAL_SURFACE('',#7515,3.99999999999999);
#76=CYLINDRICAL_SURFACE('',#7525,2.5);
#77=CYLINDRICAL_SURFACE('',#7527,12.1301147448429);
#78=CYLINDRICAL_SURFACE('',#7529,2.5);
#79=CYLINDRICAL_SURFACE('',#7548,13.6301147448429);
#80=CYLINDRICAL_SURFACE('',#7577,8.);
#81=CYLINDRICAL_SURFACE('',#7581,10.);
#82=CYLINDRICAL_SURFACE('',#7625,10.);
#83=CYLINDRICAL_SURFACE('',#7636,8.);
#84=CYLINDRICAL_SURFACE('',#7639,8.);
#85=CYLINDRICAL_SURFACE('',#7644,10.);
#86=CYLINDRICAL_SURFACE('',#7648,10.);
#87=CYLINDRICAL_SURFACE('',#7677,3.99999999999999);
#88=CYLINDRICAL_SURFACE('',#7689,3.50000000000001);
#89=CYLINDRICAL_SURFACE('',#7693,3.50000000000001);
#90=CYLINDRICAL_SURFACE('',#7705,4.99999999999958);
#91=CYLINDRICAL_SURFACE('',#7718,12.);
#92=CYLINDRICAL_SURFACE('',#7726,14.);
#93=CYLINDRICAL_SURFACE('',#7729,12.);
#94=CYLINDRICAL_SURFACE('',#7731,12.);
#95=CYLINDRICAL_SURFACE('',#7733,19.);
#96=CYLINDRICAL_SURFACE('',#7735,12.);
#97=CYLINDRICAL_SURFACE('',#7746,12.);
#98=CYLINDRICAL_SURFACE('',#7748,11.7999999999991);
#99=CYLINDRICAL_SURFACE('',#7786,12.);
#100=CYLINDRICAL_SURFACE('',#7852,4.49999999999989);
#101=CYLINDRICAL_SURFACE('',#7858,8.);
#102=CYLINDRICAL_SURFACE('',#7859,3.99999999999999);
#103=CYLINDRICAL_SURFACE('',#7869,2.5);
#104=CYLINDRICAL_SURFACE('',#7871,12.1301147448429);
#105=CYLINDRICAL_SURFACE('',#7873,2.5);
#106=CYLINDRICAL_SURFACE('',#7892,13.6301147448429);
#107=CYLINDRICAL_SURFACE('',#7919,8.);
#108=CYLINDRICAL_SURFACE('',#7923,10.);
#109=CYLINDRICAL_SURFACE('',#7967,10.);
#110=CYLINDRICAL_SURFACE('',#7978,8.);
#111=CYLINDRICAL_SURFACE('',#7981,8.);
#112=CYLINDRICAL_SURFACE('',#7986,10.);
#113=CYLINDRICAL_SURFACE('',#7990,10.);
#114=CYLINDRICAL_SURFACE('',#8013,3.99999999999999);
#115=B_SPLINE_CURVE_WITH_KNOTS('',3,(#10140,#10141,#10142,#10143),
 .UNSPECIFIED.,.F.,.F.,(4,4),(0.00322215775572822,0.0723729326383984),
 .UNSPECIFIED.);
#116=B_SPLINE_CURVE_WITH_KNOTS('',3,(#10145,#10146,#10147,#10148,#10149,
#10150),.UNSPECIFIED.,.F.,.F.,(4,2,4),(0.0723729326383985,0.115073065382411,
0.127771902577114),.UNSPECIFIED.);
#117=B_SPLINE_CURVE_WITH_KNOTS('',3,(#10152,#10153,#10154,#10155,#10156,
#10157,#10158,#10159,#10160,#10161,#10162,#10163,#10164,#10165,#10166,#10167,
#10168,#10169,#10170,#10171),.UNSPECIFIED.,.F.,.F.,(4,2,2,2,2,2,2,2,2,4),
(0.127771902577114,0.129484778065689,0.172993182021229,0.194476206434758,
0.285891431518391,0.32105242635585,0.347984399382804,0.355379089047187,
0.399023645663843,0.784957812184825),.UNSPECIFIED.);
#118=B_SPLINE_CURVE_WITH_KNOTS('',3,(#10173,#10174,#10175,#10176,#10177,
#10178,#10179,#10180,#10181,#10182,#10183,#10184,#10185,#10186,#10187,#10188,
#10189,#10190,#10191,#10192,#10193,#10194,#10195,#10196,#10197,#10198,#10199,
#10200,#10201,#10202,#10203,#10204,#10205,#10206,#10207,#10208,#10209,#10210,
#10211,#10212,#10213,#10214,#10215,#10216,#10217,#10218),.UNSPECIFIED.,
 .F.,.F.,(4,3,3,3,3,3,3,3,3,3,3,3,3,3,3,4),(0.,0.002205044484068,0.0210864973856275,
0.0510134436846821,0.105914390413215,0.131922696028147,0.174929174045219,
0.216457192108529,0.223080332212116,0.262840422732779,0.302997595823463,
0.321321669836934,0.364541187667682,0.411591819743448,0.419272049750262,
0.474422344262076),.UNSPECIFIED.);
#119=B_SPLINE_CURVE_WITH_KNOTS('',3,(#10222,#10223,#10224,#10225,#10226,
#10227,#10228,#10229,#10230,#10231,#10232,#10233,#10234,#10235,#10236,#10237,
#10238,#10239),.UNSPECIFIED.,.F.,.F.,(4,2,2,2,2,2,2,2,4),(-0.471913463694376,
-0.416959262271384,-0.32129785629561,-0.232834057984538,-0.151948646630327,
-0.0750769625578295,-0.0358883211980727,-0.015861531132987,0.),
 .UNSPECIFIED.);
#120=B_SPLINE_CURVE_WITH_KNOTS('',3,(#10241,#10242,#10243,#10244,#10245,
#10246,#10247,#10248,#10249,#10250,#10251,#10252,#10253,#10254,#10255,#10256,
#10257,#10258),.UNSPECIFIED.,.F.,.F.,(4,2,2,2,2,2,2,2,4),(0.143762772971744,
0.172993182021229,0.194476206434758,0.285891431518391,0.32105242635585,
0.347984399382804,0.355379089047187,0.399023645663843,0.862960299912626),
 .UNSPECIFIED.);
#121=B_SPLINE_CURVE_WITH_KNOTS('',3,(#10260,#10261,#10262,#10263,#10264,
#10265,#10266,#10267),.UNSPECIFIED.,.F.,.F.,(4,2,2,4),(0.0814365463092405,
0.115073065382411,0.129484778065689,0.143762772971744),.UNSPECIFIED.);
#122=B_SPLINE_CURVE_WITH_KNOTS('',3,(#10269,#10270,#10271,#10272),
 .UNSPECIFIED.,.F.,.F.,(4,4),(0.00362569972830541,0.0814365463092405),
 .UNSPECIFIED.);
#123=B_SPLINE_CURVE_WITH_KNOTS('',3,(#10292,#10293,#10294,#10295,#10296,
#10297),.UNSPECIFIED.,.F.,.F.,(4,2,4),(-2.95049864993185,-1.47524808374705,
0.),.UNSPECIFIED.);
#124=B_SPLINE_CURVE_WITH_KNOTS('',3,(#10298,#10299,#10300,#10301),
 .UNSPECIFIED.,.F.,.F.,(4,4),(0.,0.00586615167432762),.UNSPECIFIED.);
#125=B_SPLINE_CURVE_WITH_KNOTS('',3,(#10302,#10303,#10304,#10305),
 .UNSPECIFIED.,.F.,.F.,(4,4),(0.,0.0066008265715834),.UNSPECIFIED.);
#126=B_SPLINE_CURVE_WITH_KNOTS('',3,(#10330,#10331,#10332,#10333,#10334,
#10335,#10336,#10337),.UNSPECIFIED.,.F.,.F.,(4,2,2,4),(2.14738728790695,
2.24929785917805,2.36544402016281,2.48159018114757),.UNSPECIFIED.);
#127=B_SPLINE_CURVE_WITH_KNOTS('',3,(#10347,#10348,#10349,#10350),
 .UNSPECIFIED.,.F.,.F.,(4,4),(0.694036354465149,0.856554639768002),
 .UNSPECIFIED.);
#128=B_SPLINE_CURVE_WITH_KNOTS('',3,(#10352,#10353,#10354,#10355),
 .UNSPECIFIED.,.F.,.F.,(4,4),(1.20062231569383,1.33062682136335),
 .UNSPECIFIED.);
#129=B_SPLINE_CURVE_WITH_KNOTS('',3,(#10357,#10358,#10359,#10360),
 .UNSPECIFIED.,.F.,.F.,(4,4),(1.33062682136334,1.42778599626208),
 .UNSPECIFIED.);
#130=B_SPLINE_CURVE_WITH_KNOTS('',3,(#10362,#10363,#10364,#10365),
 .UNSPECIFIED.,.F.,.F.,(4,4),(1.05816086481594,1.1368735842149),
 .UNSPECIFIED.);
#131=B_SPLINE_CURVE_WITH_KNOTS('',3,(#10367,#10368,#10369,#10370),
 .UNSPECIFIED.,.F.,.F.,(4,4),(1.13687358421491,1.56719693292293),
 .UNSPECIFIED.);
#132=B_SPLINE_CURVE_WITH_KNOTS('',3,(#10374,#10375,#10376,#10377,#10378,
#10379,#10380,#10381),.UNSPECIFIED.,.F.,.F.,(4,2,2,4),(2.48159018115054,
2.59773634213552,2.71388250312049,2.81579307439348),.UNSPECIFIED.);
#133=B_SPLINE_CURVE_WITH_KNOTS('',3,(#10406,#10407,#10408,#10409,#10410,
#10411,#10412),.UNSPECIFIED.,.F.,.F.,(4,3,4),(0.,0.131473445650426,0.262830298071654),
 .UNSPECIFIED.);
#134=B_SPLINE_CURVE_WITH_KNOTS('',3,(#10414,#10415,#10416,#10417),
 .UNSPECIFIED.,.F.,.F.,(4,4),(-0.856554639768002,-0.711613852635379),
 .UNSPECIFIED.);
#135=B_SPLINE_CURVE_WITH_KNOTS('',3,(#10438,#10439,#10440,#10441),
 .UNSPECIFIED.,.F.,.F.,(4,4),(-1.42778599626208,-1.33062682136334),
 .UNSPECIFIED.);
#136=B_SPLINE_CURVE_WITH_KNOTS('',3,(#10459,#10460,#10461,#10462),
 .UNSPECIFIED.,.F.,.F.,(4,4),(-1.33062682136335,-1.20062231569383),
 .UNSPECIFIED.);
#137=B_SPLINE_CURVE_WITH_KNOTS('',3,(#10482,#10483,#10484,#10485),
 .UNSPECIFIED.,.F.,.F.,(4,4),(-1.56719693292293,-1.13687358421491),
 .UNSPECIFIED.);
#138=B_SPLINE_CURVE_WITH_KNOTS('',3,(#10503,#10504,#10505,#10506),
 .UNSPECIFIED.,.F.,.F.,(4,4),(-1.1368735842149,-1.05816086481594),
 .UNSPECIFIED.);
#139=B_SPLINE_CURVE_WITH_KNOTS('',3,(#10544,#10545,#10546,#10547),
 .UNSPECIFIED.,.F.,.F.,(4,4),(1.56719693292293,1.57079632679488),
 .UNSPECIFIED.);
#140=B_SPLINE_CURVE_WITH_KNOTS('',3,(#10548,#10549,#10550,#10551),
 .UNSPECIFIED.,.F.,.F.,(4,4),(-1.57079632679488,-1.56719693292293),
 .UNSPECIFIED.);
#141=B_SPLINE_CURVE_WITH_KNOTS('',3,(#10659,#10660,#10661,#10662),
 .UNSPECIFIED.,.F.,.F.,(4,4),(0.714090698611303,0.739424132683229),
 .UNSPECIFIED.);
#142=B_SPLINE_CURVE_WITH_KNOTS('',3,(#10899,#10900,#10901,#10902),
 .UNSPECIFIED.,.F.,.F.,(4,4),(0.180378554424495,0.691740609568989),
 .UNSPECIFIED.);
#143=B_SPLINE_CURVE_WITH_KNOTS('',3,(#10904,#10905,#10906,#10907),
 .UNSPECIFIED.,.F.,.F.,(4,4),(-5.18765586043914E-13,0.180378554424496),
 .UNSPECIFIED.);
#144=B_SPLINE_CURVE_WITH_KNOTS('',3,(#10911,#10912,#10913,#10914),
 .UNSPECIFIED.,.F.,.F.,(4,4),(-0.195807088295909,5.79508663278717E-13),
 .UNSPECIFIED.);
#145=B_SPLINE_CURVE_WITH_KNOTS('',3,(#10916,#10917,#10918,#10919),
 .UNSPECIFIED.,.F.,.F.,(4,4),(-0.714090698610739,-0.195807088295909),
 .UNSPECIFIED.);
#146=B_SPLINE_CURVE_WITH_KNOTS('',3,(#10921,#10922,#10923,#10924),
 .UNSPECIFIED.,.F.,.F.,(4,4),(0.968817807554449,0.993636770707088),
 .UNSPECIFIED.);
#147=B_SPLINE_CURVE_WITH_KNOTS('',3,(#10950,#10951,#10952,#10953),
 .UNSPECIFIED.,.F.,.F.,(4,4),(-0.745982822612406,-0.714090698610661),
 .UNSPECIFIED.);
#148=B_SPLINE_CURVE_WITH_KNOTS('',3,(#10956,#10957,#10958,#10959),
 .UNSPECIFIED.,.F.,.F.,(4,4),(0.714090698610661,0.745982822612406),
 .UNSPECIFIED.);
#149=B_SPLINE_CURVE_WITH_KNOTS('',3,(#10983,#10984,#10985,#10986),
 .UNSPECIFIED.,.F.,.F.,(4,4),(-0.993636770707088,-0.968817807554449),
 .UNSPECIFIED.);
#150=B_SPLINE_CURVE_WITH_KNOTS('',3,(#11005,#11006,#11007,#11008),
 .UNSPECIFIED.,.F.,.F.,(4,4),(-5.79508663278717E-13,0.714090698610739),
 .UNSPECIFIED.);
#151=B_SPLINE_CURVE_WITH_KNOTS('',3,(#11027,#11028,#11029,#11030),
 .UNSPECIFIED.,.F.,.F.,(4,4),(-0.691740609568989,-0.156670497541742),
 .UNSPECIFIED.);
#152=B_SPLINE_CURVE_WITH_KNOTS('',3,(#11032,#11033,#11034,#11035),
 .UNSPECIFIED.,.F.,.F.,(4,4),(-0.156670497541742,5.18765586043914E-13),
 .UNSPECIFIED.);
#153=B_SPLINE_CURVE_WITH_KNOTS('',3,(#11055,#11056,#11057,#11058),
 .UNSPECIFIED.,.F.,.F.,(4,4),(0.691740609562434,0.714090698610753),
 .UNSPECIFIED.);
#154=B_SPLINE_CURVE_WITH_KNOTS('',3,(#11061,#11062,#11063,#11064),
 .UNSPECIFIED.,.F.,.F.,(4,4),(-0.714090698610753,-0.691740609562434),
 .UNSPECIFIED.);
#155=B_SPLINE_CURVE_WITH_KNOTS('',3,(#11133,#11134,#11135,#11136,#11137),
 .UNSPECIFIED.,.F.,.F.,(4,1,4),(-1.53613635951127,-1.18383107626816,-0.71409069861068),
 .UNSPECIFIED.);
#156=B_SPLINE_CURVE_WITH_KNOTS('',3,(#11140,#11141,#11142,#11143,#11144),
 .UNSPECIFIED.,.F.,.F.,(4,1,4),(0.71409069861068,1.18383107626816,1.53613635951127),
 .UNSPECIFIED.);
#157=B_SPLINE_CURVE_WITH_KNOTS('',3,(#11161,#11162,#11163,#11164),
 .UNSPECIFIED.,.F.,.F.,(4,4),(-1.22318233327182,-1.2046922057231),
 .UNSPECIFIED.);
#158=B_SPLINE_CURVE_WITH_KNOTS('',3,(#11165,#11166,#11167,#11168),
 .UNSPECIFIED.,.F.,.F.,(4,4),(1.2046922057231,1.22318233327182),
 .UNSPECIFIED.);
#159=B_SPLINE_CURVE_WITH_KNOTS('',3,(#11192,#11193,#11194,#11195,#11196),
 .UNSPECIFIED.,.F.,.F.,(4,1,4),(0.745982822612404,1.0994743244049,1.5707963267949),
 .UNSPECIFIED.);
#160=B_SPLINE_CURVE_WITH_KNOTS('',3,(#11199,#11200,#11201,#11202,#11203),
 .UNSPECIFIED.,.F.,.F.,(4,1,4),(-1.5707963267949,-1.0994743244049,-0.745982822612404),
 .UNSPECIFIED.);
#161=B_SPLINE_CURVE_WITH_KNOTS('',3,(#11223,#11224,#11225,#11226),
 .UNSPECIFIED.,.F.,.F.,(4,4),(-0.475141758737699,-0.437246193182562),
 .UNSPECIFIED.);
#162=B_SPLINE_CURVE_WITH_KNOTS('',3,(#11227,#11228,#11229,#11230),
 .UNSPECIFIED.,.F.,.F.,(4,4),(0.437246193182562,0.475141758737699),
 .UNSPECIFIED.);
#163=B_SPLINE_CURVE_WITH_KNOTS('',3,(#11387,#11388,#11389,#11390),
 .UNSPECIFIED.,.F.,.F.,(4,4),(1.53613635949947,1.57079632679491),
 .UNSPECIFIED.);
#164=B_SPLINE_CURVE_WITH_KNOTS('',3,(#11391,#11392,#11393,#11394),
 .UNSPECIFIED.,.F.,.F.,(4,4),(-1.57079632679491,-1.53613635949947),
 .UNSPECIFIED.);
#165=B_SPLINE_CURVE_WITH_KNOTS('',3,(#11549,#11550,#11551,#11552),
 .UNSPECIFIED.,.F.,.F.,(4,4),(0.0360871062772799,0.0739826718324179),
 .UNSPECIFIED.);
#166=B_SPLINE_CURVE_WITH_KNOTS('',3,(#11555,#11556,#11557,#11558),
 .UNSPECIFIED.,.F.,.F.,(4,4),(-0.0739826718324179,-0.0360871062772799),
 .UNSPECIFIED.);
#167=B_SPLINE_CURVE_WITH_KNOTS('',3,(#11581,#11582,#11583,#11584,#11585),
 .UNSPECIFIED.,.F.,.F.,(4,1,4),(0.73942413268323,1.09572650158823,1.5707963267949),
 .UNSPECIFIED.);
#168=B_SPLINE_CURVE_WITH_KNOTS('',3,(#11586,#11587,#11588,#11589,#11590),
 .UNSPECIFIED.,.F.,.F.,(4,1,4),(-1.5707963267949,-1.09572650158823,-0.73942413268323),
 .UNSPECIFIED.);
#169=B_SPLINE_CURVE_WITH_KNOTS('',3,(#11607,#11608,#11609,#11610),
 .UNSPECIFIED.,.F.,.F.,(4,4),(-0.739424132683229,-0.714090698611303),
 .UNSPECIFIED.);
#170=B_SPLINE_CURVE_WITH_KNOTS('',3,(#11877,#11878,#11879,#11880),
 .UNSPECIFIED.,.F.,.F.,(4,4),(0.00322215775572822,0.0723729326383984),
 .UNSPECIFIED.);
#171=B_SPLINE_CURVE_WITH_KNOTS('',3,(#11884,#11885,#11886,#11887),
 .UNSPECIFIED.,.F.,.F.,(4,4),(0.00362569972830541,0.0814365463093347),
 .UNSPECIFIED.);
#172=B_SPLINE_CURVE_WITH_KNOTS('',3,(#11889,#11890,#11891,#11892,#11893,
#11894,#11895,#11896),.UNSPECIFIED.,.F.,.F.,(4,2,2,4),(0.0814365463093346,
0.115073065382411,0.129484778065689,0.143762772971901),.UNSPECIFIED.);
#173=B_SPLINE_CURVE_WITH_KNOTS('',3,(#11898,#11899,#11900,#11901,#11902,
#11903,#11904,#11905,#11906,#11907,#11908,#11909,#11910,#11911,#11912,#11913,
#11914,#11915),.UNSPECIFIED.,.F.,.F.,(4,2,2,2,2,2,2,2,4),(0.143762772971901,
0.172993182021229,0.194476206434758,0.285891431518391,0.32105242635585,
0.347984399382804,0.355379089047187,0.399023645663843,0.862960299912628),
 .UNSPECIFIED.);
#174=B_SPLINE_CURVE_WITH_KNOTS('',3,(#11917,#11918,#11919,#11920,#11921,
#11922,#11923,#11924,#11925,#11926,#11927,#11928,#11929,#11930,#11931,#11932,
#11933,#11934),.UNSPECIFIED.,.F.,.F.,(4,2,2,2,2,2,2,2,4),(-0.471913463694376,
-0.416959262271384,-0.32129785629561,-0.232834057984538,-0.151948646630327,
-0.0750769625578295,-0.0358883211980727,-0.015861531132987,0.),
 .UNSPECIFIED.);
#175=B_SPLINE_CURVE_WITH_KNOTS('',3,(#11938,#11939,#11940,#11941,#11942,
#11943,#11944,#11945,#11946,#11947,#11948,#11949,#11950,#11951,#11952,#11953,
#11954,#11955,#11956,#11957,#11958,#11959,#11960,#11961,#11962,#11963,#11964,
#11965,#11966,#11967,#11968,#11969,#11970,#11971,#11972,#11973,#11974,#11975,
#11976,#11977,#11978,#11979,#11980,#11981,#11982,#11983),.UNSPECIFIED.,
 .F.,.F.,(4,3,3,3,3,3,3,3,3,3,3,3,3,3,3,4),(0.,0.002205044484068,0.0210864973856275,
0.0510134436846821,0.10591439041326,0.131922696028147,0.174929174045185,
0.216457192112796,0.223080332212116,0.262840422732743,0.302997595825126,
0.321321669836934,0.3645411876677,0.411591819753431,0.419272049750262,0.474422344262076),
 .UNSPECIFIED.);
#176=B_SPLINE_CURVE_WITH_KNOTS('',3,(#11985,#11986,#11987,#11988,#11989,
#11990,#11991,#11992,#11993,#11994,#11995,#11996,#11997,#11998,#11999,#12000,
#12001,#12002,#12003,#12004),.UNSPECIFIED.,.F.,.F.,(4,2,2,2,2,2,2,2,2,4),
(0.127771902577114,0.129484778065689,0.172993182021229,0.194476206434758,
0.285891431518391,0.32105242635585,0.347984399382804,0.355379089047187,
0.399023645663843,0.784957812184825),.UNSPECIFIED.);
#177=B_SPLINE_CURVE_WITH_KNOTS('',3,(#12005,#12006,#12007,#12008,#12009,
#12010),.UNSPECIFIED.,.F.,.F.,(4,2,4),(0.0723729326383985,0.115073065382411,
0.127771902577114),.UNSPECIFIED.);
#178=B_SPLINE_CURVE_WITH_KNOTS('',3,(#12027,#12028,#12029,#12030),
 .UNSPECIFIED.,.F.,.F.,(4,4),(0.,0.0066008265715834),.UNSPECIFIED.);
#179=B_SPLINE_CURVE_WITH_KNOTS('',3,(#12031,#12032,#12033,#12034),
 .UNSPECIFIED.,.F.,.F.,(4,4),(0.,0.00586615167432762),.UNSPECIFIED.);
#180=B_SPLINE_CURVE_WITH_KNOTS('',3,(#12095,#12096,#12097,#12098),
 .UNSPECIFIED.,.F.,.F.,(4,4),(-1.57079632679491,-1.53613635949947),
 .UNSPECIFIED.);
#181=B_SPLINE_CURVE_WITH_KNOTS('',3,(#12100,#12101,#12102,#12103,#12104),
 .UNSPECIFIED.,.F.,.F.,(4,1,4),(-1.53613635951127,-1.18383107626816,-0.71409069861068),
 .UNSPECIFIED.);
#182=B_SPLINE_CURVE_WITH_KNOTS('',3,(#12106,#12107,#12108,#12109),
 .UNSPECIFIED.,.F.,.F.,(4,4),(1.2046922057231,1.22318233327182),
 .UNSPECIFIED.);
#183=B_SPLINE_CURVE_WITH_KNOTS('',3,(#12113,#12114,#12115,#12116),
 .UNSPECIFIED.,.F.,.F.,(4,4),(-0.714090698610753,-0.691740609562434),
 .UNSPECIFIED.);
#184=B_SPLINE_CURVE_WITH_KNOTS('',3,(#12118,#12119,#12120,#12121),
 .UNSPECIFIED.,.F.,.F.,(4,4),(-0.691740609568989,-0.156670497541742),
 .UNSPECIFIED.);
#185=B_SPLINE_CURVE_WITH_KNOTS('',3,(#12122,#12123,#12124,#12125),
 .UNSPECIFIED.,.F.,.F.,(4,4),(-0.156670497541742,5.18765586043914E-13),
 .UNSPECIFIED.);
#186=B_SPLINE_CURVE_WITH_KNOTS('',3,(#12142,#12143,#12144,#12145),
 .UNSPECIFIED.,.F.,.F.,(4,4),(-5.79508663278717E-13,0.714090698610739),
 .UNSPECIFIED.);
#187=B_SPLINE_CURVE_WITH_KNOTS('',3,(#12147,#12148,#12149,#12150),
 .UNSPECIFIED.,.F.,.F.,(4,4),(-0.993636770707088,-0.968817807554449),
 .UNSPECIFIED.);
#188=B_SPLINE_CURVE_WITH_KNOTS('',3,(#12154,#12155,#12156,#12157),
 .UNSPECIFIED.,.F.,.F.,(4,4),(0.714090698610661,0.745982822612406),
 .UNSPECIFIED.);
#189=B_SPLINE_CURVE_WITH_KNOTS('',3,(#12159,#12160,#12161,#12162,#12163),
 .UNSPECIFIED.,.F.,.F.,(4,1,4),(0.745982822612404,1.0994743244049,1.5707963267949),
 .UNSPECIFIED.);
#190=B_SPLINE_CURVE_WITH_KNOTS('',3,(#12165,#12166,#12167,#12168),
 .UNSPECIFIED.,.F.,.F.,(4,4),(0.437246193182562,0.475141758737699),
 .UNSPECIFIED.);
#191=B_SPLINE_CURVE_WITH_KNOTS('',3,(#12176,#12177,#12178,#12179),
 .UNSPECIFIED.,.F.,.F.,(4,4),(0.0360871062772799,0.0739826718324179),
 .UNSPECIFIED.);
#192=B_SPLINE_CURVE_WITH_KNOTS('',3,(#12181,#12182,#12183,#12184,#12185),
 .UNSPECIFIED.,.F.,.F.,(4,1,4),(-1.5707963267949,-1.09572650158823,-0.73942413268323),
 .UNSPECIFIED.);
#193=B_SPLINE_CURVE_WITH_KNOTS('',3,(#12187,#12188,#12189,#12190),
 .UNSPECIFIED.,.F.,.F.,(4,4),(-0.739424132683229,-0.714090698611303),
 .UNSPECIFIED.);
#194=B_SPLINE_CURVE_WITH_KNOTS('',3,(#12196,#12197,#12198,#12199),
 .UNSPECIFIED.,.F.,.F.,(4,4),(-0.856554639768002,-0.71161385263538),
 .UNSPECIFIED.);
#195=B_SPLINE_CURVE_WITH_KNOTS('',3,(#12200,#12201,#12202,#12203),
 .UNSPECIFIED.,.F.,.F.,(4,4),(-1.33062682136335,-1.20062231569383),
 .UNSPECIFIED.);
#196=B_SPLINE_CURVE_WITH_KNOTS('',3,(#12244,#12245,#12246,#12247),
 .UNSPECIFIED.,.F.,.F.,(4,4),(-1.42778599626208,-1.33062682136334),
 .UNSPECIFIED.);
#197=B_SPLINE_CURVE_WITH_KNOTS('',3,(#12249,#12250,#12251,#12252),
 .UNSPECIFIED.,.F.,.F.,(4,4),(-1.1368735842149,-1.05816086481594),
 .UNSPECIFIED.);
#198=B_SPLINE_CURVE_WITH_KNOTS('',3,(#12265,#12266,#12267,#12268,#12269,
#12270,#12271,#12272),.UNSPECIFIED.,.F.,.F.,(4,2,2,4),(2.14738728790695,
2.24929785917805,2.36544402016281,2.48159018114757),.UNSPECIFIED.);
#199=B_SPLINE_CURVE_WITH_KNOTS('',3,(#12276,#12277,#12278,#12279,#12280,
#12281,#12282,#12283),.UNSPECIFIED.,.F.,.F.,(4,2,2,4),(2.48159018115054,
2.59773634213552,2.71388250312049,2.81579307439348),.UNSPECIFIED.);
#200=B_SPLINE_CURVE_WITH_KNOTS('',3,(#12287,#12288,#12289,#12290),
 .UNSPECIFIED.,.F.,.F.,(4,4),(1.13687358421491,1.56719693292293),
 .UNSPECIFIED.);
#201=B_SPLINE_CURVE_WITH_KNOTS('',3,(#12292,#12293,#12294,#12295),
 .UNSPECIFIED.,.F.,.F.,(4,4),(1.05816086481594,1.1368735842149),
 .UNSPECIFIED.);
#202=B_SPLINE_CURVE_WITH_KNOTS('',3,(#12297,#12298,#12299,#12300),
 .UNSPECIFIED.,.F.,.F.,(4,4),(1.33062682136334,1.42778599626208),
 .UNSPECIFIED.);
#203=B_SPLINE_CURVE_WITH_KNOTS('',3,(#12302,#12303,#12304,#12305),
 .UNSPECIFIED.,.F.,.F.,(4,4),(1.20062231569383,1.33062682136335),
 .UNSPECIFIED.);
#204=B_SPLINE_CURVE_WITH_KNOTS('',3,(#12307,#12308,#12309,#12310),
 .UNSPECIFIED.,.F.,.F.,(4,4),(0.694036354465149,0.856554639768002),
 .UNSPECIFIED.);
#205=B_SPLINE_CURVE_WITH_KNOTS('',3,(#12337,#12338,#12339,#12340,#12341,
#12342,#12343),.UNSPECIFIED.,.F.,.F.,(4,3,4),(0.,0.131473445650426,0.262830298071654),
 .UNSPECIFIED.);
#206=B_SPLINE_CURVE_WITH_KNOTS('',3,(#12398,#12399,#12400,#12401),
 .UNSPECIFIED.,.F.,.F.,(4,4),(-1.56719693292293,-1.13687358421491),
 .UNSPECIFIED.);
#207=B_SPLINE_CURVE_WITH_KNOTS('',3,(#12455,#12456,#12457,#12458),
 .UNSPECIFIED.,.F.,.F.,(4,4),(-1.57079632679488,-1.56719693292293),
 .UNSPECIFIED.);
#208=B_SPLINE_CURVE_WITH_KNOTS('',3,(#12459,#12460,#12461,#12462),
 .UNSPECIFIED.,.F.,.F.,(4,4),(1.56719693292293,1.57079632679488),
 .UNSPECIFIED.);
#209=B_SPLINE_CURVE_WITH_KNOTS('',3,(#12565,#12566,#12567,#12568),
 .UNSPECIFIED.,.F.,.F.,(4,4),(0.714090698611303,0.739424132683229),
 .UNSPECIFIED.);
#210=B_SPLINE_CURVE_WITH_KNOTS('',3,(#12785,#12786,#12787,#12788),
 .UNSPECIFIED.,.F.,.F.,(4,4),(0.180378554424495,0.691740609568989),
 .UNSPECIFIED.);
#211=B_SPLINE_CURVE_WITH_KNOTS('',3,(#12792,#12793,#12794,#12795),
 .UNSPECIFIED.,.F.,.F.,(4,4),(0.968817807554449,0.993636770707088),
 .UNSPECIFIED.);
#212=B_SPLINE_CURVE_WITH_KNOTS('',3,(#12797,#12798,#12799,#12800),
 .UNSPECIFIED.,.F.,.F.,(4,4),(-0.714090698610739,-0.195807088295908),
 .UNSPECIFIED.);
#213=B_SPLINE_CURVE_WITH_KNOTS('',3,(#12801,#12802,#12803,#12804),
 .UNSPECIFIED.,.F.,.F.,(4,4),(-0.195807088295909,5.79508663278717E-13),
 .UNSPECIFIED.);
#214=B_SPLINE_CURVE_WITH_KNOTS('',3,(#12805,#12806,#12807,#12808),
 .UNSPECIFIED.,.F.,.F.,(4,4),(-5.18765586043914E-13,0.180378554424495),
 .UNSPECIFIED.);
#215=B_SPLINE_CURVE_WITH_KNOTS('',3,(#12833,#12834,#12835,#12836),
 .UNSPECIFIED.,.F.,.F.,(4,4),(-0.745982822612406,-0.714090698610661),
 .UNSPECIFIED.);
#216=B_SPLINE_CURVE_WITH_KNOTS('',3,(#12908,#12909,#12910,#12911),
 .UNSPECIFIED.,.F.,.F.,(4,4),(0.691740609562434,0.714090698610753),
 .UNSPECIFIED.);
#217=B_SPLINE_CURVE_WITH_KNOTS('',3,(#12973,#12974,#12975,#12976,#12977),
 .UNSPECIFIED.,.F.,.F.,(4,1,4),(0.71409069861068,1.18383107626816,1.53613635951127),
 .UNSPECIFIED.);
#218=B_SPLINE_CURVE_WITH_KNOTS('',3,(#12995,#12996,#12997,#12998),
 .UNSPECIFIED.,.F.,.F.,(4,4),(-1.22318233327182,-1.2046922057231),
 .UNSPECIFIED.);
#219=B_SPLINE_CURVE_WITH_KNOTS('',3,(#13022,#13023,#13024,#13025,#13026),
 .UNSPECIFIED.,.F.,.F.,(4,1,4),(-1.5707963267949,-1.0994743244049,-0.745982822612404),
 .UNSPECIFIED.);
#220=B_SPLINE_CURVE_WITH_KNOTS('',3,(#13046,#13047,#13048,#13049),
 .UNSPECIFIED.,.F.,.F.,(4,4),(-0.475141758737699,-0.437246193182562),
 .UNSPECIFIED.);
#221=B_SPLINE_CURVE_WITH_KNOTS('',3,(#13191,#13192,#13193,#13194),
 .UNSPECIFIED.,.F.,.F.,(4,4),(1.53613635949947,1.57079632679491),
 .UNSPECIFIED.);
#222=B_SPLINE_CURVE_WITH_KNOTS('',3,(#13346,#13347,#13348,#13349),
 .UNSPECIFIED.,.F.,.F.,(4,4),(-0.0739826718324179,-0.0360871062772799),
 .UNSPECIFIED.);
#223=B_SPLINE_CURVE_WITH_KNOTS('',3,(#13372,#13373,#13374,#13375,#13376),
 .UNSPECIFIED.,.F.,.F.,(4,1,4),(0.73942413268323,1.09572650158823,1.5707963267949),
 .UNSPECIFIED.);
#224=B_SPLINE_SURFACE_WITH_KNOTS('',3,3,((#10050,#10051,#10052,#10053),
(#10054,#10055,#10056,#10057),(#10058,#10059,#10060,#10061),(#10062,#10063,
#10064,#10065),(#10066,#10067,#10068,#10069),(#10070,#10071,#10072,#10073),
(#10074,#10075,#10076,#10077),(#10078,#10079,#10080,#10081),(#10082,#10083,
#10084,#10085),(#10086,#10087,#10088,#10089),(#10090,#10091,#10092,#10093),
(#10094,#10095,#10096,#10097),(#10098,#10099,#10100,#10101),(#10102,#10103,
#10104,#10105),(#10106,#10107,#10108,#10109),(#10110,#10111,#10112,#10113),
(#10114,#10115,#10116,#10117),(#10118,#10119,#10120,#10121),(#10122,#10123,
#10124,#10125),(#10126,#10127,#10128,#10129),(#10130,#10131,#10132,#10133),
(#10134,#10135,#10136,#10137)),.UNSPECIFIED.,.F.,.F.,.F.,(4,2,2,2,2,2,2,
2,2,2,4),(4,4),(0.00322215775572822,0.115073065382411,0.129484778065689,
0.172993182021229,0.194476206434758,0.285891431518391,0.32105242635585,
0.347984399382804,0.355379089047187,0.399023645663843,0.875013051111821),
(0.,1.),.UNSPECIFIED.);
#225=B_SPLINE_SURFACE_WITH_KNOTS('',3,3,((#10274,#10275,#10276,#10277),
(#10278,#10279,#10280,#10281),(#10282,#10283,#10284,#10285),(#10286,#10287,
#10288,#10289)),.UNSPECIFIED.,.F.,.F.,.F.,(4,4),(4,4),(0.,0.0066008265715834),
(0.,1.),.UNSPECIFIED.);
#226=B_SPLINE_SURFACE_WITH_KNOTS('',3,3,((#10389,#10390,#10391,#10392),
(#10393,#10394,#10395,#10396),(#10397,#10398,#10399,#10400),(#10401,#10402,
#10403,#10404)),.UNSPECIFIED.,.F.,.F.,.F.,(4,4),(4,4),(0.,1.),(0.694036354465149,
0.856554639768002),.UNSPECIFIED.);
#227=B_SPLINE_SURFACE_WITH_KNOTS('',3,3,((#10419,#10420,#10421,#10422),
(#10423,#10424,#10425,#10426),(#10427,#10428,#10429,#10430),(#10431,#10432,
#10433,#10434)),.UNSPECIFIED.,.F.,.F.,.F.,(4,4),(4,4),(0.,1.),(1.33062682136334,
1.42778599626208),.UNSPECIFIED.);
#228=B_SPLINE_SURFACE_WITH_KNOTS('',3,3,((#10443,#10444,#10445,#10446),
(#10447,#10448,#10449,#10450),(#10451,#10452,#10453,#10454),(#10455,#10456,
#10457,#10458)),.UNSPECIFIED.,.F.,.F.,.F.,(4,4),(4,4),(0.,1.),(1.20062231569383,
1.33062682136335),.UNSPECIFIED.);
#229=B_SPLINE_SURFACE_WITH_KNOTS('',3,3,((#10463,#10464,#10465,#10466),
(#10467,#10468,#10469,#10470),(#10471,#10472,#10473,#10474),(#10475,#10476,
#10477,#10478)),.UNSPECIFIED.,.F.,.F.,.F.,(4,4),(4,4),(0.,1.),(1.13687358421491,
1.56719693292293),.UNSPECIFIED.);
#230=B_SPLINE_SURFACE_WITH_KNOTS('',3,3,((#10487,#10488,#10489,#10490),
(#10491,#10492,#10493,#10494),(#10495,#10496,#10497,#10498),(#10499,#10500,
#10501,#10502)),.UNSPECIFIED.,.F.,.F.,.F.,(4,4),(4,4),(0.,1.),(1.05816086481594,
1.1368735842149),.UNSPECIFIED.);
#231=B_SPLINE_SURFACE_WITH_KNOTS('',3,3,((#10528,#10529,#10530,#10531),
(#10532,#10533,#10534,#10535),(#10536,#10537,#10538,#10539),(#10540,#10541,
#10542,#10543)),.UNSPECIFIED.,.F.,.F.,.F.,(4,4),(4,4),(0.,1.),(1.56719693292293,
1.57079632679488),.UNSPECIFIED.);
#232=B_SPLINE_SURFACE_WITH_KNOTS('',3,3,((#10930,#10931,#10932,#10933),
(#10934,#10935,#10936,#10937),(#10938,#10939,#10940,#10941),(#10942,#10943,
#10944,#10945)),.UNSPECIFIED.,.F.,.F.,.F.,(4,4),(4,4),(0.,1.),(0.714090698610661,
0.745982822612406),.UNSPECIFIED.);
#233=B_SPLINE_SURFACE_WITH_KNOTS('',3,3,((#10965,#10966,#10967,#10968),
(#10969,#10970,#10971,#10972),(#10973,#10974,#10975,#10976),(#10977,#10978,
#10979,#10980)),.UNSPECIFIED.,.F.,.F.,.F.,(4,4),(4,4),(0.,1.),(-0.993636770707088,
-0.968817807554449),.UNSPECIFIED.);
#234=B_SPLINE_SURFACE_WITH_KNOTS('',3,3,((#10987,#10988,#10989,#10990),
(#10991,#10992,#10993,#10994),(#10995,#10996,#10997,#10998),(#10999,#11000,
#11001,#11002)),.UNSPECIFIED.,.F.,.F.,.F.,(4,4),(4,4),(0.,1.),(-5.79508663278717E-13,
0.714090698610739),.UNSPECIFIED.);
#235=B_SPLINE_SURFACE_WITH_KNOTS('',3,3,((#11009,#11010,#11011,#11012),
(#11013,#11014,#11015,#11016),(#11017,#11018,#11019,#11020),(#11021,#11022,
#11023,#11024)),.UNSPECIFIED.,.F.,.F.,.F.,(4,4),(4,4),(0.,1.),(-0.691740609568989,
5.18765586043914E-13),.UNSPECIFIED.);
#236=B_SPLINE_SURFACE_WITH_KNOTS('',3,3,((#11038,#11039,#11040,#11041),
(#11042,#11043,#11044,#11045),(#11046,#11047,#11048,#11049),(#11050,#11051,
#11052,#11053)),.UNSPECIFIED.,.F.,.F.,.F.,(4,4),(4,4),(0.,1.),(-0.714090698610753,
-0.691740609562434),.UNSPECIFIED.);
#237=B_SPLINE_SURFACE_WITH_KNOTS('',3,3,((#11109,#11110,#11111,#11112,#11113),
(#11114,#11115,#11116,#11117,#11118),(#11119,#11120,#11121,#11122,#11123),
(#11124,#11125,#11126,#11127,#11128)),.UNSPECIFIED.,.F.,.F.,.F.,(4,4),(4,
1,4),(0.,1.),(-1.53613635951127,-1.18383107626816,-0.71409069861068),
 .UNSPECIFIED.);
#238=B_SPLINE_SURFACE_WITH_KNOTS('',3,3,((#11145,#11146,#11147,#11148),
(#11149,#11150,#11151,#11152),(#11153,#11154,#11155,#11156),(#11157,#11158,
#11159,#11160)),.UNSPECIFIED.,.F.,.F.,.F.,(4,4),(4,4),(0.,1.),(1.2046922057231,
1.22318233327182),.UNSPECIFIED.);
#239=B_SPLINE_SURFACE_WITH_KNOTS('',3,3,((#11171,#11172,#11173,#11174,#11175),
(#11176,#11177,#11178,#11179,#11180),(#11181,#11182,#11183,#11184,#11185),
(#11186,#11187,#11188,#11189,#11190)),.UNSPECIFIED.,.F.,.F.,.F.,(4,4),(4,
1,4),(0.,1.),(0.745982822612404,1.0994743244049,1.5707963267949),
 .UNSPECIFIED.);
#240=B_SPLINE_SURFACE_WITH_KNOTS('',3,3,((#11204,#11205,#11206,#11207),
(#11208,#11209,#11210,#11211),(#11212,#11213,#11214,#11215),(#11216,#11217,
#11218,#11219)),.UNSPECIFIED.,.F.,.F.,.F.,(4,4),(4,4),(0.,1.),(0.437246193182562,
0.475141758737699),.UNSPECIFIED.);
#241=B_SPLINE_SURFACE_WITH_KNOTS('',3,3,((#11371,#11372,#11373,#11374),
(#11375,#11376,#11377,#11378),(#11379,#11380,#11381,#11382),(#11383,#11384,
#11385,#11386)),.UNSPECIFIED.,.F.,.F.,.F.,(4,4),(4,4),(0.,1.),(-1.57079632679491,
-1.53613635949947),.UNSPECIFIED.);
#242=B_SPLINE_SURFACE_WITH_KNOTS('',3,3,((#11532,#11533,#11534,#11535),
(#11536,#11537,#11538,#11539),(#11540,#11541,#11542,#11543),(#11544,#11545,
#11546,#11547)),.UNSPECIFIED.,.F.,.F.,.F.,(4,4),(4,4),(0.,1.),(-0.0739826718324179,
-0.0360871062772799),.UNSPECIFIED.);
#243=B_SPLINE_SURFACE_WITH_KNOTS('',3,3,((#11559,#11560,#11561,#11562,#11563),
(#11564,#11565,#11566,#11567,#11568),(#11569,#11570,#11571,#11572,#11573),
(#11574,#11575,#11576,#11577,#11578)),.UNSPECIFIED.,.F.,.F.,.F.,(4,4),(4,
1,4),(0.,1.),(-1.5707963267949,-1.09572650158823,-0.73942413268323),
 .UNSPECIFIED.);
#244=B_SPLINE_SURFACE_WITH_KNOTS('',3,3,((#11591,#11592,#11593,#11594),
(#11595,#11596,#11597,#11598),(#11599,#11600,#11601,#11602),(#11603,#11604,
#11605,#11606)),.UNSPECIFIED.,.F.,.F.,.F.,(4,4),(4,4),(0.,1.),(0.714090698611303,
0.739424132683229),.UNSPECIFIED.);
#245=B_SPLINE_SURFACE_WITH_KNOTS('',3,3,((#11787,#11788,#11789,#11790),
(#11791,#11792,#11793,#11794),(#11795,#11796,#11797,#11798),(#11799,#11800,
#11801,#11802),(#11803,#11804,#11805,#11806),(#11807,#11808,#11809,#11810),
(#11811,#11812,#11813,#11814),(#11815,#11816,#11817,#11818),(#11819,#11820,
#11821,#11822),(#11823,#11824,#11825,#11826),(#11827,#11828,#11829,#11830),
(#11831,#11832,#11833,#11834),(#11835,#11836,#11837,#11838),(#11839,#11840,
#11841,#11842),(#11843,#11844,#11845,#11846),(#11847,#11848,#11849,#11850),
(#11851,#11852,#11853,#11854),(#11855,#11856,#11857,#11858),(#11859,#11860,
#11861,#11862),(#11863,#11864,#11865,#11866),(#11867,#11868,#11869,#11870),
(#11871,#11872,#11873,#11874)),.UNSPECIFIED.,.F.,.F.,.F.,(4,2,2,2,2,2,2,
2,2,2,4),(4,4),(0.00322215775572822,0.115073065382411,0.129484778065689,
0.172993182021229,0.194476206434758,0.285891431518391,0.32105242635585,
0.347984399382804,0.355379089047187,0.399023645663843,0.875013051111821),
(0.,1.),.UNSPECIFIED.);
#246=B_SPLINE_SURFACE_WITH_KNOTS('',3,3,((#12011,#12012,#12013,#12014),
(#12015,#12016,#12017,#12018),(#12019,#12020,#12021,#12022),(#12023,#12024,
#12025,#12026)),.UNSPECIFIED.,.F.,.F.,.F.,(4,4),(4,4),(0.,0.0066008265715834),
(0.,1.),.UNSPECIFIED.);
#247=B_SPLINE_SURFACE_WITH_KNOTS('',3,3,((#12321,#12322,#12323,#12324),
(#12325,#12326,#12327,#12328),(#12329,#12330,#12331,#12332),(#12333,#12334,
#12335,#12336)),.UNSPECIFIED.,.F.,.F.,.F.,(4,4),(4,4),(0.,1.),(0.694036354465149,
0.856554639768002),.UNSPECIFIED.);
#248=B_SPLINE_SURFACE_WITH_KNOTS('',3,3,((#12345,#12346,#12347,#12348),
(#12349,#12350,#12351,#12352),(#12353,#12354,#12355,#12356),(#12357,#12358,
#12359,#12360)),.UNSPECIFIED.,.F.,.F.,.F.,(4,4),(4,4),(0.,1.),(1.33062682136334,
1.42778599626208),.UNSPECIFIED.);
#249=B_SPLINE_SURFACE_WITH_KNOTS('',3,3,((#12363,#12364,#12365,#12366),
(#12367,#12368,#12369,#12370),(#12371,#12372,#12373,#12374),(#12375,#12376,
#12377,#12378)),.UNSPECIFIED.,.F.,.F.,.F.,(4,4),(4,4),(0.,1.),(1.20062231569383,
1.33062682136335),.UNSPECIFIED.);
#250=B_SPLINE_SURFACE_WITH_KNOTS('',3,3,((#12379,#12380,#12381,#12382),
(#12383,#12384,#12385,#12386),(#12387,#12388,#12389,#12390),(#12391,#12392,
#12393,#12394)),.UNSPECIFIED.,.F.,.F.,.F.,(4,4),(4,4),(0.,1.),(1.13687358421491,
1.56719693292293),.UNSPECIFIED.);
#251=B_SPLINE_SURFACE_WITH_KNOTS('',3,3,((#12402,#12403,#12404,#12405),
(#12406,#12407,#12408,#12409),(#12410,#12411,#12412,#12413),(#12414,#12415,
#12416,#12417)),.UNSPECIFIED.,.F.,.F.,.F.,(4,4),(4,4),(0.,1.),(1.05816086481594,
1.1368735842149),.UNSPECIFIED.);
#252=B_SPLINE_SURFACE_WITH_KNOTS('',3,3,((#12439,#12440,#12441,#12442),
(#12443,#12444,#12445,#12446),(#12447,#12448,#12449,#12450),(#12451,#12452,
#12453,#12454)),.UNSPECIFIED.,.F.,.F.,.F.,(4,4),(4,4),(0.,1.),(1.56719693292293,
1.57079632679488),.UNSPECIFIED.);
#253=B_SPLINE_SURFACE_WITH_KNOTS('',3,3,((#12813,#12814,#12815,#12816),
(#12817,#12818,#12819,#12820),(#12821,#12822,#12823,#12824),(#12825,#12826,
#12827,#12828)),.UNSPECIFIED.,.F.,.F.,.F.,(4,4),(4,4),(0.,1.),(0.714090698610661,
0.745982822612406),.UNSPECIFIED.);
#254=B_SPLINE_SURFACE_WITH_KNOTS('',3,3,((#12840,#12841,#12842,#12843),
(#12844,#12845,#12846,#12847),(#12848,#12849,#12850,#12851),(#12852,#12853,
#12854,#12855)),.UNSPECIFIED.,.F.,.F.,.F.,(4,4),(4,4),(0.,1.),(-0.993636770707088,
-0.968817807554449),.UNSPECIFIED.);
#255=B_SPLINE_SURFACE_WITH_KNOTS('',3,3,((#12857,#12858,#12859,#12860),
(#12861,#12862,#12863,#12864),(#12865,#12866,#12867,#12868),(#12869,#12870,
#12871,#12872)),.UNSPECIFIED.,.F.,.F.,.F.,(4,4),(4,4),(0.,1.),(-5.79508663278717E-13,
0.714090698610739),.UNSPECIFIED.);
#256=B_SPLINE_SURFACE_WITH_KNOTS('',3,3,((#12873,#12874,#12875,#12876),
(#12877,#12878,#12879,#12880),(#12881,#12882,#12883,#12884),(#12885,#12886,
#12887,#12888)),.UNSPECIFIED.,.F.,.F.,.F.,(4,4),(4,4),(0.,1.),(-0.691740609568989,
5.18765586043914E-13),.UNSPECIFIED.);
#257=B_SPLINE_SURFACE_WITH_KNOTS('',3,3,((#12890,#12891,#12892,#12893),
(#12894,#12895,#12896,#12897),(#12898,#12899,#12900,#12901),(#12902,#12903,
#12904,#12905)),.UNSPECIFIED.,.F.,.F.,.F.,(4,4),(4,4),(0.,1.),(-0.714090698610753,
-0.691740609562434),.UNSPECIFIED.);
#258=B_SPLINE_SURFACE_WITH_KNOTS('',3,3,((#12950,#12951,#12952,#12953,#12954),
(#12955,#12956,#12957,#12958,#12959),(#12960,#12961,#12962,#12963,#12964),
(#12965,#12966,#12967,#12968,#12969)),.UNSPECIFIED.,.F.,.F.,.F.,(4,4),(4,
1,4),(0.,1.),(-1.53613635951127,-1.18383107626816,-0.71409069861068),
 .UNSPECIFIED.);
#259=B_SPLINE_SURFACE_WITH_KNOTS('',3,3,((#12979,#12980,#12981,#12982),
(#12983,#12984,#12985,#12986),(#12987,#12988,#12989,#12990),(#12991,#12992,
#12993,#12994)),.UNSPECIFIED.,.F.,.F.,.F.,(4,4),(4,4),(0.,1.),(1.2046922057231,
1.22318233327182),.UNSPECIFIED.);
#260=B_SPLINE_SURFACE_WITH_KNOTS('',3,3,((#13001,#13002,#13003,#13004,#13005),
(#13006,#13007,#13008,#13009,#13010),(#13011,#13012,#13013,#13014,#13015),
(#13016,#13017,#13018,#13019,#13020)),.UNSPECIFIED.,.F.,.F.,.F.,(4,4),(4,
1,4),(0.,1.),(0.745982822612404,1.0994743244049,1.5707963267949),
 .UNSPECIFIED.);
#261=B_SPLINE_SURFACE_WITH_KNOTS('',3,3,((#13028,#13029,#13030,#13031),
(#13032,#13033,#13034,#13035),(#13036,#13037,#13038,#13039),(#13040,#13041,
#13042,#13043)),.UNSPECIFIED.,.F.,.F.,.F.,(4,4),(4,4),(0.,1.),(0.437246193182562,
0.475141758737699),.UNSPECIFIED.);
#262=B_SPLINE_SURFACE_WITH_KNOTS('',3,3,((#13175,#13176,#13177,#13178),
(#13179,#13180,#13181,#13182),(#13183,#13184,#13185,#13186),(#13187,#13188,
#13189,#13190)),.UNSPECIFIED.,.F.,.F.,.F.,(4,4),(4,4),(0.,1.),(-1.57079632679491,
-1.53613635949947),.UNSPECIFIED.);
#263=B_SPLINE_SURFACE_WITH_KNOTS('',3,3,((#13329,#13330,#13331,#13332),
(#13333,#13334,#13335,#13336),(#13337,#13338,#13339,#13340),(#13341,#13342,
#13343,#13344)),.UNSPECIFIED.,.F.,.F.,.F.,(4,4),(4,4),(0.,1.),(-0.0739826718324179,
-0.0360871062772799),.UNSPECIFIED.);
#264=B_SPLINE_SURFACE_WITH_KNOTS('',3,3,((#13351,#13352,#13353,#13354,#13355),
(#13356,#13357,#13358,#13359,#13360),(#13361,#13362,#13363,#13364,#13365),
(#13366,#13367,#13368,#13369,#13370)),.UNSPECIFIED.,.F.,.F.,.F.,(4,4),(4,
1,4),(0.,1.),(-1.5707963267949,-1.09572650158823,-0.73942413268323),
 .UNSPECIFIED.);
#265=B_SPLINE_SURFACE_WITH_KNOTS('',3,3,((#13377,#13378,#13379,#13380),
(#13381,#13382,#13383,#13384),(#13385,#13386,#13387,#13388),(#13389,#13390,
#13391,#13392)),.UNSPECIFIED.,.F.,.F.,.F.,(4,4),(4,4),(0.,1.),(0.714090698611303,
0.739424132683229),.UNSPECIFIED.);
#266=(
BOUNDED_CURVE()
B_SPLINE_CURVE(2,(#10037,#10038,#10039),.UNSPECIFIED.,.F.,.F.)
B_SPLINE_CURVE_WITH_KNOTS((3,3),(0.0138905885192215,0.124660784775623),
 .UNSPECIFIED.)
CURVE()
GEOMETRIC_REPRESENTATION_ITEM()
RATIONAL_B_SPLINE_CURVE((1.02239804357646,1.10175325205711,1.02239804357645))
REPRESENTATION_ITEM('')
);
#267=(
BOUNDED_CURVE()
B_SPLINE_CURVE(2,(#13501,#13502,#13503),.UNSPECIFIED.,.F.,.F.)
B_SPLINE_CURVE_WITH_KNOTS((3,3),(0.0138905885192215,0.124660784775623),
 .UNSPECIFIED.)
CURVE()
GEOMETRIC_REPRESENTATION_ITEM()
RATIONAL_B_SPLINE_CURVE((1.02239804357646,1.10175325205711,1.02239804357645))
REPRESENTATION_ITEM('')
);
#268=ORIENTED_CLOSED_SHELL('',*,#7344,.F.);
#269=ORIENTED_CLOSED_SHELL('',*,#7345,.F.);
#270=ORIENTED_CLOSED_SHELL('',*,#7346,.F.);
#271=ORIENTED_CLOSED_SHELL('',*,#7347,.F.);
#272=ORIENTED_CLOSED_SHELL('',*,#7349,.F.);
#273=ORIENTED_CLOSED_SHELL('',*,#7350,.F.);
#274=LINE('',#10019,#940);
#275=LINE('',#10025,#941);
#276=LINE('',#10029,#942);
#277=LINE('',#10031,#943);
#278=LINE('',#10032,#944);
#279=LINE('',#10036,#945);
#280=LINE('',#10049,#946);
#281=LINE('',#10273,#947);
#282=LINE('',#10311,#948);
#283=LINE('',#10314,#949);
#284=LINE('',#10317,#950);
#285=LINE('',#10319,#951);
#286=LINE('',#10320,#952);
#287=LINE('',#10325,#953);
#288=LINE('',#10339,#954);
#289=LINE('',#10343,#955);
#290=LINE('',#10345,#956);
#291=LINE('',#10372,#957);
#292=LINE('',#10382,#958);
#293=LINE('',#10385,#959);
#294=LINE('',#10388,#960);
#295=LINE('',#10418,#961);
#296=LINE('',#10436,#962);
#297=LINE('',#10442,#963);
#298=LINE('',#10480,#964);
#299=LINE('',#10486,#965);
#300=LINE('',#10510,#966);
#301=LINE('',#10512,#967);
#302=LINE('',#10514,#968);
#303=LINE('',#10515,#969);
#304=LINE('',#10519,#970);
#305=LINE('',#10525,#971);
#306=LINE('',#10554,#972);
#307=LINE('',#10556,#973);
#308=LINE('',#10557,#974);
#309=LINE('',#10561,#975);
#310=LINE('',#10565,#976);
#311=LINE('',#10570,#977);
#312=LINE('',#10574,#978);
#313=LINE('',#10578,#979);
#314=LINE('',#10580,#980);
#315=LINE('',#10581,#981);
#316=LINE('',#10585,#982);
#317=LINE('',#10589,#983);
#318=LINE('',#10593,#984);
#319=LINE('',#10597,#985);
#320=LINE('',#10605,#986);
#321=LINE('',#10611,#987);
#322=LINE('',#10615,#988);
#323=LINE('',#10618,#989);
#324=LINE('',#10621,#990);
#325=LINE('',#10625,#991);
#326=LINE('',#10629,#992);
#327=LINE('',#10633,#993);
#328=LINE('',#10639,#994);
#329=LINE('',#10643,#995);
#330=LINE('',#10647,#996);
#331=LINE('',#10651,#997);
#332=LINE('',#10653,#998);
#333=LINE('',#10654,#999);
#334=LINE('',#10657,#1000);
#335=LINE('',#10663,#1001);
#336=LINE('',#10668,#1002);
#337=LINE('',#10672,#1003);
#338=LINE('',#10676,#1004);
#339=LINE('',#10679,#1005);
#340=LINE('',#10682,#1006);
#341=LINE('',#10684,#1007);
#342=LINE('',#10685,#1008);
#343=LINE('',#10688,#1009);
#344=LINE('',#10689,#1010);
#345=LINE('',#10692,#1011);
#346=LINE('',#10693,#1012);
#347=LINE('',#10696,#1013);
#348=LINE('',#10697,#1014);
#349=LINE('',#10700,#1015);
#350=LINE('',#10703,#1016);
#351=LINE('',#10707,#1017);
#352=LINE('',#10712,#1018);
#353=LINE('',#10713,#1019);
#354=LINE('',#10716,#1020);
#355=LINE('',#10721,#1021);
#356=LINE('',#10725,#1022);
#357=LINE('',#10728,#1023);
#358=LINE('',#10730,#1024);
#359=LINE('',#10731,#1025);
#360=LINE('',#10737,#1026);
#361=LINE('',#10741,#1027);
#362=LINE('',#10744,#1028);
#363=LINE('',#10746,#1029);
#364=LINE('',#10747,#1030);
#365=LINE('',#10749,#1031);
#366=LINE('',#10751,#1032);
#367=LINE('',#10753,#1033);
#368=LINE('',#10755,#1034);
#369=LINE('',#10762,#1035);
#370=LINE('',#10766,#1036);
#371=LINE('',#10769,#1037);
#372=LINE('',#10771,#1038);
#373=LINE('',#10772,#1039);
#374=LINE('',#10774,#1040);
#375=LINE('',#10776,#1041);
#376=LINE('',#10778,#1042);
#377=LINE('',#10780,#1043);
#378=LINE('',#10787,#1044);
#379=LINE('',#10791,#1045);
#380=LINE('',#10798,#1046);
#381=LINE('',#10800,#1047);
#382=LINE('',#10801,#1048);
#383=LINE('',#10803,#1049);
#384=LINE('',#10805,#1050);
#385=LINE('',#10807,#1051);
#386=LINE('',#10809,#1052);
#387=LINE('',#10811,#1053);
#388=LINE('',#10813,#1054);
#389=LINE('',#10820,#1055);
#390=LINE('',#10824,#1056);
#391=LINE('',#10827,#1057);
#392=LINE('',#10829,#1058);
#393=LINE('',#10830,#1059);
#394=LINE('',#10832,#1060);
#395=LINE('',#10834,#1061);
#396=LINE('',#10836,#1062);
#397=LINE('',#10838,#1063);
#398=LINE('',#10845,#1064);
#399=LINE('',#10849,#1065);
#400=LINE('',#10853,#1066);
#401=LINE('',#10856,#1067);
#402=LINE('',#10858,#1068);
#403=LINE('',#10859,#1069);
#404=LINE('',#10861,#1070);
#405=LINE('',#10863,#1071);
#406=LINE('',#10865,#1072);
#407=LINE('',#10867,#1073);
#408=LINE('',#10869,#1074);
#409=LINE('',#10871,#1075);
#410=LINE('',#10877,#1076);
#411=LINE('',#10880,#1077);
#412=LINE('',#10884,#1078);
#413=LINE('',#10886,#1079);
#414=LINE('',#10888,#1080);
#415=LINE('',#10890,#1081);
#416=LINE('',#10892,#1082);
#417=LINE('',#10893,#1083);
#418=LINE('',#10909,#1084);
#419=LINE('',#10925,#1085);
#420=LINE('',#10929,#1086);
#421=LINE('',#10948,#1087);
#422=LINE('',#10955,#1088);
#423=LINE('',#10962,#1089);
#424=LINE('',#10963,#1090);
#425=LINE('',#10964,#1091);
#426=LINE('',#10982,#1092);
#427=LINE('',#11004,#1093);
#428=LINE('',#11036,#1094);
#429=LINE('',#11037,#1095);
#430=LINE('',#11060,#1096);
#431=LINE('',#11068,#1097);
#432=LINE('',#11069,#1098);
#433=LINE('',#11070,#1099);
#434=LINE('',#11074,#1100);
#435=LINE('',#11075,#1101);
#436=LINE('',#11076,#1102);
#437=LINE('',#11079,#1103);
#438=LINE('',#11080,#1104);
#439=LINE('',#11083,#1105);
#440=LINE('',#11084,#1106);
#441=LINE('',#11087,#1107);
#442=LINE('',#11088,#1108);
#443=LINE('',#11091,#1109);
#444=LINE('',#11092,#1110);
#445=LINE('',#11094,#1111);
#446=LINE('',#11099,#1112);
#447=LINE('',#11100,#1113);
#448=LINE('',#11104,#1114);
#449=LINE('',#11108,#1115);
#450=LINE('',#11131,#1116);
#451=LINE('',#11139,#1117);
#452=LINE('',#11170,#1118);
#453=LINE('',#11198,#1119);
#454=LINE('',#11222,#1120);
#455=LINE('',#11239,#1121);
#456=LINE('',#11247,#1122);
#457=LINE('',#11250,#1123);
#458=LINE('',#11256,#1124);
#459=LINE('',#11260,#1125);
#460=LINE('',#11263,#1126);
#461=LINE('',#11269,#1127);
#462=LINE('',#11273,#1128);
#463=LINE('',#11276,#1129);
#464=LINE('',#11280,#1130);
#465=LINE('',#11284,#1131);
#466=LINE('',#11291,#1132);
#467=LINE('',#11295,#1133);
#468=LINE('',#11299,#1134);
#469=LINE('',#11302,#1135);
#470=LINE('',#11308,#1136);
#471=LINE('',#11311,#1137);
#472=LINE('',#11315,#1138);
#473=LINE('',#11316,#1139);
#474=LINE('',#11317,#1140);
#475=LINE('',#11321,#1141);
#476=LINE('',#11327,#1142);
#477=LINE('',#11328,#1143);
#478=LINE('',#11329,#1144);
#479=LINE('',#11332,#1145);
#480=LINE('',#11333,#1146);
#481=LINE('',#11336,#1147);
#482=LINE('',#11337,#1148);
#483=LINE('',#11340,#1149);
#484=LINE('',#11341,#1150);
#485=LINE('',#11344,#1151);
#486=LINE('',#11345,#1152);
#487=LINE('',#11347,#1153);
#488=LINE('',#11350,#1154);
#489=LINE('',#11351,#1155);
#490=LINE('',#11352,#1156);
#491=LINE('',#11355,#1157);
#492=LINE('',#11359,#1158);
#493=LINE('',#11363,#1159);
#494=LINE('',#11368,#1160);
#495=LINE('',#11369,#1161);
#496=LINE('',#11370,#1162);
#497=LINE('',#11396,#1163);
#498=LINE('',#11398,#1164);
#499=LINE('',#11400,#1165);
#500=LINE('',#11401,#1166);
#501=LINE('',#11404,#1167);
#502=LINE('',#11409,#1168);
#503=LINE('',#11413,#1169);
#504=LINE('',#11418,#1170);
#505=LINE('',#11419,#1171);
#506=LINE('',#11422,#1172);
#507=LINE('',#11423,#1173);
#508=LINE('',#11426,#1174);
#509=LINE('',#11430,#1175);
#510=LINE('',#11433,#1176);
#511=LINE('',#11436,#1177);
#512=LINE('',#11440,#1178);
#513=LINE('',#11441,#1179);
#514=LINE('',#11444,#1180);
#515=LINE('',#11448,#1181);
#516=LINE('',#11449,#1182);
#517=LINE('',#11452,#1183);
#518=LINE('',#11456,#1184);
#519=LINE('',#11457,#1185);
#520=LINE('',#11462,#1186);
#521=LINE('',#11464,#1187);
#522=LINE('',#11468,#1188);
#523=LINE('',#11469,#1189);
#524=LINE('',#11472,#1190);
#525=LINE('',#11476,#1191);
#526=LINE('',#11477,#1192);
#527=LINE('',#11480,#1193);
#528=LINE('',#11483,#1194);
#529=LINE('',#11486,#1195);
#530=LINE('',#11488,#1196);
#531=LINE('',#11489,#1197);
#532=LINE('',#11492,#1198);
#533=LINE('',#11496,#1199);
#534=LINE('',#11497,#1200);
#535=LINE('',#11500,#1201);
#536=LINE('',#11504,#1202);
#537=LINE('',#11505,#1203);
#538=LINE('',#11512,#1204);
#539=LINE('',#11514,#1205);
#540=LINE('',#11515,#1206);
#541=LINE('',#11518,#1207);
#542=LINE('',#11523,#1208);
#543=LINE('',#11524,#1209);
#544=LINE('',#11525,#1210);
#545=LINE('',#11530,#1211);
#546=LINE('',#11554,#1212);
#547=LINE('',#11580,#1213);
#548=LINE('',#11612,#1214);
#549=LINE('',#11613,#1215);
#550=LINE('',#11615,#1216);
#551=LINE('',#11617,#1217);
#552=LINE('',#11619,#1218);
#553=LINE('',#11621,#1219);
#554=LINE('',#11623,#1220);
#555=LINE('',#11625,#1221);
#556=LINE('',#11631,#1222);
#557=LINE('',#11632,#1223);
#558=LINE('',#11635,#1224);
#559=LINE('',#11636,#1225);
#560=LINE('',#11640,#1226);
#561=LINE('',#11643,#1227);
#562=LINE('',#11644,#1228);
#563=LINE('',#11649,#1229);
#564=LINE('',#11650,#1230);
#565=LINE('',#11654,#1231);
#566=LINE('',#11657,#1232);
#567=LINE('',#11659,#1233);
#568=LINE('',#11660,#1234);
#569=LINE('',#11663,#1235);
#570=LINE('',#11664,#1236);
#571=LINE('',#11671,#1237);
#572=LINE('',#11672,#1238);
#573=LINE('',#11675,#1239);
#574=LINE('',#11676,#1240);
#575=LINE('',#11679,#1241);
#576=LINE('',#11682,#1242);
#577=LINE('',#11684,#1243);
#578=LINE('',#11687,#1244);
#579=LINE('',#11688,#1245);
#580=LINE('',#11694,#1246);
#581=LINE('',#11696,#1247);
#582=LINE('',#11697,#1248);
#583=LINE('',#11700,#1249);
#584=LINE('',#11703,#1250);
#585=LINE('',#11705,#1251);
#586=LINE('',#11713,#1252);
#587=LINE('',#11714,#1253);
#588=LINE('',#11717,#1254);
#589=LINE('',#11721,#1255);
#590=LINE('',#11724,#1256);
#591=LINE('',#11731,#1257);
#592=LINE('',#11735,#1258);
#593=LINE('',#11739,#1259);
#594=LINE('',#11741,#1260);
#595=LINE('',#11745,#1261);
#596=LINE('',#11749,#1262);
#597=LINE('',#11751,#1263);
#598=LINE('',#11753,#1264);
#599=LINE('',#11757,#1265);
#600=LINE('',#11760,#1266);
#601=LINE('',#11767,#1267);
#602=LINE('',#11771,#1268);
#603=LINE('',#11775,#1269);
#604=LINE('',#11779,#1270);
#605=LINE('',#11783,#1271);
#606=LINE('',#11786,#1272);
#607=LINE('',#11882,#1273);
#608=LINE('',#12037,#1274);
#609=LINE('',#12039,#1275);
#610=LINE('',#12040,#1276);
#611=LINE('',#12043,#1277);
#612=LINE('',#12045,#1278);
#613=LINE('',#12046,#1279);
#614=LINE('',#12051,#1280);
#615=LINE('',#12055,#1281);
#616=LINE('',#12056,#1282);
#617=LINE('',#12059,#1283);
#618=LINE('',#12060,#1284);
#619=LINE('',#12063,#1285);
#620=LINE('',#12067,#1286);
#621=LINE('',#12068,#1287);
#622=LINE('',#12071,#1288);
#623=LINE('',#12072,#1289);
#624=LINE('',#12075,#1290);
#625=LINE('',#12076,#1291);
#626=LINE('',#12081,#1292);
#627=LINE('',#12085,#1293);
#628=LINE('',#12086,#1294);
#629=LINE('',#12089,#1295);
#630=LINE('',#12091,#1296);
#631=LINE('',#12093,#1297);
#632=LINE('',#12111,#1298);
#633=LINE('',#12128,#1299);
#634=LINE('',#12129,#1300);
#635=LINE('',#12132,#1301);
#636=LINE('',#12133,#1302);
#637=LINE('',#12136,#1303);
#638=LINE('',#12137,#1304);
#639=LINE('',#12140,#1305);
#640=LINE('',#12152,#1306);
#641=LINE('',#12170,#1307);
#642=LINE('',#12172,#1308);
#643=LINE('',#12174,#1309);
#644=LINE('',#12192,#1310);
#645=LINE('',#12194,#1311);
#646=LINE('',#12208,#1312);
#647=LINE('',#12209,#1313);
#648=LINE('',#12212,#1314);
#649=LINE('',#12214,#1315);
#650=LINE('',#12216,#1316);
#651=LINE('',#12217,#1317);
#652=LINE('',#12221,#1318);
#653=LINE('',#12224,#1319);
#654=LINE('',#12226,#1320);
#655=LINE('',#12230,#1321);
#656=LINE('',#12234,#1322);
#657=LINE('',#12235,#1323);
#658=LINE('',#12238,#1324);
#659=LINE('',#12240,#1325);
#660=LINE('',#12253,#1326);
#661=LINE('',#12257,#1327);
#662=LINE('',#12258,#1328);
#663=LINE('',#12259,#1329);
#664=LINE('',#12274,#1330);
#665=LINE('',#12285,#1331);
#666=LINE('',#12312,#1332);
#667=LINE('',#12314,#1333);
#668=LINE('',#12317,#1334);
#669=LINE('',#12319,#1335);
#670=LINE('',#12320,#1336);
#671=LINE('',#12344,#1337);
#672=LINE('',#12361,#1338);
#673=LINE('',#12362,#1339);
#674=LINE('',#12395,#1340);
#675=LINE('',#12397,#1341);
#676=LINE('',#12421,#1342);
#677=LINE('',#12423,#1343);
#678=LINE('',#12425,#1344);
#679=LINE('',#12426,#1345);
#680=LINE('',#12430,#1346);
#681=LINE('',#12436,#1347);
#682=LINE('',#12465,#1348);
#683=LINE('',#12466,#1349);
#684=LINE('',#12469,#1350);
#685=LINE('',#12473,#1351);
#686=LINE('',#12478,#1352);
#687=LINE('',#12484,#1353);
#688=LINE('',#12488,#1354);
#689=LINE('',#12491,#1355);
#690=LINE('',#12493,#1356);
#691=LINE('',#12495,#1357);
#692=LINE('',#12498,#1358);
#693=LINE('',#12501,#1359);
#694=LINE('',#12505,#1360);
#695=LINE('',#12513,#1361);
#696=LINE('',#12519,#1362);
#697=LINE('',#12523,#1363);
#698=LINE('',#12526,#1364);
#699=LINE('',#12529,#1365);
#700=LINE('',#12533,#1366);
#701=LINE('',#12537,#1367);
#702=LINE('',#12541,#1368);
#703=LINE('',#12547,#1369);
#704=LINE('',#12551,#1370);
#705=LINE('',#12555,#1371);
#706=LINE('',#12559,#1372);
#707=LINE('',#12560,#1373);
#708=LINE('',#12563,#1374);
#709=LINE('',#12569,#1375);
#710=LINE('',#12574,#1376);
#711=LINE('',#12578,#1377);
#712=LINE('',#12582,#1378);
#713=LINE('',#12585,#1379);
#714=LINE('',#12587,#1380);
#715=LINE('',#12588,#1381);
#716=LINE('',#12590,#1382);
#717=LINE('',#12592,#1383);
#718=LINE('',#12594,#1384);
#719=LINE('',#12596,#1385);
#720=LINE('',#12604,#1386);
#721=LINE('',#12605,#1387);
#722=LINE('',#12608,#1388);
#723=LINE('',#12612,#1389);
#724=LINE('',#12616,#1390);
#725=LINE('',#12617,#1391);
#726=LINE('',#12623,#1392);
#727=LINE('',#12627,#1393);
#728=LINE('',#12630,#1394);
#729=LINE('',#12632,#1395);
#730=LINE('',#12633,#1396);
#731=LINE('',#12635,#1397);
#732=LINE('',#12637,#1398);
#733=LINE('',#12639,#1399);
#734=LINE('',#12641,#1400);
#735=LINE('',#12648,#1401);
#736=LINE('',#12652,#1402);
#737=LINE('',#12655,#1403);
#738=LINE('',#12657,#1404);
#739=LINE('',#12658,#1405);
#740=LINE('',#12660,#1406);
#741=LINE('',#12662,#1407);
#742=LINE('',#12664,#1408);
#743=LINE('',#12666,#1409);
#744=LINE('',#12673,#1410);
#745=LINE('',#12681,#1411);
#746=LINE('',#12684,#1412);
#747=LINE('',#12686,#1413);
#748=LINE('',#12687,#1414);
#749=LINE('',#12689,#1415);
#750=LINE('',#12691,#1416);
#751=LINE('',#12693,#1417);
#752=LINE('',#12695,#1418);
#753=LINE('',#12697,#1419);
#754=LINE('',#12699,#1420);
#755=LINE('',#12706,#1421);
#756=LINE('',#12710,#1422);
#757=LINE('',#12713,#1423);
#758=LINE('',#12715,#1424);
#759=LINE('',#12716,#1425);
#760=LINE('',#12718,#1426);
#761=LINE('',#12720,#1427);
#762=LINE('',#12722,#1428);
#763=LINE('',#12724,#1429);
#764=LINE('',#12731,#1430);
#765=LINE('',#12735,#1431);
#766=LINE('',#12739,#1432);
#767=LINE('',#12742,#1433);
#768=LINE('',#12744,#1434);
#769=LINE('',#12745,#1435);
#770=LINE('',#12747,#1436);
#771=LINE('',#12749,#1437);
#772=LINE('',#12751,#1438);
#773=LINE('',#12753,#1439);
#774=LINE('',#12755,#1440);
#775=LINE('',#12757,#1441);
#776=LINE('',#12763,#1442);
#777=LINE('',#12766,#1443);
#778=LINE('',#12770,#1444);
#779=LINE('',#12772,#1445);
#780=LINE('',#12774,#1446);
#781=LINE('',#12776,#1447);
#782=LINE('',#12778,#1448);
#783=LINE('',#12779,#1449);
#784=LINE('',#12790,#1450);
#785=LINE('',#12812,#1451);
#786=LINE('',#12830,#1452);
#787=LINE('',#12832,#1453);
#788=LINE('',#12838,#1454);
#789=LINE('',#12839,#1455);
#790=LINE('',#12856,#1456);
#791=LINE('',#12889,#1457);
#792=LINE('',#12907,#1458);
#793=LINE('',#12914,#1459);
#794=LINE('',#12915,#1460);
#795=LINE('',#12919,#1461);
#796=LINE('',#12920,#1462);
#797=LINE('',#12921,#1463);
#798=LINE('',#12924,#1464);
#799=LINE('',#12925,#1465);
#800=LINE('',#12928,#1466);
#801=LINE('',#12929,#1467);
#802=LINE('',#12932,#1468);
#803=LINE('',#12933,#1469);
#804=LINE('',#12936,#1470);
#805=LINE('',#12937,#1471);
#806=LINE('',#12939,#1472);
#807=LINE('',#12943,#1473);
#808=LINE('',#12947,#1474);
#809=LINE('',#12971,#1475);
#810=LINE('',#12978,#1476);
#811=LINE('',#13000,#1477);
#812=LINE('',#13027,#1478);
#813=LINE('',#13045,#1479);
#814=LINE('',#13058,#1480);
#815=LINE('',#13062,#1481);
#816=LINE('',#13069,#1482);
#817=LINE('',#13075,#1483);
#818=LINE('',#13079,#1484);
#819=LINE('',#13082,#1485);
#820=LINE('',#13088,#1486);
#821=LINE('',#13092,#1487);
#822=LINE('',#13095,#1488);
#823=LINE('',#13099,#1489);
#824=LINE('',#13107,#1490);
#825=LINE('',#13111,#1491);
#826=LINE('',#13115,#1492);
#827=LINE('',#13118,#1493);
#828=LINE('',#13122,#1494);
#829=LINE('',#13125,#1495);
#830=LINE('',#13126,#1496);
#831=LINE('',#13129,#1497);
#832=LINE('',#13134,#1498);
#833=LINE('',#13135,#1499);
#834=LINE('',#13136,#1500);
#835=LINE('',#13139,#1501);
#836=LINE('',#13140,#1502);
#837=LINE('',#13143,#1503);
#838=LINE('',#13144,#1504);
#839=LINE('',#13147,#1505);
#840=LINE('',#13148,#1506);
#841=LINE('',#13151,#1507);
#842=LINE('',#13152,#1508);
#843=LINE('',#13154,#1509);
#844=LINE('',#13157,#1510);
#845=LINE('',#13158,#1511);
#846=LINE('',#13162,#1512);
#847=LINE('',#13165,#1513);
#848=LINE('',#13170,#1514);
#849=LINE('',#13173,#1515);
#850=LINE('',#13174,#1516);
#851=LINE('',#13196,#1517);
#852=LINE('',#13199,#1518);
#853=LINE('',#13200,#1519);
#854=LINE('',#13203,#1520);
#855=LINE('',#13208,#1521);
#856=LINE('',#13212,#1522);
#857=LINE('',#13217,#1523);
#858=LINE('',#13218,#1524);
#859=LINE('',#13221,#1525);
#860=LINE('',#13222,#1526);
#861=LINE('',#13225,#1527);
#862=LINE('',#13229,#1528);
#863=LINE('',#13231,#1529);
#864=LINE('',#13236,#1530);
#865=LINE('',#13239,#1531);
#866=LINE('',#13240,#1532);
#867=LINE('',#13244,#1533);
#868=LINE('',#13247,#1534);
#869=LINE('',#13248,#1535);
#870=LINE('',#13251,#1536);
#871=LINE('',#13255,#1537);
#872=LINE('',#13256,#1538);
#873=LINE('',#13261,#1539);
#874=LINE('',#13264,#1540);
#875=LINE('',#13267,#1541);
#876=LINE('',#13268,#1542);
#877=LINE('',#13272,#1543);
#878=LINE('',#13275,#1544);
#879=LINE('',#13276,#1545);
#880=LINE('',#13280,#1546);
#881=LINE('',#13282,#1547);
#882=LINE('',#13285,#1548);
#883=LINE('',#13287,#1549);
#884=LINE('',#13288,#1550);
#885=LINE('',#13292,#1551);
#886=LINE('',#13295,#1552);
#887=LINE('',#13296,#1553);
#888=LINE('',#13299,#1554);
#889=LINE('',#13303,#1555);
#890=LINE('',#13304,#1556);
#891=LINE('',#13311,#1557);
#892=LINE('',#13313,#1558);
#893=LINE('',#13314,#1559);
#894=LINE('',#13318,#1560);
#895=LINE('',#13321,#1561);
#896=LINE('',#13322,#1562);
#897=LINE('',#13327,#1563);
#898=LINE('',#13350,#1564);
#899=LINE('',#13371,#1565);
#900=LINE('',#13394,#1566);
#901=LINE('',#13395,#1567);
#902=LINE('',#13397,#1568);
#903=LINE('',#13399,#1569);
#904=LINE('',#13401,#1570);
#905=LINE('',#13403,#1571);
#906=LINE('',#13405,#1572);
#907=LINE('',#13407,#1573);
#908=LINE('',#13412,#1574);
#909=LINE('',#13415,#1575);
#910=LINE('',#13416,#1576);
#911=LINE('',#13420,#1577);
#912=LINE('',#13423,#1578);
#913=LINE('',#13424,#1579);
#914=LINE('',#13426,#1580);
#915=LINE('',#13428,#1581);
#916=LINE('',#13432,#1582);
#917=LINE('',#13435,#1583);
#918=LINE('',#13437,#1584);
#919=LINE('',#13438,#1585);
#920=LINE('',#13441,#1586);
#921=LINE('',#13442,#1587);
#922=LINE('',#13446,#1588);
#923=LINE('',#13448,#1589);
#924=LINE('',#13450,#1590);
#925=LINE('',#13454,#1591);
#926=LINE('',#13458,#1592);
#927=LINE('',#13459,#1593);
#928=LINE('',#13463,#1594);
#929=LINE('',#13468,#1595);
#930=LINE('',#13472,#1596);
#931=LINE('',#13474,#1597);
#932=LINE('',#13476,#1598);
#933=LINE('',#13484,#1599);
#934=LINE('',#13488,#1600);
#935=LINE('',#13493,#1601);
#936=LINE('',#13495,#1602);
#937=LINE('',#13496,#1603);
#938=LINE('',#13500,#1604);
#939=LINE('',#13513,#1605);
#940=VECTOR('',#8033,3.49999999999994);
#941=VECTOR('',#8040,3.50000000000001);
#942=VECTOR('',#8043,10.);
#943=VECTOR('',#8044,10.);
#944=VECTOR('',#8045,10.);
#945=VECTOR('',#8048,10.);
#946=VECTOR('',#8063,3.49999999999994);
#947=VECTOR('',#8066,29.5049864993185);
#948=VECTOR('',#8071,10.);
#949=VECTOR('',#8074,10.);
#950=VECTOR('',#8077,10.);
#951=VECTOR('',#8078,10.);
#952=VECTOR('',#8079,10.);
#953=VECTOR('',#8084,10.);
#954=VECTOR('',#8089,10.);
#955=VECTOR('',#8092,10.);
#956=VECTOR('',#8093,10.);
#957=VECTOR('',#8094,10.);
#958=VECTOR('',#8095,10.);
#959=VECTOR('',#8098,10.);
#960=VECTOR('',#8101,10.);
#961=VECTOR('',#8102,10.);
#962=VECTOR('',#8103,10.);
#963=VECTOR('',#8104,10.);
#964=VECTOR('',#8105,10.);
#965=VECTOR('',#8106,10.);
#966=VECTOR('',#8109,10.);
#967=VECTOR('',#8110,10.);
#968=VECTOR('',#8111,10.);
#969=VECTOR('',#8112,10.);
#970=VECTOR('',#8115,10.);
#971=VECTOR('',#8122,10.);
#972=VECTOR('',#8129,10.);
#973=VECTOR('',#8130,10.);
#974=VECTOR('',#8131,10.);
#975=VECTOR('',#8136,10.);
#976=VECTOR('',#8141,10.);
#977=VECTOR('',#8146,10.);
#978=VECTOR('',#8151,10.);
#979=VECTOR('',#8154,10.);
#980=VECTOR('',#8155,10.);
#981=VECTOR('',#8156,10.);
#982=VECTOR('',#8159,10.);
#983=VECTOR('',#8162,10.);
#984=VECTOR('',#8165,10.);
#985=VECTOR('',#8168,10.);
#986=VECTOR('',#8175,10.);
#987=VECTOR('',#8180,10.);
#988=VECTOR('',#8183,10.);
#989=VECTOR('',#8186,10.);
#990=VECTOR('',#8187,10.);
#991=VECTOR('',#8190,10.);
#992=VECTOR('',#8193,10.);
#993=VECTOR('',#8196,10.);
#994=VECTOR('',#8201,10.);
#995=VECTOR('',#8204,10.);
#996=VECTOR('',#8207,10.);
#997=VECTOR('',#8212,10.);
#998=VECTOR('',#8213,10.);
#999=VECTOR('',#8214,10.);
#1000=VECTOR('',#8217,10.);
#1001=VECTOR('',#8218,10.);
#1002=VECTOR('',#8221,10.);
#1003=VECTOR('',#8224,10.);
#1004=VECTOR('',#8227,10.);
#1005=VECTOR('',#8230,10.);
#1006=VECTOR('',#8233,10.);
#1007=VECTOR('',#8234,10.);
#1008=VECTOR('',#8235,10.);
#1009=VECTOR('',#8238,10.);
#1010=VECTOR('',#8239,10.);
#1011=VECTOR('',#8242,10.);
#1012=VECTOR('',#8243,10.);
#1013=VECTOR('',#8246,10.);
#1014=VECTOR('',#8247,10.);
#1015=VECTOR('',#8250,10.);
#1016=VECTOR('',#8255,10.);
#1017=VECTOR('',#8260,10.);
#1018=VECTOR('',#8265,10.);
#1019=VECTOR('',#8266,10.);
#1020=VECTOR('',#8269,10.);
#1021=VECTOR('',#8276,10.);
#1022=VECTOR('',#8279,10.);
#1023=VECTOR('',#8282,10.);
#1024=VECTOR('',#8283,10.);
#1025=VECTOR('',#8284,10.);
#1026=VECTOR('',#8289,10.);
#1027=VECTOR('',#8292,10.);
#1028=VECTOR('',#8295,10.);
#1029=VECTOR('',#8298,10.);
#1030=VECTOR('',#8299,10.);
#1031=VECTOR('',#8302,10.);
#1032=VECTOR('',#8305,10.);
#1033=VECTOR('',#8308,10.);
#1034=VECTOR('',#8311,10.);
#1035=VECTOR('',#8318,10.);
#1036=VECTOR('',#8321,10.);
#1037=VECTOR('',#8324,10.);
#1038=VECTOR('',#8327,10.);
#1039=VECTOR('',#8328,10.);
#1040=VECTOR('',#8331,10.);
#1041=VECTOR('',#8334,10.);
#1042=VECTOR('',#8337,10.);
#1043=VECTOR('',#8340,10.);
#1044=VECTOR('',#8347,10.);
#1045=VECTOR('',#8350,10.);
#1046=VECTOR('',#8357,10.);
#1047=VECTOR('',#8360,10.);
#1048=VECTOR('',#8361,10.);
#1049=VECTOR('',#8364,10.);
#1050=VECTOR('',#8367,10.);
#1051=VECTOR('',#8370,10.);
#1052=VECTOR('',#8373,10.);
#1053=VECTOR('',#8376,10.);
#1054=VECTOR('',#8379,10.);
#1055=VECTOR('',#8386,10.);
#1056=VECTOR('',#8389,10.);
#1057=VECTOR('',#8392,10.);
#1058=VECTOR('',#8395,10.);
#1059=VECTOR('',#8396,10.);
#1060=VECTOR('',#8399,10.);
#1061=VECTOR('',#8402,10.);
#1062=VECTOR('',#8405,10.);
#1063=VECTOR('',#8408,10.);
#1064=VECTOR('',#8415,10.);
#1065=VECTOR('',#8418,10.);
#1066=VECTOR('',#8421,10.);
#1067=VECTOR('',#8424,10.);
#1068=VECTOR('',#8427,10.);
#1069=VECTOR('',#8428,10.);
#1070=VECTOR('',#8431,10.);
#1071=VECTOR('',#8434,10.);
#1072=VECTOR('',#8437,10.);
#1073=VECTOR('',#8440,10.);
#1074=VECTOR('',#8443,10.);
#1075=VECTOR('',#8446,10.);
#1076=VECTOR('',#8453,4.49999999999989);
#1077=VECTOR('',#8458,4.74999999999985);
#1078=VECTOR('',#8461,10.);
#1079=VECTOR('',#8462,10.);
#1080=VECTOR('',#8463,10.);
#1081=VECTOR('',#8464,10.);
#1082=VECTOR('',#8465,10.);
#1083=VECTOR('',#8466,10.);
#1084=VECTOR('',#8471,10.);
#1085=VECTOR('',#8472,10.);
#1086=VECTOR('',#8477,3.99999999999999);
#1087=VECTOR('',#8478,10.);
#1088=VECTOR('',#8479,10.);
#1089=VECTOR('',#8482,10.);
#1090=VECTOR('',#8483,10.);
#1091=VECTOR('',#8484,10.);
#1092=VECTOR('',#8485,10.);
#1093=VECTOR('',#8486,10.);
#1094=VECTOR('',#8487,10.);
#1095=VECTOR('',#8488,10.);
#1096=VECTOR('',#8489,10.);
#1097=VECTOR('',#8492,10.);
#1098=VECTOR('',#8493,10.);
#1099=VECTOR('',#8494,10.);
#1100=VECTOR('',#8497,10.);
#1101=VECTOR('',#8498,10.);
#1102=VECTOR('',#8499,10.);
#1103=VECTOR('',#8502,10.);
#1104=VECTOR('',#8503,10.);
#1105=VECTOR('',#8506,10.);
#1106=VECTOR('',#8507,10.);
#1107=VECTOR('',#8510,10.);
#1108=VECTOR('',#8511,10.);
#1109=VECTOR('',#8514,10.);
#1110=VECTOR('',#8515,10.);
#1111=VECTOR('',#8518,10.);
#1112=VECTOR('',#8523,10.);
#1113=VECTOR('',#8524,10.);
#1114=VECTOR('',#8529,10.);
#1115=VECTOR('',#8534,10.);
#1116=VECTOR('',#8535,10.);
#1117=VECTOR('',#8536,10.);
#1118=VECTOR('',#8539,10.);
#1119=VECTOR('',#8540,10.);
#1120=VECTOR('',#8541,10.);
#1121=VECTOR('',#8550,10.);
#1122=VECTOR('',#8557,10.);
#1123=VECTOR('',#8560,10.);
#1124=VECTOR('',#8565,10.);
#1125=VECTOR('',#8568,10.);
#1126=VECTOR('',#8571,10.);
#1127=VECTOR('',#8576,10.);
#1128=VECTOR('',#8579,10.);
#1129=VECTOR('',#8582,10.);
#1130=VECTOR('',#8585,10.);
#1131=VECTOR('',#8588,10.);
#1132=VECTOR('',#8595,10.);
#1133=VECTOR('',#8598,10.);
#1134=VECTOR('',#8601,10.);
#1135=VECTOR('',#8604,10.);
#1136=VECTOR('',#8609,10.);
#1137=VECTOR('',#8612,10.);
#1138=VECTOR('',#8615,10.);
#1139=VECTOR('',#8616,10.);
#1140=VECTOR('',#8617,10.);
#1141=VECTOR('',#8620,10.);
#1142=VECTOR('',#8627,10.);
#1143=VECTOR('',#8628,10.);
#1144=VECTOR('',#8629,10.);
#1145=VECTOR('',#8632,10.);
#1146=VECTOR('',#8633,10.);
#1147=VECTOR('',#8636,10.);
#1148=VECTOR('',#8637,10.);
#1149=VECTOR('',#8640,10.);
#1150=VECTOR('',#8641,10.);
#1151=VECTOR('',#8644,10.);
#1152=VECTOR('',#8645,10.);
#1153=VECTOR('',#8648,10.);
#1154=VECTOR('',#8651,10.);
#1155=VECTOR('',#8652,10.);
#1156=VECTOR('',#8653,10.);
#1157=VECTOR('',#8656,10.);
#1158=VECTOR('',#8661,10.);
#1159=VECTOR('',#8666,10.);
#1160=VECTOR('',#8671,10.);
#1161=VECTOR('',#8672,10.);
#1162=VECTOR('',#8673,10.);
#1163=VECTOR('',#8676,10.);
#1164=VECTOR('',#8679,10.);
#1165=VECTOR('',#8680,10.);
#1166=VECTOR('',#8681,10.);
#1167=VECTOR('',#8684,10.);
#1168=VECTOR('',#8689,10.);
#1169=VECTOR('',#8692,10.);
#1170=VECTOR('',#8699,10.);
#1171=VECTOR('',#8700,10.);
#1172=VECTOR('',#8703,10.);
#1173=VECTOR('',#8704,10.);
#1174=VECTOR('',#8707,6.75000000000001);
#1175=VECTOR('',#8712,10.);
#1176=VECTOR('',#8715,10.);
#1177=VECTOR('',#8718,10.);
#1178=VECTOR('',#8723,10.);
#1179=VECTOR('',#8724,10.);
#1180=VECTOR('',#8727,10.);
#1181=VECTOR('',#8732,10.);
#1182=VECTOR('',#8733,10.);
#1183=VECTOR('',#8736,10.);
#1184=VECTOR('',#8741,10.);
#1185=VECTOR('',#8742,10.);
#1186=VECTOR('',#8749,10.);
#1187=VECTOR('',#8750,10.);
#1188=VECTOR('',#8755,10.);
#1189=VECTOR('',#8756,10.);
#1190=VECTOR('',#8759,10.);
#1191=VECTOR('',#8764,10.);
#1192=VECTOR('',#8765,10.);
#1193=VECTOR('',#8768,10.);
#1194=VECTOR('',#8773,10.);
#1195=VECTOR('',#8776,10.);
#1196=VECTOR('',#8777,10.);
#1197=VECTOR('',#8778,10.);
#1198=VECTOR('',#8781,10.);
#1199=VECTOR('',#8786,10.);
#1200=VECTOR('',#8787,10.);
#1201=VECTOR('',#8790,10.);
#1202=VECTOR('',#8795,10.);
#1203=VECTOR('',#8796,10.);
#1204=VECTOR('',#8805,10.);
#1205=VECTOR('',#8806,10.);
#1206=VECTOR('',#8807,10.);
#1207=VECTOR('',#8810,10.);
#1208=VECTOR('',#8815,10.);
#1209=VECTOR('',#8816,10.);
#1210=VECTOR('',#8817,10.);
#1211=VECTOR('',#8822,10.);
#1212=VECTOR('',#8825,10.);
#1213=VECTOR('',#8826,10.);
#1214=VECTOR('',#8829,10.);
#1215=VECTOR('',#8830,10.);
#1216=VECTOR('',#8833,10.);
#1217=VECTOR('',#8836,10.);
#1218=VECTOR('',#8839,10.);
#1219=VECTOR('',#8842,10.);
#1220=VECTOR('',#8845,10.);
#1221=VECTOR('',#8848,10.);
#1222=VECTOR('',#8855,10.);
#1223=VECTOR('',#8856,10.);
#1224=VECTOR('',#8859,10.);
#1225=VECTOR('',#8860,10.);
#1226=VECTOR('',#8865,10.);
#1227=VECTOR('',#8868,10.);
#1228=VECTOR('',#8869,10.);
#1229=VECTOR('',#8874,10.);
#1230=VECTOR('',#8875,10.);
#1231=VECTOR('',#8880,10.);
#1232=VECTOR('',#8883,10.);
#1233=VECTOR('',#8884,10.);
#1234=VECTOR('',#8885,10.);
#1235=VECTOR('',#8888,10.);
#1236=VECTOR('',#8889,10.);
#1237=VECTOR('',#8898,10.);
#1238=VECTOR('',#8899,10.);
#1239=VECTOR('',#8902,10.);
#1240=VECTOR('',#8903,10.);
#1241=VECTOR('',#8906,10.);
#1242=VECTOR('',#8911,10.);
#1243=VECTOR('',#8914,10.);
#1244=VECTOR('',#8917,10.);
#1245=VECTOR('',#8918,10.);
#1246=VECTOR('',#8925,10.);
#1247=VECTOR('',#8926,10.);
#1248=VECTOR('',#8927,10.);
#1249=VECTOR('',#8932,10.);
#1250=VECTOR('',#8935,10.);
#1251=VECTOR('',#8936,10.);
#1252=VECTOR('',#8945,10.);
#1253=VECTOR('',#8946,10.);
#1254=VECTOR('',#8949,10.);
#1255=VECTOR('',#8954,10.);
#1256=VECTOR('',#8959,10.);
#1257=VECTOR('',#8968,7.00000000000036);
#1258=VECTOR('',#8973,3.99999999999999);
#1259=VECTOR('',#8978,10.);
#1260=VECTOR('',#8979,10.);
#1261=VECTOR('',#8982,10.);
#1262=VECTOR('',#8985,10.);
#1263=VECTOR('',#8986,10.);
#1264=VECTOR('',#8987,10.);
#1265=VECTOR('',#8990,10.);
#1266=VECTOR('',#8993,10.);
#1267=VECTOR('',#9000,3.75000000000001);
#1268=VECTOR('',#9005,3.50000000000001);
#1269=VECTOR('',#9010,3.75000000000001);
#1270=VECTOR('',#9015,3.50000000000001);
#1271=VECTOR('',#9020,3.50000000000001);
#1272=VECTOR('',#9023,3.50000000000002);
#1273=VECTOR('',#9024,29.5049864993185);
#1274=VECTOR('',#9029,10.);
#1275=VECTOR('',#9030,10.);
#1276=VECTOR('',#9031,10.);
#1277=VECTOR('',#9034,10.);
#1278=VECTOR('',#9035,10.);
#1279=VECTOR('',#9036,10.);
#1280=VECTOR('',#9041,10.);
#1281=VECTOR('',#9046,10.);
#1282=VECTOR('',#9047,10.);
#1283=VECTOR('',#9050,10.);
#1284=VECTOR('',#9051,10.);
#1285=VECTOR('',#9054,10.);
#1286=VECTOR('',#9059,10.);
#1287=VECTOR('',#9060,10.);
#1288=VECTOR('',#9063,10.);
#1289=VECTOR('',#9064,10.);
#1290=VECTOR('',#9067,10.);
#1291=VECTOR('',#9068,10.);
#1292=VECTOR('',#9073,10.);
#1293=VECTOR('',#9076,10.);
#1294=VECTOR('',#9077,10.);
#1295=VECTOR('',#9080,10.);
#1296=VECTOR('',#9081,10.);
#1297=VECTOR('',#9082,10.);
#1298=VECTOR('',#9083,10.);
#1299=VECTOR('',#9086,10.);
#1300=VECTOR('',#9087,10.);
#1301=VECTOR('',#9090,10.);
#1302=VECTOR('',#9091,10.);
#1303=VECTOR('',#9094,10.);
#1304=VECTOR('',#9095,10.);
#1305=VECTOR('',#9098,10.);
#1306=VECTOR('',#9099,10.);
#1307=VECTOR('',#9100,10.);
#1308=VECTOR('',#9101,10.);
#1309=VECTOR('',#9102,10.);
#1310=VECTOR('',#9103,10.);
#1311=VECTOR('',#9104,10.);
#1312=VECTOR('',#9109,10.);
#1313=VECTOR('',#9110,10.);
#1314=VECTOR('',#9113,10.);
#1315=VECTOR('',#9114,10.);
#1316=VECTOR('',#9115,10.);
#1317=VECTOR('',#9116,10.);
#1318=VECTOR('',#9119,10.);
#1319=VECTOR('',#9124,10.);
#1320=VECTOR('',#9127,10.);
#1321=VECTOR('',#9132,10.);
#1322=VECTOR('',#9137,10.);
#1323=VECTOR('',#9138,10.);
#1324=VECTOR('',#9141,10.);
#1325=VECTOR('',#9142,10.);
#1326=VECTOR('',#9147,10.);
#1327=VECTOR('',#9150,10.);
#1328=VECTOR('',#9151,10.);
#1329=VECTOR('',#9152,10.);
#1330=VECTOR('',#9159,10.);
#1331=VECTOR('',#9160,10.);
#1332=VECTOR('',#9161,10.);
#1333=VECTOR('',#9162,10.);
#1334=VECTOR('',#9165,10.);
#1335=VECTOR('',#9168,10.);
#1336=VECTOR('',#9169,10.);
#1337=VECTOR('',#9170,10.);
#1338=VECTOR('',#9171,10.);
#1339=VECTOR('',#9172,10.);
#1340=VECTOR('',#9173,10.);
#1341=VECTOR('',#9174,10.);
#1342=VECTOR('',#9177,10.);
#1343=VECTOR('',#9178,10.);
#1344=VECTOR('',#9179,10.);
#1345=VECTOR('',#9180,10.);
#1346=VECTOR('',#9183,10.);
#1347=VECTOR('',#9190,10.);
#1348=VECTOR('',#9197,10.);
#1349=VECTOR('',#9198,10.);
#1350=VECTOR('',#9201,10.);
#1351=VECTOR('',#9206,10.);
#1352=VECTOR('',#9213,10.);
#1353=VECTOR('',#9220,10.);
#1354=VECTOR('',#9223,10.);
#1355=VECTOR('',#9226,10.);
#1356=VECTOR('',#9227,10.);
#1357=VECTOR('',#9228,10.);
#1358=VECTOR('',#9231,10.);
#1359=VECTOR('',#9232,10.);
#1360=VECTOR('',#9235,10.);
#1361=VECTOR('',#9242,10.);
#1362=VECTOR('',#9247,10.);
#1363=VECTOR('',#9250,10.);
#1364=VECTOR('',#9253,10.);
#1365=VECTOR('',#9254,10.);
#1366=VECTOR('',#9257,10.);
#1367=VECTOR('',#9260,10.);
#1368=VECTOR('',#9263,10.);
#1369=VECTOR('',#9268,10.);
#1370=VECTOR('',#9271,10.);
#1371=VECTOR('',#9274,10.);
#1372=VECTOR('',#9279,10.);
#1373=VECTOR('',#9280,10.);
#1374=VECTOR('',#9283,10.);
#1375=VECTOR('',#9284,10.);
#1376=VECTOR('',#9287,10.);
#1377=VECTOR('',#9290,10.);
#1378=VECTOR('',#9293,10.);
#1379=VECTOR('',#9296,10.);
#1380=VECTOR('',#9299,10.);
#1381=VECTOR('',#9300,10.);
#1382=VECTOR('',#9303,10.);
#1383=VECTOR('',#9306,10.);
#1384=VECTOR('',#9309,10.);
#1385=VECTOR('',#9312,10.);
#1386=VECTOR('',#9323,10.);
#1387=VECTOR('',#9324,10.);
#1388=VECTOR('',#9327,10.);
#1389=VECTOR('',#9332,10.);
#1390=VECTOR('',#9337,10.);
#1391=VECTOR('',#9338,10.);
#1392=VECTOR('',#9343,10.);
#1393=VECTOR('',#9346,10.);
#1394=VECTOR('',#9349,10.);
#1395=VECTOR('',#9352,10.);
#1396=VECTOR('',#9353,10.);
#1397=VECTOR('',#9356,10.);
#1398=VECTOR('',#9359,10.);
#1399=VECTOR('',#9362,10.);
#1400=VECTOR('',#9365,10.);
#1401=VECTOR('',#9372,10.);
#1402=VECTOR('',#9375,10.);
#1403=VECTOR('',#9378,10.);
#1404=VECTOR('',#9381,10.);
#1405=VECTOR('',#9382,10.);
#1406=VECTOR('',#9385,10.);
#1407=VECTOR('',#9388,10.);
#1408=VECTOR('',#9391,10.);
#1409=VECTOR('',#9394,10.);
#1410=VECTOR('',#9401,10.);
#1411=VECTOR('',#9408,10.);
#1412=VECTOR('',#9411,10.);
#1413=VECTOR('',#9414,10.);
#1414=VECTOR('',#9415,10.);
#1415=VECTOR('',#9418,10.);
#1416=VECTOR('',#9421,10.);
#1417=VECTOR('',#9424,10.);
#1418=VECTOR('',#9427,10.);
#1419=VECTOR('',#9430,10.);
#1420=VECTOR('',#9433,10.);
#1421=VECTOR('',#9440,10.);
#1422=VECTOR('',#9443,10.);
#1423=VECTOR('',#9446,10.);
#1424=VECTOR('',#9449,10.);
#1425=VECTOR('',#9450,10.);
#1426=VECTOR('',#9453,10.);
#1427=VECTOR('',#9456,10.);
#1428=VECTOR('',#9459,10.);
#1429=VECTOR('',#9462,10.);
#1430=VECTOR('',#9469,10.);
#1431=VECTOR('',#9472,10.);
#1432=VECTOR('',#9475,10.);
#1433=VECTOR('',#9478,10.);
#1434=VECTOR('',#9481,10.);
#1435=VECTOR('',#9482,10.);
#1436=VECTOR('',#9485,10.);
#1437=VECTOR('',#9488,10.);
#1438=VECTOR('',#9491,10.);
#1439=VECTOR('',#9494,10.);
#1440=VECTOR('',#9497,10.);
#1441=VECTOR('',#9500,10.);
#1442=VECTOR('',#9507,4.49999999999989);
#1443=VECTOR('',#9512,4.74999999999985);
#1444=VECTOR('',#9515,10.);
#1445=VECTOR('',#9516,10.);
#1446=VECTOR('',#9517,10.);
#1447=VECTOR('',#9518,10.);
#1448=VECTOR('',#9519,10.);
#1449=VECTOR('',#9520,10.);
#1450=VECTOR('',#9525,10.);
#1451=VECTOR('',#9530,3.99999999999999);
#1452=VECTOR('',#9531,10.);
#1453=VECTOR('',#9532,10.);
#1454=VECTOR('',#9535,10.);
#1455=VECTOR('',#9536,10.);
#1456=VECTOR('',#9537,10.);
#1457=VECTOR('',#9538,10.);
#1458=VECTOR('',#9539,10.);
#1459=VECTOR('',#9542,10.);
#1460=VECTOR('',#9543,10.);
#1461=VECTOR('',#9546,10.);
#1462=VECTOR('',#9547,10.);
#1463=VECTOR('',#9548,10.);
#1464=VECTOR('',#9551,10.);
#1465=VECTOR('',#9552,10.);
#1466=VECTOR('',#9555,10.);
#1467=VECTOR('',#9556,10.);
#1468=VECTOR('',#9559,10.);
#1469=VECTOR('',#9560,10.);
#1470=VECTOR('',#9563,10.);
#1471=VECTOR('',#9564,10.);
#1472=VECTOR('',#9567,10.);
#1473=VECTOR('',#9572,10.);
#1474=VECTOR('',#9577,10.);
#1475=VECTOR('',#9582,10.);
#1476=VECTOR('',#9583,10.);
#1477=VECTOR('',#9586,10.);
#1478=VECTOR('',#9587,10.);
#1479=VECTOR('',#9588,10.);
#1480=VECTOR('',#9597,10.);
#1481=VECTOR('',#9600,10.);
#1482=VECTOR('',#9607,10.);
#1483=VECTOR('',#9612,10.);
#1484=VECTOR('',#9615,10.);
#1485=VECTOR('',#9618,10.);
#1486=VECTOR('',#9623,10.);
#1487=VECTOR('',#9626,10.);
#1488=VECTOR('',#9629,10.);
#1489=VECTOR('',#9632,10.);
#1490=VECTOR('',#9641,10.);
#1491=VECTOR('',#9644,10.);
#1492=VECTOR('',#9647,10.);
#1493=VECTOR('',#9650,10.);
#1494=VECTOR('',#9655,10.);
#1495=VECTOR('',#9658,10.);
#1496=VECTOR('',#9659,10.);
#1497=VECTOR('',#9662,10.);
#1498=VECTOR('',#9667,10.);
#1499=VECTOR('',#9668,10.);
#1500=VECTOR('',#9669,10.);
#1501=VECTOR('',#9672,10.);
#1502=VECTOR('',#9673,10.);
#1503=VECTOR('',#9676,10.);
#1504=VECTOR('',#9677,10.);
#1505=VECTOR('',#9680,10.);
#1506=VECTOR('',#9681,10.);
#1507=VECTOR('',#9684,10.);
#1508=VECTOR('',#9685,10.);
#1509=VECTOR('',#9688,10.);
#1510=VECTOR('',#9691,10.);
#1511=VECTOR('',#9692,10.);
#1512=VECTOR('',#9697,10.);
#1513=VECTOR('',#9700,10.);
#1514=VECTOR('',#9707,10.);
#1515=VECTOR('',#9710,10.);
#1516=VECTOR('',#9711,10.);
#1517=VECTOR('',#9714,10.);
#1518=VECTOR('',#9717,10.);
#1519=VECTOR('',#9718,10.);
#1520=VECTOR('',#9721,10.);
#1521=VECTOR('',#9726,10.);
#1522=VECTOR('',#9729,10.);
#1523=VECTOR('',#9736,10.);
#1524=VECTOR('',#9737,10.);
#1525=VECTOR('',#9740,10.);
#1526=VECTOR('',#9741,10.);
#1527=VECTOR('',#9744,6.75000000000001);
#1528=VECTOR('',#9749,10.);
#1529=VECTOR('',#9750,10.);
#1530=VECTOR('',#9757,10.);
#1531=VECTOR('',#9760,10.);
#1532=VECTOR('',#9761,10.);
#1533=VECTOR('',#9766,10.);
#1534=VECTOR('',#9769,10.);
#1535=VECTOR('',#9770,10.);
#1536=VECTOR('',#9773,10.);
#1537=VECTOR('',#9778,10.);
#1538=VECTOR('',#9779,10.);
#1539=VECTOR('',#9786,10.);
#1540=VECTOR('',#9789,10.);
#1541=VECTOR('',#9792,10.);
#1542=VECTOR('',#9793,10.);
#1543=VECTOR('',#9798,10.);
#1544=VECTOR('',#9801,10.);
#1545=VECTOR('',#9802,10.);
#1546=VECTOR('',#9807,10.);
#1547=VECTOR('',#9810,10.);
#1548=VECTOR('',#9813,10.);
#1549=VECTOR('',#9814,10.);
#1550=VECTOR('',#9815,10.);
#1551=VECTOR('',#9820,10.);
#1552=VECTOR('',#9823,10.);
#1553=VECTOR('',#9824,10.);
#1554=VECTOR('',#9827,10.);
#1555=VECTOR('',#9832,10.);
#1556=VECTOR('',#9833,10.);
#1557=VECTOR('',#9842,10.);
#1558=VECTOR('',#9843,10.);
#1559=VECTOR('',#9844,10.);
#1560=VECTOR('',#9849,10.);
#1561=VECTOR('',#9852,10.);
#1562=VECTOR('',#9853,10.);
#1563=VECTOR('',#9858,10.);
#1564=VECTOR('',#9861,10.);
#1565=VECTOR('',#9862,10.);
#1566=VECTOR('',#9865,10.);
#1567=VECTOR('',#9866,10.);
#1568=VECTOR('',#9869,10.);
#1569=VECTOR('',#9872,10.);
#1570=VECTOR('',#9875,10.);
#1571=VECTOR('',#9878,10.);
#1572=VECTOR('',#9881,10.);
#1573=VECTOR('',#9884,10.);
#1574=VECTOR('',#9891,10.);
#1575=VECTOR('',#9894,10.);
#1576=VECTOR('',#9895,10.);
#1577=VECTOR('',#9900,10.);
#1578=VECTOR('',#9903,10.);
#1579=VECTOR('',#9904,10.);
#1580=VECTOR('',#9907,10.);
#1581=VECTOR('',#9908,10.);
#1582=VECTOR('',#9913,10.);
#1583=VECTOR('',#9918,10.);
#1584=VECTOR('',#9919,10.);
#1585=VECTOR('',#9920,10.);
#1586=VECTOR('',#9923,10.);
#1587=VECTOR('',#9924,10.);
#1588=VECTOR('',#9931,10.);
#1589=VECTOR('',#9934,10.);
#1590=VECTOR('',#9937,10.);
#1591=VECTOR('',#9944,10.);
#1592=VECTOR('',#9949,10.);
#1593=VECTOR('',#9950,10.);
#1594=VECTOR('',#9955,10.);
#1595=VECTOR('',#9960,10.);
#1596=VECTOR('',#9965,10.);
#1597=VECTOR('',#9968,10.);
#1598=VECTOR('',#9971,10.);
#1599=VECTOR('',#9982,7.00000000000036);
#1600=VECTOR('',#9987,3.99999999999999);
#1601=VECTOR('',#9992,10.);
#1602=VECTOR('',#9993,10.);
#1603=VECTOR('',#9994,10.);
#1604=VECTOR('',#9997,10.);
#1605=VECTOR('',#10012,3.50000000000001);
#1606=CONICAL_SURFACE('',#7367,3.49999999999994,0.78539816339742);
#1607=CONICAL_SURFACE('',#7370,3.50000000000001,0.78539816339742);
#1608=CONICAL_SURFACE('',#7376,4.00000000000001,0.785398163397444);
#1609=CONICAL_SURFACE('',#7379,3.49999999999994,0.78539816339742);
#1610=CONICAL_SURFACE('',#7381,2.25000000000003,0.785398163397479);
#1611=CONICAL_SURFACE('',#7385,2.25000000000001,0.785398163397444);
#1612=CONICAL_SURFACE('',#7390,13.,0.785398163397422);
#1613=CONICAL_SURFACE('',#7393,12.9999999999999,0.78539816339733);
#1614=CONICAL_SURFACE('',#7396,10.7999999999991,0.785398163397446);
#1615=CONICAL_SURFACE('',#7404,13.,0.785398163397472);
#1616=CONICAL_SURFACE('',#7438,3.99999999999957,0.785398163397496);
#1617=CONICAL_SURFACE('',#7443,13.,0.785398163397431);
#1618=CONICAL_SURFACE('',#7445,10.7999999999991,0.785398163397447);
#1619=CONICAL_SURFACE('',#7447,13.,0.785398163397435);
#1620=CONICAL_SURFACE('',#7456,3.25000000000001,0.785398163397444);
#1621=CONICAL_SURFACE('',#7458,3.25000000000001,0.785398163397442);
#1622=CONICAL_SURFACE('',#7460,3.25000000000001,0.785398163397442);
#1623=CONICAL_SURFACE('',#7466,3.24999999999999,0.785398163397458);
#1624=CONICAL_SURFACE('',#7468,3.25000000000001,0.785398163397442);
#1625=CONICAL_SURFACE('',#7470,3.25,0.785398163397451);
#1626=CONICAL_SURFACE('',#7478,3.24999999999992,0.78539816339748);
#1627=CONICAL_SURFACE('',#7479,12.476,0.785398163397438);
#1628=CONICAL_SURFACE('',#7480,3.25,0.785398163397447);
#1629=CONICAL_SURFACE('',#7482,3.25000000000001,0.785398163397444);
#1630=CONICAL_SURFACE('',#7484,3.25,0.785398163397448);
#1631=CONICAL_SURFACE('',#7490,3.25,0.785398163397451);
#1632=CONICAL_SURFACE('',#7492,3.25000000000001,0.785398163397442);
#1633=CONICAL_SURFACE('',#7494,3.24999999999999,0.785398163397456);
#1634=CONICAL_SURFACE('',#7501,3.24999999999998,0.785398163397459);
#1635=CONICAL_SURFACE('',#7503,3.25,0.78539816339745);
#1636=CONICAL_SURFACE('',#7505,1.25,0.78539816339745);
#1637=CONICAL_SURFACE('',#7507,1.24999999999999,0.785398163397455);
#1638=CONICAL_SURFACE('',#7511,4.74999999999988,0.785398163397456);
#1639=CONICAL_SURFACE('',#7556,8.745,0.78539816339747);
#1640=CONICAL_SURFACE('',#7560,8.74500000000001,0.785398163397608);
#1641=CONICAL_SURFACE('',#7570,3.24500000000001,0.785398163397453);
#1642=CONICAL_SURFACE('',#7572,11.3851147448429,0.78539816339745);
#1643=CONICAL_SURFACE('',#7574,3.245,0.785398163397446);
#1644=CONICAL_SURFACE('',#7579,12.6301147448429,0.785398163405386);
#1645=CONICAL_SURFACE('',#7587,6.75000000000001,0.785398163397457);
#1646=CONICAL_SURFACE('',#7589,12.8801147448429,0.785398163397447);
#1647=CONICAL_SURFACE('',#7591,2.74999999999999,0.785398163397438);
#1648=CONICAL_SURFACE('',#7594,2.75,0.785398163397447);
#1649=CONICAL_SURFACE('',#7597,2.74999999999999,0.78539816339744);
#1650=CONICAL_SURFACE('',#7600,2.75000000000001,0.785398163397454);
#1651=CONICAL_SURFACE('',#7602,2.75000000000001,0.785398163397452);
#1652=CONICAL_SURFACE('',#7605,2.75,0.785398163397446);
#1653=CONICAL_SURFACE('',#7608,2.75000000000001,0.785398163397457);
#1654=CONICAL_SURFACE('',#7612,2.75000000000001,0.785398163397453);
#1655=CONICAL_SURFACE('',#7615,2.75000000000001,0.785398163397454);
#1656=CONICAL_SURFACE('',#7618,2.75,0.78539816339745);
#1657=CONICAL_SURFACE('',#7622,12.6301147448429,0.785398163395705);
#1658=CONICAL_SURFACE('',#7629,2.75000000000002,0.785398163397052);
#1659=CONICAL_SURFACE('',#7631,2.74999999999997,0.785398163397394);
#1660=CONICAL_SURFACE('',#7633,2.74999999999997,0.785398163397333);
#1661=CONICAL_SURFACE('',#7635,2.75000000000001,0.785398163396953);
#1662=CONICAL_SURFACE('',#7650,9.,0.785398163397452);
#1663=CONICAL_SURFACE('',#7653,8.99999999999999,0.785398163397663);
#1664=CONICAL_SURFACE('',#7658,8.99999999999999,0.785398163397718);
#1665=CONICAL_SURFACE('',#7668,12.5,0.785398163397619);
#1666=CONICAL_SURFACE('',#7670,18.5,0.785398163397241);
#1667=CONICAL_SURFACE('',#7676,7.,0.785398163397646);
#1668=CONICAL_SURFACE('',#7687,3.75000000000001,0.785398163397573);
#1669=CONICAL_SURFACE('',#7691,3.75000000000001,0.785398163397715);
#1670=CONICAL_SURFACE('',#7695,3.50000000000001,0.785398163397453);
#1671=CONICAL_SURFACE('',#7696,3.50000000000001,0.785398163397453);
#1672=CONICAL_SURFACE('',#7723,2.25000000000003,0.785398163397479);
#1673=CONICAL_SURFACE('',#7725,2.25000000000001,0.785398163397444);
#1674=CONICAL_SURFACE('',#7737,13.,0.785398163397422);
#1675=CONICAL_SURFACE('',#7739,12.9999999999999,0.78539816339733);
#1676=CONICAL_SURFACE('',#7742,10.7999999999991,0.785398163397446);
#1677=CONICAL_SURFACE('',#7750,13.,0.785398163397472);
#1678=CONICAL_SURFACE('',#7784,3.99999999999957,0.785398163397496);
#1679=CONICAL_SURFACE('',#7788,13.,0.785398163397431);
#1680=CONICAL_SURFACE('',#7790,10.7999999999991,0.785398163397447);
#1681=CONICAL_SURFACE('',#7792,13.,0.785398163397435);
#1682=CONICAL_SURFACE('',#7800,3.25000000000001,0.785398163397444);
#1683=CONICAL_SURFACE('',#7802,3.25000000000001,0.785398163397442);
#1684=CONICAL_SURFACE('',#7804,3.25000000000001,0.785398163397442);
#1685=CONICAL_SURFACE('',#7810,3.24999999999999,0.785398163397458);
#1686=CONICAL_SURFACE('',#7812,3.25000000000001,0.785398163397442);
#1687=CONICAL_SURFACE('',#7814,3.25,0.785398163397451);
#1688=CONICAL_SURFACE('',#7822,3.24999999999992,0.78539816339748);
#1689=CONICAL_SURFACE('',#7823,12.476,0.785398163397438);
#1690=CONICAL_SURFACE('',#7824,3.25,0.785398163397447);
#1691=CONICAL_SURFACE('',#7826,3.25000000000001,0.785398163397444);
#1692=CONICAL_SURFACE('',#7828,3.25,0.785398163397448);
#1693=CONICAL_SURFACE('',#7834,3.25,0.785398163397451);
#1694=CONICAL_SURFACE('',#7836,3.25000000000001,0.785398163397442);
#1695=CONICAL_SURFACE('',#7838,3.24999999999999,0.785398163397456);
#1696=CONICAL_SURFACE('',#7845,3.24999999999998,0.785398163397459);
#1697=CONICAL_SURFACE('',#7847,3.25,0.78539816339745);
#1698=CONICAL_SURFACE('',#7849,1.25,0.78539816339745);
#1699=CONICAL_SURFACE('',#7851,1.24999999999999,0.785398163397455);
#1700=CONICAL_SURFACE('',#7855,4.74999999999988,0.785398163397456);
#1701=CONICAL_SURFACE('',#7900,8.74499999999999,0.78539816339747);
#1702=CONICAL_SURFACE('',#7903,8.74500000000002,0.785398163397608);
#1703=CONICAL_SURFACE('',#7912,3.24500000000001,0.785398163397453);
#1704=CONICAL_SURFACE('',#7914,11.3851147448429,0.78539816339745);
#1705=CONICAL_SURFACE('',#7916,3.245,0.785398163397446);
#1706=CONICAL_SURFACE('',#7921,12.6301147448429,0.785398163405386);
#1707=CONICAL_SURFACE('',#7929,6.75000000000001,0.785398163397457);
#1708=CONICAL_SURFACE('',#7931,12.8801147448429,0.785398163397447);
#1709=CONICAL_SURFACE('',#7933,2.74999999999999,0.785398163397438);
#1710=CONICAL_SURFACE('',#7936,2.75,0.785398163397447);
#1711=CONICAL_SURFACE('',#7939,2.74999999999999,0.78539816339744);
#1712=CONICAL_SURFACE('',#7942,2.75000000000001,0.785398163397454);
#1713=CONICAL_SURFACE('',#7944,2.75000000000001,0.785398163397452);
#1714=CONICAL_SURFACE('',#7947,2.75,0.785398163397446);
#1715=CONICAL_SURFACE('',#7950,2.75000000000001,0.785398163397457);
#1716=CONICAL_SURFACE('',#7954,2.75000000000001,0.785398163397453);
#1717=CONICAL_SURFACE('',#7957,2.75000000000001,0.785398163397454);
#1718=CONICAL_SURFACE('',#7960,2.75,0.78539816339745);
#1719=CONICAL_SURFACE('',#7964,12.6301147448429,0.785398163395705);
#1720=CONICAL_SURFACE('',#7971,2.75000000000002,0.785398163397052);
#1721=CONICAL_SURFACE('',#7973,2.74999999999997,0.785398163397394);
#1722=CONICAL_SURFACE('',#7975,2.74999999999997,0.785398163397333);
#1723=CONICAL_SURFACE('',#7977,2.75000000000001,0.785398163396953);
#1724=CONICAL_SURFACE('',#7992,8.99999999999999,0.785398163397452);
#1725=CONICAL_SURFACE('',#7994,9.,0.785398163397663);
#1726=CONICAL_SURFACE('',#7998,8.99999999999999,0.785398163397718);
#1727=CONICAL_SURFACE('',#8006,12.5,0.785398163397619);
#1728=CONICAL_SURFACE('',#8007,18.5,0.785398163397241);
#1729=CONICAL_SURFACE('',#8012,7.,0.785398163397646);
#1730=CONICAL_SURFACE('',#8021,4.00000000000001,0.785398163397444);
#1731=CONICAL_SURFACE('',#8024,3.50000000000001,0.78539816339742);
#1732=FACE_OUTER_BOUND('',#2156,.T.);
#1733=FACE_OUTER_BOUND('',#2157,.T.);
#1734=FACE_OUTER_BOUND('',#2158,.T.);
#1735=FACE_OUTER_BOUND('',#2159,.T.);
#1736=FACE_OUTER_BOUND('',#2160,.T.);
#1737=FACE_OUTER_BOUND('',#2161,.T.);
#1738=FACE_OUTER_BOUND('',#2162,.T.);
#1739=FACE_OUTER_BOUND('',#2163,.T.);
#1740=FACE_OUTER_BOUND('',#2164,.T.);
#1741=FACE_OUTER_BOUND('',#2165,.T.);
#1742=FACE_OUTER_BOUND('',#2166,.T.);
#1743=FACE_OUTER_BOUND('',#2167,.T.);
#1744=FACE_OUTER_BOUND('',#2168,.T.);
#1745=FACE_OUTER_BOUND('',#2169,.T.);
#1746=FACE_OUTER_BOUND('',#2170,.T.);
#1747=FACE_OUTER_BOUND('',#2171,.T.);
#1748=FACE_OUTER_BOUND('',#2172,.T.);
#1749=FACE_OUTER_BOUND('',#2173,.T.);
#1750=FACE_OUTER_BOUND('',#2174,.T.);
#1751=FACE_OUTER_BOUND('',#2175,.T.);
#1752=FACE_OUTER_BOUND('',#2176,.T.);
#1753=FACE_OUTER_BOUND('',#2177,.T.);
#1754=FACE_OUTER_BOUND('',#2178,.T.);
#1755=FACE_OUTER_BOUND('',#2179,.T.);
#1756=FACE_OUTER_BOUND('',#2180,.T.);
#1757=FACE_OUTER_BOUND('',#2181,.T.);
#1758=FACE_OUTER_BOUND('',#2182,.T.);
#1759=FACE_OUTER_BOUND('',#2183,.T.);
#1760=FACE_OUTER_BOUND('',#2184,.T.);
#1761=FACE_OUTER_BOUND('',#2185,.T.);
#1762=FACE_OUTER_BOUND('',#2186,.T.);
#1763=FACE_OUTER_BOUND('',#2192,.T.);
#1764=FACE_OUTER_BOUND('',#2193,.T.);
#1765=FACE_OUTER_BOUND('',#2195,.T.);
#1766=FACE_OUTER_BOUND('',#2196,.T.);
#1767=FACE_OUTER_BOUND('',#2197,.T.);
#1768=FACE_OUTER_BOUND('',#2198,.T.);
#1769=FACE_OUTER_BOUND('',#2199,.T.);
#1770=FACE_OUTER_BOUND('',#2200,.T.);
#1771=FACE_OUTER_BOUND('',#2201,.T.);
#1772=FACE_OUTER_BOUND('',#2202,.T.);
#1773=FACE_OUTER_BOUND('',#2203,.T.);
#1774=FACE_OUTER_BOUND('',#2204,.T.);
#1775=FACE_OUTER_BOUND('',#2205,.T.);
#1776=FACE_OUTER_BOUND('',#2206,.T.);
#1777=FACE_OUTER_BOUND('',#2207,.T.);
#1778=FACE_OUTER_BOUND('',#2208,.T.);
#1779=FACE_OUTER_BOUND('',#2209,.T.);
#1780=FACE_OUTER_BOUND('',#2210,.T.);
#1781=FACE_OUTER_BOUND('',#2211,.T.);
#1782=FACE_OUTER_BOUND('',#2212,.T.);
#1783=FACE_OUTER_BOUND('',#2213,.T.);
#1784=FACE_OUTER_BOUND('',#2214,.T.);
#1785=FACE_OUTER_BOUND('',#2215,.T.);
#1786=FACE_OUTER_BOUND('',#2216,.T.);
#1787=FACE_OUTER_BOUND('',#2217,.T.);
#1788=FACE_OUTER_BOUND('',#2218,.T.);
#1789=FACE_OUTER_BOUND('',#2219,.T.);
#1790=FACE_OUTER_BOUND('',#2220,.T.);
#1791=FACE_OUTER_BOUND('',#2221,.T.);
#1792=FACE_OUTER_BOUND('',#2222,.T.);
#1793=FACE_OUTER_BOUND('',#2223,.T.);
#1794=FACE_OUTER_BOUND('',#2224,.T.);
#1795=FACE_OUTER_BOUND('',#2225,.T.);
#1796=FACE_OUTER_BOUND('',#2226,.T.);
#1797=FACE_OUTER_BOUND('',#2227,.T.);
#1798=FACE_OUTER_BOUND('',#2228,.T.);
#1799=FACE_OUTER_BOUND('',#2229,.T.);
#1800=FACE_OUTER_BOUND('',#2230,.T.);
#1801=FACE_OUTER_BOUND('',#2231,.T.);
#1802=FACE_OUTER_BOUND('',#2232,.T.);
#1803=FACE_OUTER_BOUND('',#2233,.T.);
#1804=FACE_OUTER_BOUND('',#2234,.T.);
#1805=FACE_OUTER_BOUND('',#2235,.T.);
#1806=FACE_OUTER_BOUND('',#2236,.T.);
#1807=FACE_OUTER_BOUND('',#2237,.T.);
#1808=FACE_OUTER_BOUND('',#2238,.T.);
#1809=FACE_OUTER_BOUND('',#2239,.T.);
#1810=FACE_OUTER_BOUND('',#2240,.T.);
#1811=FACE_OUTER_BOUND('',#2241,.T.);
#1812=FACE_OUTER_BOUND('',#2242,.T.);
#1813=FACE_OUTER_BOUND('',#2243,.T.);
#1814=FACE_OUTER_BOUND('',#2244,.T.);
#1815=FACE_OUTER_BOUND('',#2245,.T.);
#1816=FACE_OUTER_BOUND('',#2246,.T.);
#1817=FACE_OUTER_BOUND('',#2247,.T.);
#1818=FACE_OUTER_BOUND('',#2249,.T.);
#1819=FACE_OUTER_BOUND('',#2250,.T.);
#1820=FACE_OUTER_BOUND('',#2251,.T.);
#1821=FACE_OUTER_BOUND('',#2252,.T.);
#1822=FACE_OUTER_BOUND('',#2253,.T.);
#1823=FACE_OUTER_BOUND('',#2254,.T.);
#1824=FACE_OUTER_BOUND('',#2255,.T.);
#1825=FACE_OUTER_BOUND('',#2256,.T.);
#1826=FACE_OUTER_BOUND('',#2257,.T.);
#1827=FACE_OUTER_BOUND('',#2258,.T.);
#1828=FACE_OUTER_BOUND('',#2259,.T.);
#1829=FACE_OUTER_BOUND('',#2260,.T.);
#1830=FACE_OUTER_BOUND('',#2261,.T.);
#1831=FACE_OUTER_BOUND('',#2262,.T.);
#1832=FACE_OUTER_BOUND('',#2263,.T.);
#1833=FACE_OUTER_BOUND('',#2264,.T.);
#1834=FACE_OUTER_BOUND('',#2265,.T.);
#1835=FACE_OUTER_BOUND('',#2266,.T.);
#1836=FACE_OUTER_BOUND('',#2267,.T.);
#1837=FACE_OUTER_BOUND('',#2268,.T.);
#1838=FACE_OUTER_BOUND('',#2269,.T.);
#1839=FACE_OUTER_BOUND('',#2270,.T.);
#1840=FACE_OUTER_BOUND('',#2271,.T.);
#1841=FACE_OUTER_BOUND('',#2272,.T.);
#1842=FACE_OUTER_BOUND('',#2274,.T.);
#1843=FACE_OUTER_BOUND('',#2275,.T.);
#1844=FACE_OUTER_BOUND('',#2276,.T.);
#1845=FACE_OUTER_BOUND('',#2277,.T.);
#1846=FACE_OUTER_BOUND('',#2278,.T.);
#1847=FACE_OUTER_BOUND('',#2279,.T.);
#1848=FACE_OUTER_BOUND('',#2280,.T.);
#1849=FACE_OUTER_BOUND('',#2281,.T.);
#1850=FACE_OUTER_BOUND('',#2282,.T.);
#1851=FACE_OUTER_BOUND('',#2283,.T.);
#1852=FACE_OUTER_BOUND('',#2284,.T.);
#1853=FACE_OUTER_BOUND('',#2285,.T.);
#1854=FACE_OUTER_BOUND('',#2286,.T.);
#1855=FACE_OUTER_BOUND('',#2287,.T.);
#1856=FACE_OUTER_BOUND('',#2288,.T.);
#1857=FACE_OUTER_BOUND('',#2289,.T.);
#1858=FACE_OUTER_BOUND('',#2290,.T.);
#1859=FACE_OUTER_BOUND('',#2291,.T.);
#1860=FACE_OUTER_BOUND('',#2292,.T.);
#1861=FACE_OUTER_BOUND('',#2293,.T.);
#1862=FACE_OUTER_BOUND('',#2294,.T.);
#1863=FACE_OUTER_BOUND('',#2295,.T.);
#1864=FACE_OUTER_BOUND('',#2296,.T.);
#1865=FACE_OUTER_BOUND('',#2297,.T.);
#1866=FACE_OUTER_BOUND('',#2298,.T.);
#1867=FACE_OUTER_BOUND('',#2299,.T.);
#1868=FACE_OUTER_BOUND('',#2300,.T.);
#1869=FACE_OUTER_BOUND('',#2301,.T.);
#1870=FACE_OUTER_BOUND('',#2302,.T.);
#1871=FACE_OUTER_BOUND('',#2303,.T.);
#1872=FACE_OUTER_BOUND('',#2304,.T.);
#1873=FACE_OUTER_BOUND('',#2305,.T.);
#1874=FACE_OUTER_BOUND('',#2306,.T.);
#1875=FACE_OUTER_BOUND('',#2307,.T.);
#1876=FACE_OUTER_BOUND('',#2308,.T.);
#1877=FACE_OUTER_BOUND('',#2309,.T.);
#1878=FACE_OUTER_BOUND('',#2310,.T.);
#1879=FACE_OUTER_BOUND('',#2311,.T.);
#1880=FACE_OUTER_BOUND('',#2312,.T.);
#1881=FACE_OUTER_BOUND('',#2313,.T.);
#1882=FACE_OUTER_BOUND('',#2314,.T.);
#1883=FACE_OUTER_BOUND('',#2315,.T.);
#1884=FACE_OUTER_BOUND('',#2316,.T.);
#1885=FACE_OUTER_BOUND('',#2317,.T.);
#1886=FACE_OUTER_BOUND('',#2318,.T.);
#1887=FACE_OUTER_BOUND('',#2319,.T.);
#1888=FACE_OUTER_BOUND('',#2320,.T.);
#1889=FACE_OUTER_BOUND('',#2321,.T.);
#1890=FACE_OUTER_BOUND('',#2322,.T.);
#1891=FACE_OUTER_BOUND('',#2323,.T.);
#1892=FACE_OUTER_BOUND('',#2324,.T.);
#1893=FACE_OUTER_BOUND('',#2325,.T.);
#1894=FACE_OUTER_BOUND('',#2326,.T.);
#1895=FACE_OUTER_BOUND('',#2327,.T.);
#1896=FACE_OUTER_BOUND('',#2328,.T.);
#1897=FACE_OUTER_BOUND('',#2329,.T.);
#1898=FACE_OUTER_BOUND('',#2330,.T.);
#1899=FACE_OUTER_BOUND('',#2331,.T.);
#1900=FACE_OUTER_BOUND('',#2332,.T.);
#1901=FACE_OUTER_BOUND('',#2333,.T.);
#1902=FACE_OUTER_BOUND('',#2334,.T.);
#1903=FACE_OUTER_BOUND('',#2335,.T.);
#1904=FACE_OUTER_BOUND('',#2336,.T.);
#1905=FACE_OUTER_BOUND('',#2337,.T.);
#1906=FACE_OUTER_BOUND('',#2338,.T.);
#1907=FACE_OUTER_BOUND('',#2339,.T.);
#1908=FACE_OUTER_BOUND('',#2341,.T.);
#1909=FACE_OUTER_BOUND('',#2342,.T.);
#1910=FACE_OUTER_BOUND('',#2343,.T.);
#1911=FACE_OUTER_BOUND('',#2344,.T.);
#1912=FACE_OUTER_BOUND('',#2349,.T.);
#1913=FACE_OUTER_BOUND('',#2350,.T.);
#1914=FACE_OUTER_BOUND('',#2351,.T.);
#1915=FACE_OUTER_BOUND('',#2352,.T.);
#1916=FACE_OUTER_BOUND('',#2353,.T.);
#1917=FACE_OUTER_BOUND('',#2354,.T.);
#1918=FACE_OUTER_BOUND('',#2355,.T.);
#1919=FACE_OUTER_BOUND('',#2356,.T.);
#1920=FACE_OUTER_BOUND('',#2357,.T.);
#1921=FACE_OUTER_BOUND('',#2358,.T.);
#1922=FACE_OUTER_BOUND('',#2359,.T.);
#1923=FACE_OUTER_BOUND('',#2361,.T.);
#1924=FACE_OUTER_BOUND('',#2362,.T.);
#1925=FACE_OUTER_BOUND('',#2363,.T.);
#1926=FACE_OUTER_BOUND('',#2364,.T.);
#1927=FACE_OUTER_BOUND('',#2365,.T.);
#1928=FACE_OUTER_BOUND('',#2367,.T.);
#1929=FACE_OUTER_BOUND('',#2368,.T.);
#1930=FACE_OUTER_BOUND('',#2369,.T.);
#1931=FACE_OUTER_BOUND('',#2371,.T.);
#1932=FACE_OUTER_BOUND('',#2374,.T.);
#1933=FACE_OUTER_BOUND('',#2375,.T.);
#1934=FACE_OUTER_BOUND('',#2376,.T.);
#1935=FACE_OUTER_BOUND('',#2377,.T.);
#1936=FACE_OUTER_BOUND('',#2378,.T.);
#1937=FACE_OUTER_BOUND('',#2379,.T.);
#1938=FACE_OUTER_BOUND('',#2380,.T.);
#1939=FACE_OUTER_BOUND('',#2381,.T.);
#1940=FACE_OUTER_BOUND('',#2382,.T.);
#1941=FACE_OUTER_BOUND('',#2383,.T.);
#1942=FACE_OUTER_BOUND('',#2384,.T.);
#1943=FACE_OUTER_BOUND('',#2385,.T.);
#1944=FACE_OUTER_BOUND('',#2386,.T.);
#1945=FACE_OUTER_BOUND('',#2387,.T.);
#1946=FACE_OUTER_BOUND('',#2388,.T.);
#1947=FACE_OUTER_BOUND('',#2389,.T.);
#1948=FACE_OUTER_BOUND('',#2390,.T.);
#1949=FACE_OUTER_BOUND('',#2391,.T.);
#1950=FACE_OUTER_BOUND('',#2392,.T.);
#1951=FACE_OUTER_BOUND('',#2393,.T.);
#1952=FACE_OUTER_BOUND('',#2394,.T.);
#1953=FACE_OUTER_BOUND('',#2395,.T.);
#1954=FACE_OUTER_BOUND('',#2396,.T.);
#1955=FACE_OUTER_BOUND('',#2397,.T.);
#1956=FACE_OUTER_BOUND('',#2398,.T.);
#1957=FACE_OUTER_BOUND('',#2400,.T.);
#1958=FACE_OUTER_BOUND('',#2401,.T.);
#1959=FACE_OUTER_BOUND('',#2402,.T.);
#1960=FACE_OUTER_BOUND('',#2403,.T.);
#1961=FACE_OUTER_BOUND('',#2404,.T.);
#1962=FACE_OUTER_BOUND('',#2405,.T.);
#1963=FACE_OUTER_BOUND('',#2406,.T.);
#1964=FACE_OUTER_BOUND('',#2407,.T.);
#1965=FACE_OUTER_BOUND('',#2408,.T.);
#1966=FACE_OUTER_BOUND('',#2409,.T.);
#1967=FACE_OUTER_BOUND('',#2410,.T.);
#1968=FACE_OUTER_BOUND('',#2411,.T.);
#1969=FACE_OUTER_BOUND('',#2412,.T.);
#1970=FACE_OUTER_BOUND('',#2413,.T.);
#1971=FACE_OUTER_BOUND('',#2414,.T.);
#1972=FACE_OUTER_BOUND('',#2415,.T.);
#1973=FACE_OUTER_BOUND('',#2416,.T.);
#1974=FACE_OUTER_BOUND('',#2417,.T.);
#1975=FACE_OUTER_BOUND('',#2418,.T.);
#1976=FACE_OUTER_BOUND('',#2419,.T.);
#1977=FACE_OUTER_BOUND('',#2420,.T.);
#1978=FACE_OUTER_BOUND('',#2421,.T.);
#1979=FACE_OUTER_BOUND('',#2422,.T.);
#1980=FACE_OUTER_BOUND('',#2423,.T.);
#1981=FACE_OUTER_BOUND('',#2424,.T.);
#1982=FACE_OUTER_BOUND('',#2430,.T.);
#1983=FACE_OUTER_BOUND('',#2431,.T.);
#1984=FACE_OUTER_BOUND('',#2433,.T.);
#1985=FACE_OUTER_BOUND('',#2434,.T.);
#1986=FACE_OUTER_BOUND('',#2435,.T.);
#1987=FACE_OUTER_BOUND('',#2436,.T.);
#1988=FACE_OUTER_BOUND('',#2437,.T.);
#1989=FACE_OUTER_BOUND('',#2438,.T.);
#1990=FACE_OUTER_BOUND('',#2439,.T.);
#1991=FACE_OUTER_BOUND('',#2440,.T.);
#1992=FACE_OUTER_BOUND('',#2441,.T.);
#1993=FACE_OUTER_BOUND('',#2442,.T.);
#1994=FACE_OUTER_BOUND('',#2443,.T.);
#1995=FACE_OUTER_BOUND('',#2444,.T.);
#1996=FACE_OUTER_BOUND('',#2445,.T.);
#1997=FACE_OUTER_BOUND('',#2446,.T.);
#1998=FACE_OUTER_BOUND('',#2447,.T.);
#1999=FACE_OUTER_BOUND('',#2448,.T.);
#2000=FACE_OUTER_BOUND('',#2449,.T.);
#2001=FACE_OUTER_BOUND('',#2450,.T.);
#2002=FACE_OUTER_BOUND('',#2451,.T.);
#2003=FACE_OUTER_BOUND('',#2452,.T.);
#2004=FACE_OUTER_BOUND('',#2453,.T.);
#2005=FACE_OUTER_BOUND('',#2454,.T.);
#2006=FACE_OUTER_BOUND('',#2455,.T.);
#2007=FACE_OUTER_BOUND('',#2456,.T.);
#2008=FACE_OUTER_BOUND('',#2457,.T.);
#2009=FACE_OUTER_BOUND('',#2458,.T.);
#2010=FACE_OUTER_BOUND('',#2459,.T.);
#2011=FACE_OUTER_BOUND('',#2460,.T.);
#2012=FACE_OUTER_BOUND('',#2461,.T.);
#2013=FACE_OUTER_BOUND('',#2462,.T.);
#2014=FACE_OUTER_BOUND('',#2463,.T.);
#2015=FACE_OUTER_BOUND('',#2464,.T.);
#2016=FACE_OUTER_BOUND('',#2465,.T.);
#2017=FACE_OUTER_BOUND('',#2466,.T.);
#2018=FACE_OUTER_BOUND('',#2467,.T.);
#2019=FACE_OUTER_BOUND('',#2468,.T.);
#2020=FACE_OUTER_BOUND('',#2469,.T.);
#2021=FACE_OUTER_BOUND('',#2470,.T.);
#2022=FACE_OUTER_BOUND('',#2471,.T.);
#2023=FACE_OUTER_BOUND('',#2472,.T.);
#2024=FACE_OUTER_BOUND('',#2473,.T.);
#2025=FACE_OUTER_BOUND('',#2474,.T.);
#2026=FACE_OUTER_BOUND('',#2475,.T.);
#2027=FACE_OUTER_BOUND('',#2476,.T.);
#2028=FACE_OUTER_BOUND('',#2477,.T.);
#2029=FACE_OUTER_BOUND('',#2478,.T.);
#2030=FACE_OUTER_BOUND('',#2479,.T.);
#2031=FACE_OUTER_BOUND('',#2480,.T.);
#2032=FACE_OUTER_BOUND('',#2481,.T.);
#2033=FACE_OUTER_BOUND('',#2482,.T.);
#2034=FACE_OUTER_BOUND('',#2483,.T.);
#2035=FACE_OUTER_BOUND('',#2484,.T.);
#2036=FACE_OUTER_BOUND('',#2485,.T.);
#2037=FACE_OUTER_BOUND('',#2487,.T.);
#2038=FACE_OUTER_BOUND('',#2488,.T.);
#2039=FACE_OUTER_BOUND('',#2489,.T.);
#2040=FACE_OUTER_BOUND('',#2490,.T.);
#2041=FACE_OUTER_BOUND('',#2491,.T.);
#2042=FACE_OUTER_BOUND('',#2492,.T.);
#2043=FACE_OUTER_BOUND('',#2493,.T.);
#2044=FACE_OUTER_BOUND('',#2494,.T.);
#2045=FACE_OUTER_BOUND('',#2495,.T.);
#2046=FACE_OUTER_BOUND('',#2496,.T.);
#2047=FACE_OUTER_BOUND('',#2497,.T.);
#2048=FACE_OUTER_BOUND('',#2498,.T.);
#2049=FACE_OUTER_BOUND('',#2499,.T.);
#2050=FACE_OUTER_BOUND('',#2500,.T.);
#2051=FACE_OUTER_BOUND('',#2501,.T.);
#2052=FACE_OUTER_BOUND('',#2502,.T.);
#2053=FACE_OUTER_BOUND('',#2503,.T.);
#2054=FACE_OUTER_BOUND('',#2504,.T.);
#2055=FACE_OUTER_BOUND('',#2505,.T.);
#2056=FACE_OUTER_BOUND('',#2506,.T.);
#2057=FACE_OUTER_BOUND('',#2507,.T.);
#2058=FACE_OUTER_BOUND('',#2508,.T.);
#2059=FACE_OUTER_BOUND('',#2509,.T.);
#2060=FACE_OUTER_BOUND('',#2510,.T.);
#2061=FACE_OUTER_BOUND('',#2512,.T.);
#2062=FACE_OUTER_BOUND('',#2513,.T.);
#2063=FACE_OUTER_BOUND('',#2514,.T.);
#2064=FACE_OUTER_BOUND('',#2515,.T.);
#2065=FACE_OUTER_BOUND('',#2516,.T.);
#2066=FACE_OUTER_BOUND('',#2517,.T.);
#2067=FACE_OUTER_BOUND('',#2518,.T.);
#2068=FACE_OUTER_BOUND('',#2519,.T.);
#2069=FACE_OUTER_BOUND('',#2520,.T.);
#2070=FACE_OUTER_BOUND('',#2521,.T.);
#2071=FACE_OUTER_BOUND('',#2522,.T.);
#2072=FACE_OUTER_BOUND('',#2523,.T.);
#2073=FACE_OUTER_BOUND('',#2524,.T.);
#2074=FACE_OUTER_BOUND('',#2525,.T.);
#2075=FACE_OUTER_BOUND('',#2526,.T.);
#2076=FACE_OUTER_BOUND('',#2527,.T.);
#2077=FACE_OUTER_BOUND('',#2528,.T.);
#2078=FACE_OUTER_BOUND('',#2529,.T.);
#2079=FACE_OUTER_BOUND('',#2530,.T.);
#2080=FACE_OUTER_BOUND('',#2531,.T.);
#2081=FACE_OUTER_BOUND('',#2532,.T.);
#2082=FACE_OUTER_BOUND('',#2533,.T.);
#2083=FACE_OUTER_BOUND('',#2534,.T.);
#2084=FACE_OUTER_BOUND('',#2535,.T.);
#2085=FACE_OUTER_BOUND('',#2536,.T.);
#2086=FACE_OUTER_BOUND('',#2537,.T.);
#2087=FACE_OUTER_BOUND('',#2538,.T.);
#2088=FACE_OUTER_BOUND('',#2539,.T.);
#2089=FACE_OUTER_BOUND('',#2540,.T.);
#2090=FACE_OUTER_BOUND('',#2541,.T.);
#2091=FACE_OUTER_BOUND('',#2542,.T.);
#2092=FACE_OUTER_BOUND('',#2543,.T.);
#2093=FACE_OUTER_BOUND('',#2544,.T.);
#2094=FACE_OUTER_BOUND('',#2545,.T.);
#2095=FACE_OUTER_BOUND('',#2546,.T.);
#2096=FACE_OUTER_BOUND('',#2547,.T.);
#2097=FACE_OUTER_BOUND('',#2548,.T.);
#2098=FACE_OUTER_BOUND('',#2549,.T.);
#2099=FACE_OUTER_BOUND('',#2550,.T.);
#2100=FACE_OUTER_BOUND('',#2551,.T.);
#2101=FACE_OUTER_BOUND('',#2552,.T.);
#2102=FACE_OUTER_BOUND('',#2553,.T.);
#2103=FACE_OUTER_BOUND('',#2554,.T.);
#2104=FACE_OUTER_BOUND('',#2555,.T.);
#2105=FACE_OUTER_BOUND('',#2556,.T.);
#2106=FACE_OUTER_BOUND('',#2557,.T.);
#2107=FACE_OUTER_BOUND('',#2558,.T.);
#2108=FACE_OUTER_BOUND('',#2559,.T.);
#2109=FACE_OUTER_BOUND('',#2560,.T.);
#2110=FACE_OUTER_BOUND('',#2561,.T.);
#2111=FACE_OUTER_BOUND('',#2562,.T.);
#2112=FACE_OUTER_BOUND('',#2563,.T.);
#2113=FACE_OUTER_BOUND('',#2564,.T.);
#2114=FACE_OUTER_BOUND('',#2565,.T.);
#2115=FACE_OUTER_BOUND('',#2566,.T.);
#2116=FACE_OUTER_BOUND('',#2567,.T.);
#2117=FACE_OUTER_BOUND('',#2568,.T.);
#2118=FACE_OUTER_BOUND('',#2569,.T.);
#2119=FACE_OUTER_BOUND('',#2570,.T.);
#2120=FACE_OUTER_BOUND('',#2571,.T.);
#2121=FACE_OUTER_BOUND('',#2572,.T.);
#2122=FACE_OUTER_BOUND('',#2573,.T.);
#2123=FACE_OUTER_BOUND('',#2574,.T.);
#2124=FACE_OUTER_BOUND('',#2575,.T.);
#2125=FACE_OUTER_BOUND('',#2576,.T.);
#2126=FACE_OUTER_BOUND('',#2577,.T.);
#2127=FACE_OUTER_BOUND('',#2579,.T.);
#2128=FACE_OUTER_BOUND('',#2580,.T.);
#2129=FACE_OUTER_BOUND('',#2581,.T.);
#2130=FACE_OUTER_BOUND('',#2582,.T.);
#2131=FACE_OUTER_BOUND('',#2587,.T.);
#2132=FACE_OUTER_BOUND('',#2588,.T.);
#2133=FACE_OUTER_BOUND('',#2589,.T.);
#2134=FACE_OUTER_BOUND('',#2590,.T.);
#2135=FACE_OUTER_BOUND('',#2591,.T.);
#2136=FACE_OUTER_BOUND('',#2592,.T.);
#2137=FACE_OUTER_BOUND('',#2593,.T.);
#2138=FACE_OUTER_BOUND('',#2594,.T.);
#2139=FACE_OUTER_BOUND('',#2595,.T.);
#2140=FACE_OUTER_BOUND('',#2596,.T.);
#2141=FACE_OUTER_BOUND('',#2597,.T.);
#2142=FACE_OUTER_BOUND('',#2599,.T.);
#2143=FACE_OUTER_BOUND('',#2600,.T.);
#2144=FACE_OUTER_BOUND('',#2601,.T.);
#2145=FACE_OUTER_BOUND('',#2602,.T.);
#2146=FACE_OUTER_BOUND('',#2603,.T.);
#2147=FACE_OUTER_BOUND('',#2605,.T.);
#2148=FACE_OUTER_BOUND('',#2606,.T.);
#2149=FACE_OUTER_BOUND('',#2607,.T.);
#2150=FACE_OUTER_BOUND('',#2609,.T.);
#2151=FACE_OUTER_BOUND('',#2610,.T.);
#2152=FACE_OUTER_BOUND('',#2611,.T.);
#2153=FACE_OUTER_BOUND('',#2612,.T.);
#2154=FACE_OUTER_BOUND('',#2613,.T.);
#2155=FACE_OUTER_BOUND('',#2614,.T.);
#2156=EDGE_LOOP('',(#4600));
#2157=EDGE_LOOP('',(#4601,#4602,#4603));
#2158=EDGE_LOOP('',(#4604));
#2159=EDGE_LOOP('',(#4605,#4606,#4607));
#2160=EDGE_LOOP('',(#4608,#4609,#4610));
#2161=EDGE_LOOP('',(#4611,#4612));
#2162=EDGE_LOOP('',(#4613,#4614,#4615,#4616));
#2163=EDGE_LOOP('',(#4617,#4618,#4619,#4620,#4621));
#2164=EDGE_LOOP('',(#4622));
#2165=EDGE_LOOP('',(#4623,#4624,#4625));
#2166=EDGE_LOOP('',(#4626,#4627,#4628,#4629,#4630,#4631,#4632,#4633,#4634,
#4635));
#2167=EDGE_LOOP('',(#4636,#4637,#4638,#4639));
#2168=EDGE_LOOP('',(#4640,#4641,#4642,#4643));
#2169=EDGE_LOOP('',(#4644,#4645,#4646,#4647));
#2170=EDGE_LOOP('',(#4648,#4649,#4650,#4651));
#2171=EDGE_LOOP('',(#4652,#4653,#4654,#4655,#4656,#4657,#4658,#4659,#4660,
#4661,#4662,#4663,#4664));
#2172=EDGE_LOOP('',(#4665,#4666,#4667,#4668));
#2173=EDGE_LOOP('',(#4669,#4670,#4671,#4672));
#2174=EDGE_LOOP('',(#4673,#4674,#4675,#4676));
#2175=EDGE_LOOP('',(#4677,#4678,#4679,#4680));
#2176=EDGE_LOOP('',(#4681,#4682,#4683,#4684));
#2177=EDGE_LOOP('',(#4685,#4686,#4687,#4688));
#2178=EDGE_LOOP('',(#4689,#4690,#4691,#4692));
#2179=EDGE_LOOP('',(#4693,#4694,#4695,#4696));
#2180=EDGE_LOOP('',(#4697,#4698,#4699,#4700));
#2181=EDGE_LOOP('',(#4701,#4702,#4703,#4704));
#2182=EDGE_LOOP('',(#4705,#4706,#4707,#4708,#4709,#4710));
#2183=EDGE_LOOP('',(#4711,#4712,#4713,#4714));
#2184=EDGE_LOOP('',(#4715,#4716,#4717,#4718));
#2185=EDGE_LOOP('',(#4719,#4720,#4721,#4722));
#2186=EDGE_LOOP('',(#4723,#4724,#4725,#4726,#4727,#4728,#4729,#4730,#4731,
#4732,#4733,#4734,#4735,#4736,#4737,#4738,#4739));
#2187=EDGE_LOOP('',(#4740,#4741,#4742,#4743,#4744,#4745,#4746,#4747));
#2188=EDGE_LOOP('',(#4748,#4749,#4750,#4751,#4752,#4753));
#2189=EDGE_LOOP('',(#4754,#4755,#4756,#4757,#4758,#4759,#4760,#4761));
#2190=EDGE_LOOP('',(#4762));
#2191=EDGE_LOOP('',(#4763,#4764,#4765,#4766,#4767,#4768));
#2192=EDGE_LOOP('',(#4769,#4770,#4771,#4772));
#2193=EDGE_LOOP('',(#4773,#4774,#4775,#4776,#4777));
#2194=EDGE_LOOP('',(#4778,#4779,#4780,#4781,#4782,#4783,#4784,#4785));
#2195=EDGE_LOOP('',(#4786,#4787,#4788,#4789));
#2196=EDGE_LOOP('',(#4790,#4791,#4792,#4793));
#2197=EDGE_LOOP('',(#4794,#4795,#4796,#4797));
#2198=EDGE_LOOP('',(#4798,#4799,#4800,#4801));
#2199=EDGE_LOOP('',(#4802,#4803,#4804,#4805));
#2200=EDGE_LOOP('',(#4806,#4807,#4808,#4809));
#2201=EDGE_LOOP('',(#4810,#4811,#4812,#4813));
#2202=EDGE_LOOP('',(#4814,#4815,#4816,#4817));
#2203=EDGE_LOOP('',(#4818,#4819,#4820,#4821));
#2204=EDGE_LOOP('',(#4822,#4823,#4824,#4825));
#2205=EDGE_LOOP('',(#4826,#4827,#4828,#4829,#4830,#4831));
#2206=EDGE_LOOP('',(#4832,#4833,#4834,#4835,#4836,#4837));
#2207=EDGE_LOOP('',(#4838,#4839,#4840,#4841));
#2208=EDGE_LOOP('',(#4842,#4843,#4844,#4845,#4846));
#2209=EDGE_LOOP('',(#4847,#4848,#4849,#4850));
#2210=EDGE_LOOP('',(#4851,#4852,#4853,#4854,#4855));
#2211=EDGE_LOOP('',(#4856,#4857,#4858,#4859));
#2212=EDGE_LOOP('',(#4860,#4861,#4862,#4863));
#2213=EDGE_LOOP('',(#4864,#4865,#4866,#4867,#4868,#4869));
#2214=EDGE_LOOP('',(#4870,#4871,#4872,#4873));
#2215=EDGE_LOOP('',(#4874,#4875,#4876,#4877));
#2216=EDGE_LOOP('',(#4878,#4879,#4880,#4881));
#2217=EDGE_LOOP('',(#4882,#4883,#4884,#4885));
#2218=EDGE_LOOP('',(#4886,#4887,#4888,#4889));
#2219=EDGE_LOOP('',(#4890,#4891,#4892,#4893));
#2220=EDGE_LOOP('',(#4894,#4895,#4896,#4897,#4898,#4899,#4900,#4901));
#2221=EDGE_LOOP('',(#4902,#4903,#4904,#4905));
#2222=EDGE_LOOP('',(#4906,#4907,#4908,#4909));
#2223=EDGE_LOOP('',(#4910,#4911,#4912,#4913));
#2224=EDGE_LOOP('',(#4914,#4915,#4916,#4917));
#2225=EDGE_LOOP('',(#4918,#4919,#4920,#4921));
#2226=EDGE_LOOP('',(#4922,#4923,#4924,#4925));
#2227=EDGE_LOOP('',(#4926,#4927,#4928,#4929));
#2228=EDGE_LOOP('',(#4930,#4931,#4932,#4933));
#2229=EDGE_LOOP('',(#4934,#4935,#4936,#4937,#4938,#4939));
#2230=EDGE_LOOP('',(#4940,#4941,#4942,#4943));
#2231=EDGE_LOOP('',(#4944,#4945,#4946,#4947));
#2232=EDGE_LOOP('',(#4948,#4949,#4950,#4951));
#2233=EDGE_LOOP('',(#4952,#4953,#4954,#4955));
#2234=EDGE_LOOP('',(#4956,#4957,#4958,#4959));
#2235=EDGE_LOOP('',(#4960,#4961,#4962,#4963));
#2236=EDGE_LOOP('',(#4964,#4965,#4966,#4967,#4968,#4969,#4970,#4971));
#2237=EDGE_LOOP('',(#4972,#4973,#4974,#4975));
#2238=EDGE_LOOP('',(#4976,#4977,#4978,#4979));
#2239=EDGE_LOOP('',(#4980,#4981,#4982,#4983));
#2240=EDGE_LOOP('',(#4984,#4985,#4986,#4987));
#2241=EDGE_LOOP('',(#4988,#4989,#4990,#4991));
#2242=EDGE_LOOP('',(#4992,#4993,#4994,#4995));
#2243=EDGE_LOOP('',(#4996,#4997,#4998,#4999));
#2244=EDGE_LOOP('',(#5000,#5001,#5002,#5003));
#2245=EDGE_LOOP('',(#5004,#5005,#5006,#5007));
#2246=EDGE_LOOP('',(#5008,#5009,#5010,#5011));
#2247=EDGE_LOOP('',(#5012,#5013,#5014,#5015,#5016,#5017));
#2248=EDGE_LOOP('',(#5018));
#2249=EDGE_LOOP('',(#5019,#5020,#5021,#5022,#5023,#5024,#5025));
#2250=EDGE_LOOP('',(#5026,#5027,#5028,#5029));
#2251=EDGE_LOOP('',(#5030,#5031,#5032,#5033));
#2252=EDGE_LOOP('',(#5034,#5035,#5036,#5037));
#2253=EDGE_LOOP('',(#5038,#5039,#5040,#5041));
#2254=EDGE_LOOP('',(#5042,#5043,#5044,#5045,#5046));
#2255=EDGE_LOOP('',(#5047,#5048,#5049,#5050,#5051,#5052));
#2256=EDGE_LOOP('',(#5053,#5054,#5055,#5056));
#2257=EDGE_LOOP('',(#5057,#5058,#5059,#5060));
#2258=EDGE_LOOP('',(#5061,#5062,#5063,#5064));
#2259=EDGE_LOOP('',(#5065,#5066,#5067,#5068));
#2260=EDGE_LOOP('',(#5069,#5070,#5071,#5072));
#2261=EDGE_LOOP('',(#5073,#5074,#5075,#5076));
#2262=EDGE_LOOP('',(#5077,#5078,#5079,#5080));
#2263=EDGE_LOOP('',(#5081,#5082,#5083,#5084));
#2264=EDGE_LOOP('',(#5085,#5086,#5087,#5088));
#2265=EDGE_LOOP('',(#5089,#5090,#5091,#5092));
#2266=EDGE_LOOP('',(#5093,#5094,#5095,#5096));
#2267=EDGE_LOOP('',(#5097,#5098,#5099,#5100));
#2268=EDGE_LOOP('',(#5101,#5102,#5103,#5104));
#2269=EDGE_LOOP('',(#5105,#5106,#5107,#5108,#5109,#5110));
#2270=EDGE_LOOP('',(#5111,#5112,#5113,#5114));
#2271=EDGE_LOOP('',(#5115,#5116,#5117,#5118));
#2272=EDGE_LOOP('',(#5119));
#2273=EDGE_LOOP('',(#5120));
#2274=EDGE_LOOP('',(#5121,#5122,#5123,#5124,#5125,#5126,#5127,#5128));
#2275=EDGE_LOOP('',(#5129,#5130,#5131,#5132,#5133,#5134));
#2276=EDGE_LOOP('',(#5135,#5136,#5137,#5138,#5139,#5140));
#2277=EDGE_LOOP('',(#5141,#5142,#5143,#5144));
#2278=EDGE_LOOP('',(#5145,#5146,#5147,#5148,#5149,#5150,#5151,#5152));
#2279=EDGE_LOOP('',(#5153,#5154,#5155,#5156));
#2280=EDGE_LOOP('',(#5157,#5158,#5159,#5160));
#2281=EDGE_LOOP('',(#5161,#5162,#5163,#5164));
#2282=EDGE_LOOP('',(#5165,#5166,#5167,#5168));
#2283=EDGE_LOOP('',(#5169,#5170,#5171,#5172));
#2284=EDGE_LOOP('',(#5173,#5174,#5175,#5176));
#2285=EDGE_LOOP('',(#5177,#5178,#5179,#5180));
#2286=EDGE_LOOP('',(#5181,#5182,#5183,#5184));
#2287=EDGE_LOOP('',(#5185,#5186,#5187,#5188));
#2288=EDGE_LOOP('',(#5189,#5190,#5191,#5192));
#2289=EDGE_LOOP('',(#5193,#5194,#5195,#5196));
#2290=EDGE_LOOP('',(#5197,#5198,#5199,#5200));
#2291=EDGE_LOOP('',(#5201,#5202,#5203,#5204));
#2292=EDGE_LOOP('',(#5205,#5206,#5207,#5208));
#2293=EDGE_LOOP('',(#5209,#5210,#5211,#5212));
#2294=EDGE_LOOP('',(#5213,#5214,#5215,#5216,#5217,#5218));
#2295=EDGE_LOOP('',(#5219,#5220,#5221,#5222));
#2296=EDGE_LOOP('',(#5223,#5224,#5225,#5226));
#2297=EDGE_LOOP('',(#5227,#5228,#5229,#5230));
#2298=EDGE_LOOP('',(#5231,#5232,#5233,#5234,#5235));
#2299=EDGE_LOOP('',(#5236,#5237,#5238,#5239));
#2300=EDGE_LOOP('',(#5240,#5241,#5242,#5243));
#2301=EDGE_LOOP('',(#5244,#5245,#5246,#5247));
#2302=EDGE_LOOP('',(#5248,#5249,#5250,#5251));
#2303=EDGE_LOOP('',(#5252,#5253,#5254,#5255));
#2304=EDGE_LOOP('',(#5256,#5257,#5258,#5259));
#2305=EDGE_LOOP('',(#5260,#5261,#5262,#5263));
#2306=EDGE_LOOP('',(#5264,#5265,#5266,#5267));
#2307=EDGE_LOOP('',(#5268,#5269,#5270,#5271));
#2308=EDGE_LOOP('',(#5272,#5273,#5274,#5275));
#2309=EDGE_LOOP('',(#5276,#5277,#5278,#5279));
#2310=EDGE_LOOP('',(#5280,#5281,#5282,#5283));
#2311=EDGE_LOOP('',(#5284,#5285,#5286,#5287));
#2312=EDGE_LOOP('',(#5288,#5289,#5290,#5291));
#2313=EDGE_LOOP('',(#5292,#5293,#5294,#5295));
#2314=EDGE_LOOP('',(#5296,#5297,#5298,#5299));
#2315=EDGE_LOOP('',(#5300,#5301,#5302,#5303));
#2316=EDGE_LOOP('',(#5304,#5305,#5306,#5307));
#2317=EDGE_LOOP('',(#5308,#5309,#5310,#5311));
#2318=EDGE_LOOP('',(#5312,#5313,#5314,#5315));
#2319=EDGE_LOOP('',(#5316,#5317,#5318,#5319));
#2320=EDGE_LOOP('',(#5320,#5321,#5322,#5323));
#2321=EDGE_LOOP('',(#5324,#5325,#5326,#5327,#5328));
#2322=EDGE_LOOP('',(#5329,#5330,#5331,#5332));
#2323=EDGE_LOOP('',(#5333,#5334,#5335,#5336));
#2324=EDGE_LOOP('',(#5337,#5338,#5339,#5340));
#2325=EDGE_LOOP('',(#5341,#5342,#5343,#5344));
#2326=EDGE_LOOP('',(#5345,#5346,#5347,#5348));
#2327=EDGE_LOOP('',(#5349,#5350,#5351,#5352));
#2328=EDGE_LOOP('',(#5353,#5354,#5355,#5356));
#2329=EDGE_LOOP('',(#5357,#5358,#5359,#5360));
#2330=EDGE_LOOP('',(#5361,#5362,#5363,#5364));
#2331=EDGE_LOOP('',(#5365,#5366,#5367,#5368));
#2332=EDGE_LOOP('',(#5369,#5370,#5371,#5372));
#2333=EDGE_LOOP('',(#5373,#5374,#5375,#5376));
#2334=EDGE_LOOP('',(#5377,#5378,#5379,#5380));
#2335=EDGE_LOOP('',(#5381,#5382,#5383,#5384));
#2336=EDGE_LOOP('',(#5385,#5386,#5387,#5388));
#2337=EDGE_LOOP('',(#5389,#5390,#5391,#5392));
#2338=EDGE_LOOP('',(#5393,#5394,#5395,#5396));
#2339=EDGE_LOOP('',(#5397,#5398,#5399,#5400,#5401,#5402,#5403,#5404,#5405,
#5406,#5407,#5408,#5409,#5410));
#2340=EDGE_LOOP('',(#5411,#5412,#5413,#5414,#5415,#5416));
#2341=EDGE_LOOP('',(#5417,#5418,#5419,#5420,#5421));
#2342=EDGE_LOOP('',(#5422,#5423,#5424,#5425,#5426,#5427,#5428,#5429));
#2343=EDGE_LOOP('',(#5430,#5431,#5432,#5433,#5434));
#2344=EDGE_LOOP('',(#5435,#5436,#5437,#5438,#5439,#5440,#5441));
#2345=EDGE_LOOP('',(#5442,#5443,#5444,#5445,#5446,#5447));
#2346=EDGE_LOOP('',(#5448,#5449,#5450,#5451,#5452,#5453));
#2347=EDGE_LOOP('',(#5454,#5455,#5456,#5457,#5458,#5459,#5460,#5461));
#2348=EDGE_LOOP('',(#5462));
#2349=EDGE_LOOP('',(#5463,#5464,#5465,#5466,#5467));
#2350=EDGE_LOOP('',(#5468,#5469,#5470,#5471));
#2351=EDGE_LOOP('',(#5472,#5473,#5474,#5475));
#2352=EDGE_LOOP('',(#5476,#5477,#5478,#5479));
#2353=EDGE_LOOP('',(#5480,#5481,#5482,#5483));
#2354=EDGE_LOOP('',(#5484,#5485,#5486,#5487));
#2355=EDGE_LOOP('',(#5488,#5489,#5490,#5491));
#2356=EDGE_LOOP('',(#5492,#5493,#5494,#5495));
#2357=EDGE_LOOP('',(#5496,#5497,#5498,#5499,#5500,#5501));
#2358=EDGE_LOOP('',(#5502,#5503,#5504,#5505));
#2359=EDGE_LOOP('',(#5506,#5507,#5508,#5509,#5510,#5511,#5512,#5513,#5514));
#2360=EDGE_LOOP('',(#5515));
#2361=EDGE_LOOP('',(#5516,#5517,#5518,#5519));
#2362=EDGE_LOOP('',(#5520,#5521,#5522,#5523));
#2363=EDGE_LOOP('',(#5524,#5525,#5526,#5527));
#2364=EDGE_LOOP('',(#5528,#5529,#5530,#5531));
#2365=EDGE_LOOP('',(#5532));
#2366=EDGE_LOOP('',(#5533));
#2367=EDGE_LOOP('',(#5534,#5535,#5536,#5537));
#2368=EDGE_LOOP('',(#5538,#5539,#5540,#5541));
#2369=EDGE_LOOP('',(#5542));
#2370=EDGE_LOOP('',(#5543));
#2371=EDGE_LOOP('',(#5544,#5545,#5546,#5547,#5548,#5549,#5550,#5551,#5552,
#5553,#5554,#5555,#5556,#5557,#5558,#5559,#5560,#5561,#5562,#5563,#5564,
#5565));
#2372=EDGE_LOOP('',(#5566));
#2373=EDGE_LOOP('',(#5567));
#2374=EDGE_LOOP('',(#5568,#5569,#5570,#5571));
#2375=EDGE_LOOP('',(#5572,#5573,#5574,#5575));
#2376=EDGE_LOOP('',(#5576,#5577,#5578,#5579));
#2377=EDGE_LOOP('',(#5580,#5581,#5582,#5583));
#2378=EDGE_LOOP('',(#5584,#5585,#5586));
#2379=EDGE_LOOP('',(#5587,#5588,#5589));
#2380=EDGE_LOOP('',(#5590,#5591,#5592,#5593,#5594,#5595,#5596,#5597,#5598,
#5599));
#2381=EDGE_LOOP('',(#5600,#5601,#5602,#5603));
#2382=EDGE_LOOP('',(#5604,#5605,#5606,#5607));
#2383=EDGE_LOOP('',(#5608,#5609,#5610,#5611));
#2384=EDGE_LOOP('',(#5612,#5613,#5614,#5615,#5616,#5617,#5618,#5619));
#2385=EDGE_LOOP('',(#5620,#5621,#5622,#5623));
#2386=EDGE_LOOP('',(#5624,#5625,#5626,#5627));
#2387=EDGE_LOOP('',(#5628,#5629,#5630,#5631));
#2388=EDGE_LOOP('',(#5632,#5633,#5634,#5635));
#2389=EDGE_LOOP('',(#5636,#5637,#5638,#5639));
#2390=EDGE_LOOP('',(#5640,#5641,#5642,#5643));
#2391=EDGE_LOOP('',(#5644,#5645,#5646,#5647,#5648,#5649,#5650,#5651,#5652,
#5653,#5654,#5655,#5656,#5657,#5658,#5659,#5660,#5661,#5662));
#2392=EDGE_LOOP('',(#5663,#5664,#5665,#5666,#5667,#5668,#5669,#5670,#5671,
#5672,#5673,#5674,#5675,#5676,#5677,#5678,#5679,#5680,#5681,#5682,#5683,
#5684,#5685,#5686,#5687,#5688,#5689));
#2393=EDGE_LOOP('',(#5690,#5691,#5692,#5693));
#2394=EDGE_LOOP('',(#5694,#5695,#5696,#5697));
#2395=EDGE_LOOP('',(#5698,#5699,#5700,#5701));
#2396=EDGE_LOOP('',(#5702,#5703,#5704,#5705,#5706,#5707,#5708,#5709,#5710,
#5711,#5712,#5713,#5714,#5715,#5716,#5717,#5718,#5719,#5720,#5721,#5722,
#5723,#5724,#5725,#5726,#5727,#5728,#5729,#5730,#5731,#5732,#5733,#5734,
#5735));
#2397=EDGE_LOOP('',(#5736,#5737,#5738,#5739));
#2398=EDGE_LOOP('',(#5740,#5741,#5742,#5743,#5744,#5745,#5746,#5747));
#2399=EDGE_LOOP('',(#5748,#5749,#5750,#5751,#5752,#5753,#5754,#5755));
#2400=EDGE_LOOP('',(#5756,#5757,#5758,#5759));
#2401=EDGE_LOOP('',(#5760,#5761,#5762,#5763));
#2402=EDGE_LOOP('',(#5764,#5765,#5766,#5767));
#2403=EDGE_LOOP('',(#5768,#5769,#5770,#5771));
#2404=EDGE_LOOP('',(#5772,#5773,#5774,#5775,#5776,#5777));
#2405=EDGE_LOOP('',(#5778,#5779,#5780,#5781));
#2406=EDGE_LOOP('',(#5782,#5783,#5784,#5785,#5786,#5787,#5788,#5789));
#2407=EDGE_LOOP('',(#5790,#5791,#5792,#5793,#5794,#5795));
#2408=EDGE_LOOP('',(#5796,#5797,#5798,#5799));
#2409=EDGE_LOOP('',(#5800,#5801,#5802,#5803,#5804,#5805,#5806,#5807,#5808,
#5809,#5810,#5811,#5812));
#2410=EDGE_LOOP('',(#5813,#5814,#5815,#5816));
#2411=EDGE_LOOP('',(#5817,#5818,#5819,#5820));
#2412=EDGE_LOOP('',(#5821,#5822,#5823,#5824));
#2413=EDGE_LOOP('',(#5825,#5826,#5827,#5828));
#2414=EDGE_LOOP('',(#5829,#5830,#5831,#5832));
#2415=EDGE_LOOP('',(#5833,#5834,#5835,#5836));
#2416=EDGE_LOOP('',(#5837,#5838,#5839,#5840));
#2417=EDGE_LOOP('',(#5841,#5842,#5843,#5844));
#2418=EDGE_LOOP('',(#5845,#5846,#5847,#5848));
#2419=EDGE_LOOP('',(#5849,#5850,#5851,#5852));
#2420=EDGE_LOOP('',(#5853,#5854,#5855,#5856,#5857,#5858));
#2421=EDGE_LOOP('',(#5859,#5860,#5861,#5862));
#2422=EDGE_LOOP('',(#5863,#5864,#5865,#5866));
#2423=EDGE_LOOP('',(#5867,#5868,#5869,#5870));
#2424=EDGE_LOOP('',(#5871,#5872,#5873,#5874,#5875,#5876,#5877,#5878,#5879,
#5880,#5881,#5882,#5883,#5884,#5885,#5886,#5887));
#2425=EDGE_LOOP('',(#5888,#5889,#5890,#5891,#5892,#5893,#5894,#5895));
#2426=EDGE_LOOP('',(#5896,#5897,#5898,#5899,#5900,#5901));
#2427=EDGE_LOOP('',(#5902,#5903,#5904,#5905,#5906,#5907,#5908,#5909));
#2428=EDGE_LOOP('',(#5910));
#2429=EDGE_LOOP('',(#5911,#5912,#5913,#5914,#5915,#5916));
#2430=EDGE_LOOP('',(#5917,#5918,#5919,#5920));
#2431=EDGE_LOOP('',(#5921,#5922,#5923,#5924,#5925));
#2432=EDGE_LOOP('',(#5926,#5927,#5928,#5929,#5930,#5931,#5932,#5933));
#2433=EDGE_LOOP('',(#5934,#5935,#5936,#5937));
#2434=EDGE_LOOP('',(#5938,#5939,#5940,#5941));
#2435=EDGE_LOOP('',(#5942,#5943,#5944,#5945));
#2436=EDGE_LOOP('',(#5946,#5947,#5948,#5949));
#2437=EDGE_LOOP('',(#5950,#5951,#5952,#5953));
#2438=EDGE_LOOP('',(#5954,#5955,#5956,#5957));
#2439=EDGE_LOOP('',(#5958,#5959,#5960,#5961));
#2440=EDGE_LOOP('',(#5962,#5963,#5964,#5965));
#2441=EDGE_LOOP('',(#5966,#5967,#5968,#5969));
#2442=EDGE_LOOP('',(#5970,#5971,#5972,#5973));
#2443=EDGE_LOOP('',(#5974,#5975,#5976,#5977,#5978,#5979));
#2444=EDGE_LOOP('',(#5980,#5981,#5982,#5983,#5984,#5985));
#2445=EDGE_LOOP('',(#5986,#5987,#5988,#5989));
#2446=EDGE_LOOP('',(#5990,#5991,#5992,#5993,#5994));
#2447=EDGE_LOOP('',(#5995,#5996,#5997,#5998));
#2448=EDGE_LOOP('',(#5999,#6000,#6001,#6002,#6003));
#2449=EDGE_LOOP('',(#6004,#6005,#6006,#6007));
#2450=EDGE_LOOP('',(#6008,#6009,#6010,#6011));
#2451=EDGE_LOOP('',(#6012,#6013,#6014,#6015,#6016,#6017));
#2452=EDGE_LOOP('',(#6018,#6019,#6020,#6021));
#2453=EDGE_LOOP('',(#6022,#6023,#6024,#6025));
#2454=EDGE_LOOP('',(#6026,#6027,#6028,#6029));
#2455=EDGE_LOOP('',(#6030,#6031,#6032,#6033));
#2456=EDGE_LOOP('',(#6034,#6035,#6036,#6037));
#2457=EDGE_LOOP('',(#6038,#6039,#6040,#6041));
#2458=EDGE_LOOP('',(#6042,#6043,#6044,#6045,#6046,#6047,#6048,#6049));
#2459=EDGE_LOOP('',(#6050,#6051,#6052,#6053));
#2460=EDGE_LOOP('',(#6054,#6055,#6056,#6057));
#2461=EDGE_LOOP('',(#6058,#6059,#6060,#6061));
#2462=EDGE_LOOP('',(#6062,#6063,#6064,#6065));
#2463=EDGE_LOOP('',(#6066,#6067,#6068,#6069));
#2464=EDGE_LOOP('',(#6070,#6071,#6072,#6073));
#2465=EDGE_LOOP('',(#6074,#6075,#6076,#6077));
#2466=EDGE_LOOP('',(#6078,#6079,#6080,#6081));
#2467=EDGE_LOOP('',(#6082,#6083,#6084,#6085,#6086,#6087));
#2468=EDGE_LOOP('',(#6088,#6089,#6090,#6091));
#2469=EDGE_LOOP('',(#6092,#6093,#6094,#6095));
#2470=EDGE_LOOP('',(#6096,#6097,#6098,#6099));
#2471=EDGE_LOOP('',(#6100,#6101,#6102,#6103));
#2472=EDGE_LOOP('',(#6104,#6105,#6106,#6107));
#2473=EDGE_LOOP('',(#6108,#6109,#6110,#6111));
#2474=EDGE_LOOP('',(#6112,#6113,#6114,#6115,#6116,#6117,#6118,#6119));
#2475=EDGE_LOOP('',(#6120,#6121,#6122,#6123));
#2476=EDGE_LOOP('',(#6124,#6125,#6126,#6127));
#2477=EDGE_LOOP('',(#6128,#6129,#6130,#6131));
#2478=EDGE_LOOP('',(#6132,#6133,#6134,#6135));
#2479=EDGE_LOOP('',(#6136,#6137,#6138,#6139));
#2480=EDGE_LOOP('',(#6140,#6141,#6142,#6143));
#2481=EDGE_LOOP('',(#6144,#6145,#6146,#6147));
#2482=EDGE_LOOP('',(#6148,#6149,#6150,#6151));
#2483=EDGE_LOOP('',(#6152,#6153,#6154,#6155));
#2484=EDGE_LOOP('',(#6156,#6157,#6158,#6159));
#2485=EDGE_LOOP('',(#6160,#6161,#6162,#6163,#6164,#6165));
#2486=EDGE_LOOP('',(#6166));
#2487=EDGE_LOOP('',(#6167,#6168,#6169,#6170,#6171,#6172,#6173));
#2488=EDGE_LOOP('',(#6174,#6175,#6176,#6177));
#2489=EDGE_LOOP('',(#6178,#6179,#6180,#6181));
#2490=EDGE_LOOP('',(#6182,#6183,#6184,#6185));
#2491=EDGE_LOOP('',(#6186,#6187,#6188,#6189));
#2492=EDGE_LOOP('',(#6190,#6191,#6192,#6193,#6194));
#2493=EDGE_LOOP('',(#6195,#6196,#6197,#6198,#6199,#6200));
#2494=EDGE_LOOP('',(#6201,#6202,#6203,#6204));
#2495=EDGE_LOOP('',(#6205,#6206,#6207,#6208));
#2496=EDGE_LOOP('',(#6209,#6210,#6211,#6212));
#2497=EDGE_LOOP('',(#6213,#6214,#6215,#6216));
#2498=EDGE_LOOP('',(#6217,#6218,#6219,#6220));
#2499=EDGE_LOOP('',(#6221,#6222,#6223,#6224));
#2500=EDGE_LOOP('',(#6225,#6226,#6227,#6228));
#2501=EDGE_LOOP('',(#6229,#6230,#6231,#6232));
#2502=EDGE_LOOP('',(#6233,#6234,#6235,#6236));
#2503=EDGE_LOOP('',(#6237,#6238,#6239,#6240));
#2504=EDGE_LOOP('',(#6241,#6242,#6243,#6244));
#2505=EDGE_LOOP('',(#6245,#6246,#6247,#6248));
#2506=EDGE_LOOP('',(#6249,#6250,#6251,#6252));
#2507=EDGE_LOOP('',(#6253,#6254,#6255,#6256,#6257,#6258));
#2508=EDGE_LOOP('',(#6259,#6260,#6261,#6262));
#2509=EDGE_LOOP('',(#6263,#6264,#6265,#6266));
#2510=EDGE_LOOP('',(#6267));
#2511=EDGE_LOOP('',(#6268));
#2512=EDGE_LOOP('',(#6269,#6270,#6271,#6272,#6273,#6274,#6275,#6276));
#2513=EDGE_LOOP('',(#6277,#6278,#6279,#6280,#6281,#6282));
#2514=EDGE_LOOP('',(#6283,#6284,#6285,#6286,#6287,#6288));
#2515=EDGE_LOOP('',(#6289,#6290,#6291,#6292));
#2516=EDGE_LOOP('',(#6293,#6294,#6295,#6296,#6297,#6298,#6299,#6300));
#2517=EDGE_LOOP('',(#6301,#6302,#6303,#6304));
#2518=EDGE_LOOP('',(#6305,#6306,#6307,#6308));
#2519=EDGE_LOOP('',(#6309,#6310,#6311,#6312));
#2520=EDGE_LOOP('',(#6313,#6314,#6315,#6316));
#2521=EDGE_LOOP('',(#6317,#6318,#6319,#6320));
#2522=EDGE_LOOP('',(#6321,#6322,#6323,#6324));
#2523=EDGE_LOOP('',(#6325,#6326,#6327,#6328));
#2524=EDGE_LOOP('',(#6329,#6330,#6331,#6332));
#2525=EDGE_LOOP('',(#6333,#6334,#6335,#6336));
#2526=EDGE_LOOP('',(#6337,#6338,#6339,#6340));
#2527=EDGE_LOOP('',(#6341,#6342,#6343,#6344));
#2528=EDGE_LOOP('',(#6345,#6346,#6347,#6348));
#2529=EDGE_LOOP('',(#6349,#6350,#6351,#6352));
#2530=EDGE_LOOP('',(#6353,#6354,#6355,#6356));
#2531=EDGE_LOOP('',(#6357,#6358,#6359,#6360));
#2532=EDGE_LOOP('',(#6361,#6362,#6363,#6364,#6365,#6366));
#2533=EDGE_LOOP('',(#6367,#6368,#6369,#6370));
#2534=EDGE_LOOP('',(#6371,#6372,#6373,#6374));
#2535=EDGE_LOOP('',(#6375,#6376,#6377,#6378));
#2536=EDGE_LOOP('',(#6379,#6380,#6381,#6382,#6383));
#2537=EDGE_LOOP('',(#6384,#6385,#6386,#6387));
#2538=EDGE_LOOP('',(#6388,#6389,#6390,#6391));
#2539=EDGE_LOOP('',(#6392,#6393,#6394,#6395));
#2540=EDGE_LOOP('',(#6396,#6397,#6398,#6399));
#2541=EDGE_LOOP('',(#6400,#6401,#6402,#6403));
#2542=EDGE_LOOP('',(#6404,#6405,#6406,#6407));
#2543=EDGE_LOOP('',(#6408,#6409,#6410,#6411));
#2544=EDGE_LOOP('',(#6412,#6413,#6414,#6415));
#2545=EDGE_LOOP('',(#6416,#6417,#6418,#6419));
#2546=EDGE_LOOP('',(#6420,#6421,#6422,#6423));
#2547=EDGE_LOOP('',(#6424,#6425,#6426,#6427));
#2548=EDGE_LOOP('',(#6428,#6429,#6430,#6431));
#2549=EDGE_LOOP('',(#6432,#6433,#6434,#6435));
#2550=EDGE_LOOP('',(#6436,#6437,#6438,#6439));
#2551=EDGE_LOOP('',(#6440,#6441,#6442,#6443));
#2552=EDGE_LOOP('',(#6444,#6445,#6446,#6447));
#2553=EDGE_LOOP('',(#6448,#6449,#6450,#6451));
#2554=EDGE_LOOP('',(#6452,#6453,#6454,#6455));
#2555=EDGE_LOOP('',(#6456,#6457,#6458,#6459));
#2556=EDGE_LOOP('',(#6460,#6461,#6462,#6463));
#2557=EDGE_LOOP('',(#6464,#6465,#6466,#6467));
#2558=EDGE_LOOP('',(#6468,#6469,#6470,#6471));
#2559=EDGE_LOOP('',(#6472,#6473,#6474,#6475,#6476));
#2560=EDGE_LOOP('',(#6477,#6478,#6479,#6480));
#2561=EDGE_LOOP('',(#6481,#6482,#6483,#6484));
#2562=EDGE_LOOP('',(#6485,#6486,#6487,#6488));
#2563=EDGE_LOOP('',(#6489,#6490,#6491,#6492));
#2564=EDGE_LOOP('',(#6493,#6494,#6495,#6496));
#2565=EDGE_LOOP('',(#6497,#6498,#6499,#6500));
#2566=EDGE_LOOP('',(#6501,#6502,#6503,#6504));
#2567=EDGE_LOOP('',(#6505,#6506,#6507,#6508));
#2568=EDGE_LOOP('',(#6509,#6510,#6511,#6512));
#2569=EDGE_LOOP('',(#6513,#6514,#6515,#6516));
#2570=EDGE_LOOP('',(#6517,#6518,#6519,#6520));
#2571=EDGE_LOOP('',(#6521,#6522,#6523,#6524));
#2572=EDGE_LOOP('',(#6525,#6526,#6527,#6528));
#2573=EDGE_LOOP('',(#6529,#6530,#6531,#6532));
#2574=EDGE_LOOP('',(#6533,#6534,#6535,#6536));
#2575=EDGE_LOOP('',(#6537,#6538,#6539,#6540));
#2576=EDGE_LOOP('',(#6541,#6542,#6543,#6544));
#2577=EDGE_LOOP('',(#6545,#6546,#6547,#6548,#6549,#6550,#6551,#6552,#6553,
#6554,#6555,#6556,#6557,#6558));
#2578=EDGE_LOOP('',(#6559,#6560,#6561,#6562,#6563,#6564));
#2579=EDGE_LOOP('',(#6565,#6566,#6567,#6568,#6569));
#2580=EDGE_LOOP('',(#6570,#6571,#6572,#6573,#6574,#6575,#6576,#6577));
#2581=EDGE_LOOP('',(#6578,#6579,#6580,#6581,#6582));
#2582=EDGE_LOOP('',(#6583,#6584,#6585,#6586,#6587,#6588,#6589));
#2583=EDGE_LOOP('',(#6590,#6591,#6592,#6593,#6594,#6595));
#2584=EDGE_LOOP('',(#6596,#6597,#6598,#6599,#6600,#6601));
#2585=EDGE_LOOP('',(#6602,#6603,#6604,#6605,#6606,#6607,#6608,#6609));
#2586=EDGE_LOOP('',(#6610));
#2587=EDGE_LOOP('',(#6611,#6612,#6613,#6614,#6615));
#2588=EDGE_LOOP('',(#6616,#6617,#6618,#6619));
#2589=EDGE_LOOP('',(#6620,#6621,#6622,#6623));
#2590=EDGE_LOOP('',(#6624,#6625,#6626,#6627));
#2591=EDGE_LOOP('',(#6628,#6629,#6630,#6631));
#2592=EDGE_LOOP('',(#6632,#6633,#6634,#6635));
#2593=EDGE_LOOP('',(#6636,#6637,#6638,#6639));
#2594=EDGE_LOOP('',(#6640,#6641,#6642,#6643));
#2595=EDGE_LOOP('',(#6644,#6645,#6646,#6647,#6648,#6649));
#2596=EDGE_LOOP('',(#6650,#6651,#6652,#6653));
#2597=EDGE_LOOP('',(#6654,#6655,#6656,#6657,#6658,#6659,#6660,#6661,#6662));
#2598=EDGE_LOOP('',(#6663));
#2599=EDGE_LOOP('',(#6664,#6665,#6666,#6667));
#2600=EDGE_LOOP('',(#6668,#6669,#6670,#6671));
#2601=EDGE_LOOP('',(#6672,#6673,#6674,#6675));
#2602=EDGE_LOOP('',(#6676,#6677,#6678,#6679));
#2603=EDGE_LOOP('',(#6680));
#2604=EDGE_LOOP('',(#6681));
#2605=EDGE_LOOP('',(#6682,#6683,#6684,#6685));
#2606=EDGE_LOOP('',(#6686,#6687,#6688,#6689));
#2607=EDGE_LOOP('',(#6690));
#2608=EDGE_LOOP('',(#6691));
#2609=EDGE_LOOP('',(#6692,#6693,#6694));
#2610=EDGE_LOOP('',(#6695,#6696));
#2611=EDGE_LOOP('',(#6697,#6698,#6699,#6700));
#2612=EDGE_LOOP('',(#6701,#6702,#6703,#6704,#6705));
#2613=EDGE_LOOP('',(#6706));
#2614=EDGE_LOOP('',(#6707,#6708,#6709));
#2615=CIRCLE('',#7366,0.819999999999979);
#2616=CIRCLE('',#7369,0.820000000000277);
#2617=CIRCLE('',#7374,1.41299999999986);
#2618=CIRCLE('',#7375,1.41299999999986);
#2619=CIRCLE('',#7378,0.819999999999979);
#2620=CIRCLE('',#7380,12.1301147448429);
#2621=CIRCLE('',#7382,3.);
#2622=CIRCLE('',#7383,1.50000000000005);
#2623=CIRCLE('',#7386,3.);
#2624=CIRCLE('',#7387,1.50000000000002);
#2625=CIRCLE('',#7389,12.);
#2626=CIRCLE('',#7391,14.);
#2627=CIRCLE('',#7394,13.9999999999998);
#2628=CIRCLE('',#7395,12.);
#2629=CIRCLE('',#7397,9.79999999999915);
#2630=CIRCLE('',#7398,11.7999999999991);
#2631=CIRCLE('',#7401,12.);
#2632=CIRCLE('',#7403,11.7999999999991);
#2633=CIRCLE('',#7405,12.);
#2634=CIRCLE('',#7406,14.);
#2635=CIRCLE('',#7408,2.99999999999956);
#2636=CIRCLE('',#7409,4.);
#2637=CIRCLE('',#7410,4.);
#2638=CIRCLE('',#7411,4.);
#2639=CIRCLE('',#7412,4.);
#2640=CIRCLE('',#7413,3.99999999999997);
#2641=CIRCLE('',#7414,11.726);
#2642=CIRCLE('',#7415,4.);
#2643=CIRCLE('',#7416,4.);
#2644=CIRCLE('',#7417,4.);
#2645=CIRCLE('',#7418,4.);
#2646=CIRCLE('',#7419,4.);
#2647=CIRCLE('',#7420,2.);
#2648=CIRCLE('',#7421,4.);
#2649=CIRCLE('',#7422,4.);
#2650=CIRCLE('',#7423,2.);
#2651=CIRCLE('',#7424,4.99999999999986);
#2652=CIRCLE('',#7425,4.);
#2653=CIRCLE('',#7426,4.);
#2654=CIRCLE('',#7427,4.);
#2655=CIRCLE('',#7430,3.49999999999993);
#2656=CIRCLE('',#7431,3.50000000000003);
#2657=CIRCLE('',#7432,3.50000000000004);
#2658=CIRCLE('',#7433,3.49999999999995);
#2659=CIRCLE('',#7439,4.99999999999957);
#2660=CIRCLE('',#7442,12.);
#2661=CIRCLE('',#7444,14.);
#2662=CIRCLE('',#7446,9.79999999999915);
#2663=CIRCLE('',#7448,14.);
#2664=CIRCLE('',#7452,2.50000000000002);
#2665=CIRCLE('',#7453,2.50000000000002);
#2666=CIRCLE('',#7454,2.50000000000002);
#2667=CIRCLE('',#7462,2.49999999999999);
#2668=CIRCLE('',#7463,2.50000000000002);
#2669=CIRCLE('',#7464,2.49999999999997);
#2670=CIRCLE('',#7472,2.5);
#2671=CIRCLE('',#7473,2.50000000000001);
#2672=CIRCLE('',#7474,2.50000000000001);
#2673=CIRCLE('',#7475,13.226);
#2674=CIRCLE('',#7476,2.49999999999987);
#2675=CIRCLE('',#7486,2.49999999999998);
#2676=CIRCLE('',#7487,2.50000000000001);
#2677=CIRCLE('',#7488,2.49999999999999);
#2678=CIRCLE('',#7496,0.499999999999981);
#2679=CIRCLE('',#7497,0.499999999999996);
#2680=CIRCLE('',#7498,2.5);
#2681=CIRCLE('',#7499,2.49999999999997);
#2682=CIRCLE('',#7509,4.49999999999989);
#2683=CIRCLE('',#7510,4.49999999999989);
#2684=CIRCLE('',#7513,3.99999999999999);
#2685=CIRCLE('',#7516,3.99999999999999);
#2686=CIRCLE('',#7526,2.5);
#2687=CIRCLE('',#7528,12.1301147448429);
#2688=CIRCLE('',#7530,2.5);
#2689=CIRCLE('',#7533,6.25);
#2690=CIRCLE('',#7535,2.);
#2691=CIRCLE('',#7536,2.);
#2692=CIRCLE('',#7537,13.6301147448429);
#2693=CIRCLE('',#7538,2.);
#2694=CIRCLE('',#7539,2.);
#2695=CIRCLE('',#7541,2.);
#2696=CIRCLE('',#7542,2.);
#2697=CIRCLE('',#7543,2.);
#2698=CIRCLE('',#7545,2.);
#2699=CIRCLE('',#7546,2.);
#2700=CIRCLE('',#7547,2.);
#2701=CIRCLE('',#7549,13.6301147448429);
#2702=CIRCLE('',#7550,13.6301147448429);
#2703=CIRCLE('',#7552,2.);
#2704=CIRCLE('',#7553,2.);
#2705=CIRCLE('',#7554,2.);
#2706=CIRCLE('',#7555,2.);
#2707=CIRCLE('',#7557,8.);
#2708=CIRCLE('',#7558,9.48999999999999);
#2709=CIRCLE('',#7561,8.);
#2710=CIRCLE('',#7562,9.49000000000003);
#2711=CIRCLE('',#7571,3.99000000000001);
#2712=CIRCLE('',#7573,10.6401147448429);
#2713=CIRCLE('',#7575,3.98999999999999);
#2714=CIRCLE('',#7580,11.6301147448429);
#2715=CIRCLE('',#7588,7.25000000000002);
#2716=CIRCLE('',#7590,12.1301147448429);
#2717=CIRCLE('',#7592,3.49999999999997);
#2718=CIRCLE('',#7595,3.5);
#2719=CIRCLE('',#7598,3.49999999999998);
#2720=CIRCLE('',#7601,3.50000000000002);
#2721=CIRCLE('',#7603,3.50000000000002);
#2722=CIRCLE('',#7606,3.5);
#2723=CIRCLE('',#7609,3.50000000000003);
#2724=CIRCLE('',#7613,3.50000000000002);
#2725=CIRCLE('',#7616,3.50000000000002);
#2726=CIRCLE('',#7619,3.50000000000001);
#2727=CIRCLE('',#7623,11.6301147448429);
#2728=CIRCLE('',#7637,8.);
#2729=CIRCLE('',#7640,8.);
#2730=CIRCLE('',#7649,10.);
#2731=CIRCLE('',#7651,9.99999999999999);
#2732=CIRCLE('',#7654,9.99999999999999);
#2733=CIRCLE('',#7659,7.99999999999998);
#2734=CIRCLE('',#7664,17.9999999999999);
#2735=CIRCLE('',#7665,13.0000000000001);
#2736=CIRCLE('',#7666,7.50000000000002);
#2737=CIRCLE('',#7669,12.);
#2738=CIRCLE('',#7671,19.);
#2739=CIRCLE('',#7674,6.49999999999999);
#2740=CIRCLE('',#7675,3.99999999999999);
#2741=CIRCLE('',#7678,3.99999999999999);
#2742=CIRCLE('',#7681,14.);
#2743=CIRCLE('',#7682,7.99999999999998);
#2744=CIRCLE('',#7683,9.99999999999999);
#2745=CIRCLE('',#7684,9.99999999999999);
#2746=CIRCLE('',#7685,4.00000000000001);
#2747=CIRCLE('',#7686,4.00000000000001);
#2748=CIRCLE('',#7688,3.50000000000001);
#2749=CIRCLE('',#7690,3.50000000000001);
#2750=CIRCLE('',#7692,3.50000000000001);
#2751=CIRCLE('',#7694,3.50000000000001);
#2752=CIRCLE('',#7697,12.1301147448429);
#2753=CIRCLE('',#7701,1.50000000000002);
#2754=CIRCLE('',#7702,1.50000000000005);
#2755=CIRCLE('',#7706,4.99999999999957);
#2756=CIRCLE('',#7711,9.48999999999999);
#2757=CIRCLE('',#7712,9.49000000000003);
#2758=CIRCLE('',#7719,12.);
#2759=CIRCLE('',#7721,3.);
#2760=CIRCLE('',#7722,3.);
#2761=CIRCLE('',#7734,19.);
#2762=CIRCLE('',#7736,12.);
#2763=CIRCLE('',#7740,12.);
#2764=CIRCLE('',#7741,13.9999999999998);
#2765=CIRCLE('',#7743,11.7999999999991);
#2766=CIRCLE('',#7744,9.79999999999915);
#2767=CIRCLE('',#7747,12.);
#2768=CIRCLE('',#7749,11.7999999999991);
#2769=CIRCLE('',#7751,14.);
#2770=CIRCLE('',#7752,12.);
#2771=CIRCLE('',#7754,4.);
#2772=CIRCLE('',#7755,4.);
#2773=CIRCLE('',#7756,4.);
#2774=CIRCLE('',#7757,2.99999999999956);
#2775=CIRCLE('',#7758,4.);
#2776=CIRCLE('',#7759,4.);
#2777=CIRCLE('',#7760,11.726);
#2778=CIRCLE('',#7761,3.99999999999997);
#2779=CIRCLE('',#7762,4.);
#2780=CIRCLE('',#7763,4.);
#2781=CIRCLE('',#7764,4.);
#2782=CIRCLE('',#7765,4.);
#2783=CIRCLE('',#7766,2.);
#2784=CIRCLE('',#7767,4.);
#2785=CIRCLE('',#7768,4.);
#2786=CIRCLE('',#7769,2.);
#2787=CIRCLE('',#7770,4.99999999999986);
#2788=CIRCLE('',#7771,4.);
#2789=CIRCLE('',#7772,4.);
#2790=CIRCLE('',#7773,4.);
#2791=CIRCLE('',#7776,3.49999999999993);
#2792=CIRCLE('',#7777,3.49999999999995);
#2793=CIRCLE('',#7778,3.50000000000004);
#2794=CIRCLE('',#7779,3.50000000000003);
#2795=CIRCLE('',#7787,12.);
#2796=CIRCLE('',#7789,14.);
#2797=CIRCLE('',#7791,9.79999999999915);
#2798=CIRCLE('',#7793,14.);
#2799=CIRCLE('',#7796,2.50000000000002);
#2800=CIRCLE('',#7797,2.50000000000002);
#2801=CIRCLE('',#7798,2.50000000000002);
#2802=CIRCLE('',#7806,2.49999999999999);
#2803=CIRCLE('',#7807,2.49999999999997);
#2804=CIRCLE('',#7808,2.50000000000002);
#2805=CIRCLE('',#7816,2.5);
#2806=CIRCLE('',#7817,2.49999999999987);
#2807=CIRCLE('',#7818,13.226);
#2808=CIRCLE('',#7819,2.50000000000001);
#2809=CIRCLE('',#7820,2.50000000000001);
#2810=CIRCLE('',#7830,2.49999999999998);
#2811=CIRCLE('',#7831,2.49999999999999);
#2812=CIRCLE('',#7832,2.50000000000001);
#2813=CIRCLE('',#7840,0.499999999999981);
#2814=CIRCLE('',#7841,2.49999999999997);
#2815=CIRCLE('',#7842,2.5);
#2816=CIRCLE('',#7843,0.499999999999996);
#2817=CIRCLE('',#7853,4.49999999999989);
#2818=CIRCLE('',#7854,4.49999999999989);
#2819=CIRCLE('',#7857,3.99999999999999);
#2820=CIRCLE('',#7860,3.99999999999999);
#2821=CIRCLE('',#7870,2.5);
#2822=CIRCLE('',#7872,12.1301147448429);
#2823=CIRCLE('',#7874,2.5);
#2824=CIRCLE('',#7877,6.25);
#2825=CIRCLE('',#7879,2.);
#2826=CIRCLE('',#7880,2.);
#2827=CIRCLE('',#7881,2.);
#2828=CIRCLE('',#7882,13.6301147448429);
#2829=CIRCLE('',#7883,2.);
#2830=CIRCLE('',#7885,2.);
#2831=CIRCLE('',#7886,2.);
#2832=CIRCLE('',#7887,2.);
#2833=CIRCLE('',#7889,2.);
#2834=CIRCLE('',#7890,2.);
#2835=CIRCLE('',#7891,2.);
#2836=CIRCLE('',#7893,13.6301147448429);
#2837=CIRCLE('',#7894,13.6301147448429);
#2838=CIRCLE('',#7896,2.);
#2839=CIRCLE('',#7897,2.);
#2840=CIRCLE('',#7898,2.);
#2841=CIRCLE('',#7899,2.);
#2842=CIRCLE('',#7901,8.);
#2843=CIRCLE('',#7904,8.);
#2844=CIRCLE('',#7913,3.99000000000001);
#2845=CIRCLE('',#7915,10.6401147448429);
#2846=CIRCLE('',#7917,3.98999999999999);
#2847=CIRCLE('',#7922,11.6301147448429);
#2848=CIRCLE('',#7930,7.25000000000002);
#2849=CIRCLE('',#7932,12.1301147448429);
#2850=CIRCLE('',#7934,3.49999999999997);
#2851=CIRCLE('',#7937,3.5);
#2852=CIRCLE('',#7940,3.49999999999998);
#2853=CIRCLE('',#7943,3.50000000000002);
#2854=CIRCLE('',#7945,3.50000000000002);
#2855=CIRCLE('',#7948,3.5);
#2856=CIRCLE('',#7951,3.50000000000003);
#2857=CIRCLE('',#7955,3.50000000000002);
#2858=CIRCLE('',#7958,3.50000000000002);
#2859=CIRCLE('',#7961,3.50000000000001);
#2860=CIRCLE('',#7965,11.6301147448429);
#2861=CIRCLE('',#7979,8.);
#2862=CIRCLE('',#7982,8.);
#2863=CIRCLE('',#7991,10.);
#2864=CIRCLE('',#8002,13.0000000000001);
#2865=CIRCLE('',#8003,17.9999999999999);
#2866=CIRCLE('',#8004,7.50000000000002);
#2867=CIRCLE('',#8010,6.49999999999999);
#2868=CIRCLE('',#8011,3.99999999999999);
#2869=CIRCLE('',#8014,3.99999999999999);
#2870=CIRCLE('',#8019,1.41299999999986);
#2871=CIRCLE('',#8020,1.41299999999986);
#2872=CIRCLE('',#8023,0.820000000000277);
#2873=VERTEX_POINT('',#10015);
#2874=VERTEX_POINT('',#10018);
#2875=VERTEX_POINT('',#10021);
#2876=VERTEX_POINT('',#10024);
#2877=VERTEX_POINT('',#10027);
#2878=VERTEX_POINT('',#10028);
#2879=VERTEX_POINT('',#10030);
#2880=VERTEX_POINT('',#10034);
#2881=VERTEX_POINT('',#10035);
#2882=VERTEX_POINT('',#10045);
#2883=VERTEX_POINT('',#10048);
#2884=VERTEX_POINT('',#10138);
#2885=VERTEX_POINT('',#10139);
#2886=VERTEX_POINT('',#10144);
#2887=VERTEX_POINT('',#10151);
#2888=VERTEX_POINT('',#10172);
#2889=VERTEX_POINT('',#10219);
#2890=VERTEX_POINT('',#10221);
#2891=VERTEX_POINT('',#10240);
#2892=VERTEX_POINT('',#10259);
#2893=VERTEX_POINT('',#10268);
#2894=VERTEX_POINT('',#10290);
#2895=VERTEX_POINT('',#10291);
#2896=VERTEX_POINT('',#10307);
#2897=VERTEX_POINT('',#10308);
#2898=VERTEX_POINT('',#10310);
#2899=VERTEX_POINT('',#10312);
#2900=VERTEX_POINT('',#10316);
#2901=VERTEX_POINT('',#10318);
#2902=VERTEX_POINT('',#10322);
#2903=VERTEX_POINT('',#10324);
#2904=VERTEX_POINT('',#10328);
#2905=VERTEX_POINT('',#10329);
#2906=VERTEX_POINT('',#10338);
#2907=VERTEX_POINT('',#10340);
#2908=VERTEX_POINT('',#10342);
#2909=VERTEX_POINT('',#10344);
#2910=VERTEX_POINT('',#10346);
#2911=VERTEX_POINT('',#10351);
#2912=VERTEX_POINT('',#10356);
#2913=VERTEX_POINT('',#10361);
#2914=VERTEX_POINT('',#10366);
#2915=VERTEX_POINT('',#10371);
#2916=VERTEX_POINT('',#10373);
#2917=VERTEX_POINT('',#10384);
#2918=VERTEX_POINT('',#10386);
#2919=VERTEX_POINT('',#10405);
#2920=VERTEX_POINT('',#10413);
#2921=VERTEX_POINT('',#10435);
#2922=VERTEX_POINT('',#10437);
#2923=VERTEX_POINT('',#10479);
#2924=VERTEX_POINT('',#10481);
#2925=VERTEX_POINT('',#10508);
#2926=VERTEX_POINT('',#10509);
#2927=VERTEX_POINT('',#10511);
#2928=VERTEX_POINT('',#10513);
#2929=VERTEX_POINT('',#10517);
#2930=VERTEX_POINT('',#10518);
#2931=VERTEX_POINT('',#10523);
#2932=VERTEX_POINT('',#10524);
#2933=VERTEX_POINT('',#10553);
#2934=VERTEX_POINT('',#10555);
#2935=VERTEX_POINT('',#10559);
#2936=VERTEX_POINT('',#10563);
#2937=VERTEX_POINT('',#10567);
#2938=VERTEX_POINT('',#10569);
#2939=VERTEX_POINT('',#10573);
#2940=VERTEX_POINT('',#10575);
#2941=VERTEX_POINT('',#10577);
#2942=VERTEX_POINT('',#10579);
#2943=VERTEX_POINT('',#10582);
#2944=VERTEX_POINT('',#10584);
#2945=VERTEX_POINT('',#10586);
#2946=VERTEX_POINT('',#10588);
#2947=VERTEX_POINT('',#10591);
#2948=VERTEX_POINT('',#10592);
#2949=VERTEX_POINT('',#10594);
#2950=VERTEX_POINT('',#10596);
#2951=VERTEX_POINT('',#10598);
#2952=VERTEX_POINT('',#10600);
#2953=VERTEX_POINT('',#10602);
#2954=VERTEX_POINT('',#10604);
#2955=VERTEX_POINT('',#10607);
#2956=VERTEX_POINT('',#10608);
#2957=VERTEX_POINT('',#10610);
#2958=VERTEX_POINT('',#10612);
#2959=VERTEX_POINT('',#10614);
#2960=VERTEX_POINT('',#10616);
#2961=VERTEX_POINT('',#10619);
#2962=VERTEX_POINT('',#10620);
#2963=VERTEX_POINT('',#10622);
#2964=VERTEX_POINT('',#10624);
#2965=VERTEX_POINT('',#10626);
#2966=VERTEX_POINT('',#10628);
#2967=VERTEX_POINT('',#10630);
#2968=VERTEX_POINT('',#10632);
#2969=VERTEX_POINT('',#10635);
#2970=VERTEX_POINT('',#10637);
#2971=VERTEX_POINT('',#10638);
#2972=VERTEX_POINT('',#10640);
#2973=VERTEX_POINT('',#10642);
#2974=VERTEX_POINT('',#10644);
#2975=VERTEX_POINT('',#10646);
#2976=VERTEX_POINT('',#10650);
#2977=VERTEX_POINT('',#10652);
#2978=VERTEX_POINT('',#10656);
#2979=VERTEX_POINT('',#10658);
#2980=VERTEX_POINT('',#10664);
#2981=VERTEX_POINT('',#10665);
#2982=VERTEX_POINT('',#10667);
#2983=VERTEX_POINT('',#10669);
#2984=VERTEX_POINT('',#10671);
#2985=VERTEX_POINT('',#10673);
#2986=VERTEX_POINT('',#10675);
#2987=VERTEX_POINT('',#10677);
#2988=VERTEX_POINT('',#10681);
#2989=VERTEX_POINT('',#10683);
#2990=VERTEX_POINT('',#10687);
#2991=VERTEX_POINT('',#10691);
#2992=VERTEX_POINT('',#10695);
#2993=VERTEX_POINT('',#10699);
#2994=VERTEX_POINT('',#10705);
#2995=VERTEX_POINT('',#10709);
#2996=VERTEX_POINT('',#10710);
#2997=VERTEX_POINT('',#10715);
#2998=VERTEX_POINT('',#10719);
#2999=VERTEX_POINT('',#10723);
#3000=VERTEX_POINT('',#10724);
#3001=VERTEX_POINT('',#10726);
#3002=VERTEX_POINT('',#10729);
#3003=VERTEX_POINT('',#10733);
#3004=VERTEX_POINT('',#10734);
#3005=VERTEX_POINT('',#10736);
#3006=VERTEX_POINT('',#10738);
#3007=VERTEX_POINT('',#10740);
#3008=VERTEX_POINT('',#10742);
#3009=VERTEX_POINT('',#10758);
#3010=VERTEX_POINT('',#10759);
#3011=VERTEX_POINT('',#10761);
#3012=VERTEX_POINT('',#10763);
#3013=VERTEX_POINT('',#10765);
#3014=VERTEX_POINT('',#10767);
#3015=VERTEX_POINT('',#10783);
#3016=VERTEX_POINT('',#10784);
#3017=VERTEX_POINT('',#10786);
#3018=VERTEX_POINT('',#10788);
#3019=VERTEX_POINT('',#10790);
#3020=VERTEX_POINT('',#10792);
#3021=VERTEX_POINT('',#10794);
#3022=VERTEX_POINT('',#10796);
#3023=VERTEX_POINT('',#10816);
#3024=VERTEX_POINT('',#10817);
#3025=VERTEX_POINT('',#10819);
#3026=VERTEX_POINT('',#10821);
#3027=VERTEX_POINT('',#10823);
#3028=VERTEX_POINT('',#10825);
#3029=VERTEX_POINT('',#10841);
#3030=VERTEX_POINT('',#10842);
#3031=VERTEX_POINT('',#10844);
#3032=VERTEX_POINT('',#10846);
#3033=VERTEX_POINT('',#10848);
#3034=VERTEX_POINT('',#10850);
#3035=VERTEX_POINT('',#10852);
#3036=VERTEX_POINT('',#10854);
#3037=VERTEX_POINT('',#10874);
#3038=VERTEX_POINT('',#10876);
#3039=VERTEX_POINT('',#10882);
#3040=VERTEX_POINT('',#10883);
#3041=VERTEX_POINT('',#10885);
#3042=VERTEX_POINT('',#10887);
#3043=VERTEX_POINT('',#10889);
#3044=VERTEX_POINT('',#10891);
#3045=VERTEX_POINT('',#10894);
#3046=VERTEX_POINT('',#10897);
#3047=VERTEX_POINT('',#10898);
#3048=VERTEX_POINT('',#10903);
#3049=VERTEX_POINT('',#10908);
#3050=VERTEX_POINT('',#10910);
#3051=VERTEX_POINT('',#10915);
#3052=VERTEX_POINT('',#10920);
#3053=VERTEX_POINT('',#10927);
#3054=VERTEX_POINT('',#10946);
#3055=VERTEX_POINT('',#10947);
#3056=VERTEX_POINT('',#10949);
#3057=VERTEX_POINT('',#10954);
#3058=VERTEX_POINT('',#10961);
#3059=VERTEX_POINT('',#10981);
#3060=VERTEX_POINT('',#11003);
#3061=VERTEX_POINT('',#11025);
#3062=VERTEX_POINT('',#11026);
#3063=VERTEX_POINT('',#11031);
#3064=VERTEX_POINT('',#11054);
#3065=VERTEX_POINT('',#11059);
#3066=VERTEX_POINT('',#11066);
#3067=VERTEX_POINT('',#11067);
#3068=VERTEX_POINT('',#11072);
#3069=VERTEX_POINT('',#11073);
#3070=VERTEX_POINT('',#11078);
#3071=VERTEX_POINT('',#11082);
#3072=VERTEX_POINT('',#11086);
#3073=VERTEX_POINT('',#11090);
#3074=VERTEX_POINT('',#11096);
#3075=VERTEX_POINT('',#11097);
#3076=VERTEX_POINT('',#11102);
#3077=VERTEX_POINT('',#11106);
#3078=VERTEX_POINT('',#11129);
#3079=VERTEX_POINT('',#11130);
#3080=VERTEX_POINT('',#11132);
#3081=VERTEX_POINT('',#11138);
#3082=VERTEX_POINT('',#11191);
#3083=VERTEX_POINT('',#11197);
#3084=VERTEX_POINT('',#11220);
#3085=VERTEX_POINT('',#11221);
#3086=VERTEX_POINT('',#11232);
#3087=VERTEX_POINT('',#11235);
#3088=VERTEX_POINT('',#11236);
#3089=VERTEX_POINT('',#11238);
#3090=VERTEX_POINT('',#11240);
#3091=VERTEX_POINT('',#11242);
#3092=VERTEX_POINT('',#11244);
#3093=VERTEX_POINT('',#11246);
#3094=VERTEX_POINT('',#11248);
#3095=VERTEX_POINT('',#11252);
#3096=VERTEX_POINT('',#11253);
#3097=VERTEX_POINT('',#11255);
#3098=VERTEX_POINT('',#11257);
#3099=VERTEX_POINT('',#11259);
#3100=VERTEX_POINT('',#11261);
#3101=VERTEX_POINT('',#11265);
#3102=VERTEX_POINT('',#11266);
#3103=VERTEX_POINT('',#11268);
#3104=VERTEX_POINT('',#11270);
#3105=VERTEX_POINT('',#11272);
#3106=VERTEX_POINT('',#11274);
#3107=VERTEX_POINT('',#11278);
#3108=VERTEX_POINT('',#11279);
#3109=VERTEX_POINT('',#11281);
#3110=VERTEX_POINT('',#11283);
#3111=VERTEX_POINT('',#11287);
#3112=VERTEX_POINT('',#11288);
#3113=VERTEX_POINT('',#11290);
#3114=VERTEX_POINT('',#11292);
#3115=VERTEX_POINT('',#11294);
#3116=VERTEX_POINT('',#11296);
#3117=VERTEX_POINT('',#11298);
#3118=VERTEX_POINT('',#11300);
#3119=VERTEX_POINT('',#11304);
#3120=VERTEX_POINT('',#11305);
#3121=VERTEX_POINT('',#11307);
#3122=VERTEX_POINT('',#11309);
#3123=VERTEX_POINT('',#11313);
#3124=VERTEX_POINT('',#11314);
#3125=VERTEX_POINT('',#11319);
#3126=VERTEX_POINT('',#11320);
#3127=VERTEX_POINT('',#11325);
#3128=VERTEX_POINT('',#11326);
#3129=VERTEX_POINT('',#11331);
#3130=VERTEX_POINT('',#11335);
#3131=VERTEX_POINT('',#11339);
#3132=VERTEX_POINT('',#11343);
#3133=VERTEX_POINT('',#11349);
#3134=VERTEX_POINT('',#11354);
#3135=VERTEX_POINT('',#11358);
#3136=VERTEX_POINT('',#11362);
#3137=VERTEX_POINT('',#11366);
#3138=VERTEX_POINT('',#11367);
#3139=VERTEX_POINT('',#11399);
#3140=VERTEX_POINT('',#11403);
#3141=VERTEX_POINT('',#11407);
#3142=VERTEX_POINT('',#11408);
#3143=VERTEX_POINT('',#11410);
#3144=VERTEX_POINT('',#11412);
#3145=VERTEX_POINT('',#11416);
#3146=VERTEX_POINT('',#11421);
#3147=VERTEX_POINT('',#11425);
#3148=VERTEX_POINT('',#11429);
#3149=VERTEX_POINT('',#11431);
#3150=VERTEX_POINT('',#11435);
#3151=VERTEX_POINT('',#11439);
#3152=VERTEX_POINT('',#11443);
#3153=VERTEX_POINT('',#11447);
#3154=VERTEX_POINT('',#11451);
#3155=VERTEX_POINT('',#11455);
#3156=VERTEX_POINT('',#11461);
#3157=VERTEX_POINT('',#11463);
#3158=VERTEX_POINT('',#11467);
#3159=VERTEX_POINT('',#11471);
#3160=VERTEX_POINT('',#11475);
#3161=VERTEX_POINT('',#11479);
#3162=VERTEX_POINT('',#11485);
#3163=VERTEX_POINT('',#11487);
#3164=VERTEX_POINT('',#11491);
#3165=VERTEX_POINT('',#11495);
#3166=VERTEX_POINT('',#11499);
#3167=VERTEX_POINT('',#11503);
#3168=VERTEX_POINT('',#11509);
#3169=VERTEX_POINT('',#11511);
#3170=VERTEX_POINT('',#11513);
#3171=VERTEX_POINT('',#11517);
#3172=VERTEX_POINT('',#11521);
#3173=VERTEX_POINT('',#11522);
#3174=VERTEX_POINT('',#11527);
#3175=VERTEX_POINT('',#11529);
#3176=VERTEX_POINT('',#11548);
#3177=VERTEX_POINT('',#11553);
#3178=VERTEX_POINT('',#11579);
#3179=VERTEX_POINT('',#11628);
#3180=VERTEX_POINT('',#11629);
#3181=VERTEX_POINT('',#11634);
#3182=VERTEX_POINT('',#11638);
#3183=VERTEX_POINT('',#11642);
#3184=VERTEX_POINT('',#11646);
#3185=VERTEX_POINT('',#11648);
#3186=VERTEX_POINT('',#11652);
#3187=VERTEX_POINT('',#11656);
#3188=VERTEX_POINT('',#11658);
#3189=VERTEX_POINT('',#11662);
#3190=VERTEX_POINT('',#11668);
#3191=VERTEX_POINT('',#11669);
#3192=VERTEX_POINT('',#11674);
#3193=VERTEX_POINT('',#11678);
#3194=VERTEX_POINT('',#11686);
#3195=VERTEX_POINT('',#11692);
#3196=VERTEX_POINT('',#11693);
#3197=VERTEX_POINT('',#11695);
#3198=VERTEX_POINT('',#11702);
#3199=VERTEX_POINT('',#11704);
#3200=VERTEX_POINT('',#11706);
#3201=VERTEX_POINT('',#11709);
#3202=VERTEX_POINT('',#11712);
#3203=VERTEX_POINT('',#11716);
#3204=VERTEX_POINT('',#11720);
#3205=VERTEX_POINT('',#11726);
#3206=VERTEX_POINT('',#11728);
#3207=VERTEX_POINT('',#11733);
#3208=VERTEX_POINT('',#11738);
#3209=VERTEX_POINT('',#11740);
#3210=VERTEX_POINT('',#11742);
#3211=VERTEX_POINT('',#11744);
#3212=VERTEX_POINT('',#11746);
#3213=VERTEX_POINT('',#11748);
#3214=VERTEX_POINT('',#11750);
#3215=VERTEX_POINT('',#11752);
#3216=VERTEX_POINT('',#11754);
#3217=VERTEX_POINT('',#11756);
#3218=VERTEX_POINT('',#11758);
#3219=VERTEX_POINT('',#11761);
#3220=VERTEX_POINT('',#11763);
#3221=VERTEX_POINT('',#11766);
#3222=VERTEX_POINT('',#11770);
#3223=VERTEX_POINT('',#11774);
#3224=VERTEX_POINT('',#11778);
#3225=VERTEX_POINT('',#11782);
#3226=VERTEX_POINT('',#11785);
#3227=VERTEX_POINT('',#11875);
#3228=VERTEX_POINT('',#11876);
#3229=VERTEX_POINT('',#11881);
#3230=VERTEX_POINT('',#11883);
#3231=VERTEX_POINT('',#11888);
#3232=VERTEX_POINT('',#11897);
#3233=VERTEX_POINT('',#11916);
#3234=VERTEX_POINT('',#11935);
#3235=VERTEX_POINT('',#11937);
#3236=VERTEX_POINT('',#11984);
#3237=VERTEX_POINT('',#12036);
#3238=VERTEX_POINT('',#12038);
#3239=VERTEX_POINT('',#12042);
#3240=VERTEX_POINT('',#12044);
#3241=VERTEX_POINT('',#12048);
#3242=VERTEX_POINT('',#12050);
#3243=VERTEX_POINT('',#12054);
#3244=VERTEX_POINT('',#12058);
#3245=VERTEX_POINT('',#12062);
#3246=VERTEX_POINT('',#12066);
#3247=VERTEX_POINT('',#12070);
#3248=VERTEX_POINT('',#12074);
#3249=VERTEX_POINT('',#12078);
#3250=VERTEX_POINT('',#12080);
#3251=VERTEX_POINT('',#12082);
#3252=VERTEX_POINT('',#12084);
#3253=VERTEX_POINT('',#12088);
#3254=VERTEX_POINT('',#12090);
#3255=VERTEX_POINT('',#12092);
#3256=VERTEX_POINT('',#12094);
#3257=VERTEX_POINT('',#12099);
#3258=VERTEX_POINT('',#12105);
#3259=VERTEX_POINT('',#12110);
#3260=VERTEX_POINT('',#12112);
#3261=VERTEX_POINT('',#12117);
#3262=VERTEX_POINT('',#12127);
#3263=VERTEX_POINT('',#12131);
#3264=VERTEX_POINT('',#12135);
#3265=VERTEX_POINT('',#12139);
#3266=VERTEX_POINT('',#12141);
#3267=VERTEX_POINT('',#12146);
#3268=VERTEX_POINT('',#12151);
#3269=VERTEX_POINT('',#12153);
#3270=VERTEX_POINT('',#12158);
#3271=VERTEX_POINT('',#12164);
#3272=VERTEX_POINT('',#12169);
#3273=VERTEX_POINT('',#12171);
#3274=VERTEX_POINT('',#12173);
#3275=VERTEX_POINT('',#12175);
#3276=VERTEX_POINT('',#12180);
#3277=VERTEX_POINT('',#12186);
#3278=VERTEX_POINT('',#12191);
#3279=VERTEX_POINT('',#12193);
#3280=VERTEX_POINT('',#12195);
#3281=VERTEX_POINT('',#12205);
#3282=VERTEX_POINT('',#12206);
#3283=VERTEX_POINT('',#12211);
#3284=VERTEX_POINT('',#12213);
#3285=VERTEX_POINT('',#12215);
#3286=VERTEX_POINT('',#12218);
#3287=VERTEX_POINT('',#12220);
#3288=VERTEX_POINT('',#12229);
#3289=VERTEX_POINT('',#12233);
#3290=VERTEX_POINT('',#12237);
#3291=VERTEX_POINT('',#12239);
#3292=VERTEX_POINT('',#12243);
#3293=VERTEX_POINT('',#12248);
#3294=VERTEX_POINT('',#12255);
#3295=VERTEX_POINT('',#12256);
#3296=VERTEX_POINT('',#12263);
#3297=VERTEX_POINT('',#12264);
#3298=VERTEX_POINT('',#12273);
#3299=VERTEX_POINT('',#12275);
#3300=VERTEX_POINT('',#12284);
#3301=VERTEX_POINT('',#12286);
#3302=VERTEX_POINT('',#12291);
#3303=VERTEX_POINT('',#12296);
#3304=VERTEX_POINT('',#12301);
#3305=VERTEX_POINT('',#12306);
#3306=VERTEX_POINT('',#12311);
#3307=VERTEX_POINT('',#12313);
#3308=VERTEX_POINT('',#12315);
#3309=VERTEX_POINT('',#12396);
#3310=VERTEX_POINT('',#12419);
#3311=VERTEX_POINT('',#12420);
#3312=VERTEX_POINT('',#12422);
#3313=VERTEX_POINT('',#12424);
#3314=VERTEX_POINT('',#12428);
#3315=VERTEX_POINT('',#12429);
#3316=VERTEX_POINT('',#12434);
#3317=VERTEX_POINT('',#12435);
#3318=VERTEX_POINT('',#12464);
#3319=VERTEX_POINT('',#12468);
#3320=VERTEX_POINT('',#12472);
#3321=VERTEX_POINT('',#12476);
#3322=VERTEX_POINT('',#12481);
#3323=VERTEX_POINT('',#12483);
#3324=VERTEX_POINT('',#12485);
#3325=VERTEX_POINT('',#12487);
#3326=VERTEX_POINT('',#12490);
#3327=VERTEX_POINT('',#12492);
#3328=VERTEX_POINT('',#12494);
#3329=VERTEX_POINT('',#12496);
#3330=VERTEX_POINT('',#12499);
#3331=VERTEX_POINT('',#12500);
#3332=VERTEX_POINT('',#12502);
#3333=VERTEX_POINT('',#12504);
#3334=VERTEX_POINT('',#12506);
#3335=VERTEX_POINT('',#12508);
#3336=VERTEX_POINT('',#12510);
#3337=VERTEX_POINT('',#12512);
#3338=VERTEX_POINT('',#12515);
#3339=VERTEX_POINT('',#12516);
#3340=VERTEX_POINT('',#12518);
#3341=VERTEX_POINT('',#12520);
#3342=VERTEX_POINT('',#12522);
#3343=VERTEX_POINT('',#12524);
#3344=VERTEX_POINT('',#12527);
#3345=VERTEX_POINT('',#12528);
#3346=VERTEX_POINT('',#12530);
#3347=VERTEX_POINT('',#12532);
#3348=VERTEX_POINT('',#12534);
#3349=VERTEX_POINT('',#12536);
#3350=VERTEX_POINT('',#12538);
#3351=VERTEX_POINT('',#12540);
#3352=VERTEX_POINT('',#12543);
#3353=VERTEX_POINT('',#12545);
#3354=VERTEX_POINT('',#12546);
#3355=VERTEX_POINT('',#12548);
#3356=VERTEX_POINT('',#12550);
#3357=VERTEX_POINT('',#12552);
#3358=VERTEX_POINT('',#12554);
#3359=VERTEX_POINT('',#12558);
#3360=VERTEX_POINT('',#12562);
#3361=VERTEX_POINT('',#12564);
#3362=VERTEX_POINT('',#12570);
#3363=VERTEX_POINT('',#12571);
#3364=VERTEX_POINT('',#12573);
#3365=VERTEX_POINT('',#12575);
#3366=VERTEX_POINT('',#12577);
#3367=VERTEX_POINT('',#12579);
#3368=VERTEX_POINT('',#12581);
#3369=VERTEX_POINT('',#12583);
#3370=VERTEX_POINT('',#12601);
#3371=VERTEX_POINT('',#12602);
#3372=VERTEX_POINT('',#12607);
#3373=VERTEX_POINT('',#12611);
#3374=VERTEX_POINT('',#12615);
#3375=VERTEX_POINT('',#12619);
#3376=VERTEX_POINT('',#12620);
#3377=VERTEX_POINT('',#12622);
#3378=VERTEX_POINT('',#12624);
#3379=VERTEX_POINT('',#12626);
#3380=VERTEX_POINT('',#12628);
#3381=VERTEX_POINT('',#12644);
#3382=VERTEX_POINT('',#12645);
#3383=VERTEX_POINT('',#12647);
#3384=VERTEX_POINT('',#12649);
#3385=VERTEX_POINT('',#12651);
#3386=VERTEX_POINT('',#12653);
#3387=VERTEX_POINT('',#12669);
#3388=VERTEX_POINT('',#12670);
#3389=VERTEX_POINT('',#12672);
#3390=VERTEX_POINT('',#12674);
#3391=VERTEX_POINT('',#12676);
#3392=VERTEX_POINT('',#12678);
#3393=VERTEX_POINT('',#12680);
#3394=VERTEX_POINT('',#12682);
#3395=VERTEX_POINT('',#12702);
#3396=VERTEX_POINT('',#12703);
#3397=VERTEX_POINT('',#12705);
#3398=VERTEX_POINT('',#12707);
#3399=VERTEX_POINT('',#12709);
#3400=VERTEX_POINT('',#12711);
#3401=VERTEX_POINT('',#12727);
#3402=VERTEX_POINT('',#12728);
#3403=VERTEX_POINT('',#12730);
#3404=VERTEX_POINT('',#12732);
#3405=VERTEX_POINT('',#12734);
#3406=VERTEX_POINT('',#12736);
#3407=VERTEX_POINT('',#12738);
#3408=VERTEX_POINT('',#12740);
#3409=VERTEX_POINT('',#12760);
#3410=VERTEX_POINT('',#12762);
#3411=VERTEX_POINT('',#12768);
#3412=VERTEX_POINT('',#12769);
#3413=VERTEX_POINT('',#12771);
#3414=VERTEX_POINT('',#12773);
#3415=VERTEX_POINT('',#12775);
#3416=VERTEX_POINT('',#12777);
#3417=VERTEX_POINT('',#12780);
#3418=VERTEX_POINT('',#12783);
#3419=VERTEX_POINT('',#12784);
#3420=VERTEX_POINT('',#12789);
#3421=VERTEX_POINT('',#12791);
#3422=VERTEX_POINT('',#12796);
#3423=VERTEX_POINT('',#12810);
#3424=VERTEX_POINT('',#12829);
#3425=VERTEX_POINT('',#12831);
#3426=VERTEX_POINT('',#12906);
#3427=VERTEX_POINT('',#12913);
#3428=VERTEX_POINT('',#12917);
#3429=VERTEX_POINT('',#12918);
#3430=VERTEX_POINT('',#12923);
#3431=VERTEX_POINT('',#12927);
#3432=VERTEX_POINT('',#12931);
#3433=VERTEX_POINT('',#12935);
#3434=VERTEX_POINT('',#12941);
#3435=VERTEX_POINT('',#12945);
#3436=VERTEX_POINT('',#12970);
#3437=VERTEX_POINT('',#12972);
#3438=VERTEX_POINT('',#13021);
#3439=VERTEX_POINT('',#13044);
#3440=VERTEX_POINT('',#13051);
#3441=VERTEX_POINT('',#13054);
#3442=VERTEX_POINT('',#13055);
#3443=VERTEX_POINT('',#13057);
#3444=VERTEX_POINT('',#13059);
#3445=VERTEX_POINT('',#13061);
#3446=VERTEX_POINT('',#13063);
#3447=VERTEX_POINT('',#13065);
#3448=VERTEX_POINT('',#13067);
#3449=VERTEX_POINT('',#13071);
#3450=VERTEX_POINT('',#13072);
#3451=VERTEX_POINT('',#13074);
#3452=VERTEX_POINT('',#13076);
#3453=VERTEX_POINT('',#13078);
#3454=VERTEX_POINT('',#13080);
#3455=VERTEX_POINT('',#13084);
#3456=VERTEX_POINT('',#13085);
#3457=VERTEX_POINT('',#13087);
#3458=VERTEX_POINT('',#13089);
#3459=VERTEX_POINT('',#13091);
#3460=VERTEX_POINT('',#13093);
#3461=VERTEX_POINT('',#13097);
#3462=VERTEX_POINT('',#13098);
#3463=VERTEX_POINT('',#13103);
#3464=VERTEX_POINT('',#13104);
#3465=VERTEX_POINT('',#13106);
#3466=VERTEX_POINT('',#13108);
#3467=VERTEX_POINT('',#13110);
#3468=VERTEX_POINT('',#13112);
#3469=VERTEX_POINT('',#13114);
#3470=VERTEX_POINT('',#13116);
#3471=VERTEX_POINT('',#13120);
#3472=VERTEX_POINT('',#13124);
#3473=VERTEX_POINT('',#13128);
#3474=VERTEX_POINT('',#13132);
#3475=VERTEX_POINT('',#13133);
#3476=VERTEX_POINT('',#13138);
#3477=VERTEX_POINT('',#13142);
#3478=VERTEX_POINT('',#13146);
#3479=VERTEX_POINT('',#13150);
#3480=VERTEX_POINT('',#13156);
#3481=VERTEX_POINT('',#13160);
#3482=VERTEX_POINT('',#13164);
#3483=VERTEX_POINT('',#13168);
#3484=VERTEX_POINT('',#13172);
#3485=VERTEX_POINT('',#13198);
#3486=VERTEX_POINT('',#13202);
#3487=VERTEX_POINT('',#13206);
#3488=VERTEX_POINT('',#13207);
#3489=VERTEX_POINT('',#13209);
#3490=VERTEX_POINT('',#13211);
#3491=VERTEX_POINT('',#13215);
#3492=VERTEX_POINT('',#13220);
#3493=VERTEX_POINT('',#13224);
#3494=VERTEX_POINT('',#13228);
#3495=VERTEX_POINT('',#13230);
#3496=VERTEX_POINT('',#13234);
#3497=VERTEX_POINT('',#13238);
#3498=VERTEX_POINT('',#13242);
#3499=VERTEX_POINT('',#13246);
#3500=VERTEX_POINT('',#13250);
#3501=VERTEX_POINT('',#13254);
#3502=VERTEX_POINT('',#13260);
#3503=VERTEX_POINT('',#13262);
#3504=VERTEX_POINT('',#13266);
#3505=VERTEX_POINT('',#13270);
#3506=VERTEX_POINT('',#13274);
#3507=VERTEX_POINT('',#13278);
#3508=VERTEX_POINT('',#13284);
#3509=VERTEX_POINT('',#13286);
#3510=VERTEX_POINT('',#13290);
#3511=VERTEX_POINT('',#13294);
#3512=VERTEX_POINT('',#13298);
#3513=VERTEX_POINT('',#13302);
#3514=VERTEX_POINT('',#13308);
#3515=VERTEX_POINT('',#13310);
#3516=VERTEX_POINT('',#13312);
#3517=VERTEX_POINT('',#13316);
#3518=VERTEX_POINT('',#13320);
#3519=VERTEX_POINT('',#13324);
#3520=VERTEX_POINT('',#13326);
#3521=VERTEX_POINT('',#13345);
#3522=VERTEX_POINT('',#13410);
#3523=VERTEX_POINT('',#13414);
#3524=VERTEX_POINT('',#13418);
#3525=VERTEX_POINT('',#13422);
#3526=VERTEX_POINT('',#13427);
#3527=VERTEX_POINT('',#13431);
#3528=VERTEX_POINT('',#13436);
#3529=VERTEX_POINT('',#13440);
#3530=VERTEX_POINT('',#13457);
#3531=VERTEX_POINT('',#13462);
#3532=VERTEX_POINT('',#13464);
#3533=VERTEX_POINT('',#13466);
#3534=VERTEX_POINT('',#13469);
#3535=VERTEX_POINT('',#13479);
#3536=VERTEX_POINT('',#13481);
#3537=VERTEX_POINT('',#13486);
#3538=VERTEX_POINT('',#13491);
#3539=VERTEX_POINT('',#13492);
#3540=VERTEX_POINT('',#13494);
#3541=VERTEX_POINT('',#13498);
#3542=VERTEX_POINT('',#13499);
#3543=VERTEX_POINT('',#13509);
#3544=VERTEX_POINT('',#13512);
#3545=EDGE_CURVE('',#2873,#2873,#2615,.T.);
#3546=EDGE_CURVE('',#2873,#2874,#274,.T.);
#3547=EDGE_CURVE('',#2875,#2875,#2616,.T.);
#3548=EDGE_CURVE('',#2875,#2876,#275,.T.);
#3549=EDGE_CURVE('',#2877,#2878,#276,.T.);
#3550=EDGE_CURVE('',#2879,#2878,#277,.T.);
#3551=EDGE_CURVE('',#2877,#2879,#278,.T.);
#3552=EDGE_CURVE('',#2880,#2881,#279,.T.);
#3553=EDGE_CURVE('',#2881,#2880,#266,.T.);
#3554=EDGE_CURVE('',#2877,#2880,#2617,.T.);
#3555=EDGE_CURVE('',#2881,#2878,#2618,.T.);
#3556=EDGE_CURVE('',#2882,#2882,#2619,.T.);
#3557=EDGE_CURVE('',#2882,#2883,#280,.T.);
#3558=EDGE_CURVE('',#2884,#2885,#115,.T.);
#3559=EDGE_CURVE('',#2885,#2886,#116,.T.);
#3560=EDGE_CURVE('',#2886,#2887,#117,.T.);
#3561=EDGE_CURVE('',#2887,#2888,#118,.T.);
#3562=EDGE_CURVE('',#2888,#2889,#2620,.T.);
#3563=EDGE_CURVE('',#2889,#2890,#119,.T.);
#3564=EDGE_CURVE('',#2891,#2890,#120,.T.);
#3565=EDGE_CURVE('',#2892,#2891,#121,.T.);
#3566=EDGE_CURVE('',#2893,#2892,#122,.T.);
#3567=EDGE_CURVE('',#2884,#2893,#281,.T.);
#3568=EDGE_CURVE('',#2894,#2895,#123,.T.);
#3569=EDGE_CURVE('',#2884,#2894,#124,.T.);
#3570=EDGE_CURVE('',#2893,#2895,#125,.T.);
#3571=EDGE_CURVE('',#2896,#2897,#2621,.T.);
#3572=EDGE_CURVE('',#2898,#2896,#282,.T.);
#3573=EDGE_CURVE('',#2899,#2898,#2622,.T.);
#3574=EDGE_CURVE('',#2899,#2897,#283,.T.);
#3575=EDGE_CURVE('',#2896,#2900,#284,.T.);
#3576=EDGE_CURVE('',#2901,#2900,#285,.T.);
#3577=EDGE_CURVE('',#2898,#2901,#286,.T.);
#3578=EDGE_CURVE('',#2902,#2900,#2623,.T.);
#3579=EDGE_CURVE('',#2903,#2902,#287,.T.);
#3580=EDGE_CURVE('',#2901,#2903,#2624,.T.);
#3581=EDGE_CURVE('',#2904,#2905,#126,.T.);
#3582=EDGE_CURVE('',#2906,#2904,#288,.T.);
#3583=EDGE_CURVE('',#2906,#2907,#2625,.T.);
#3584=EDGE_CURVE('',#2907,#2908,#289,.T.);
#3585=EDGE_CURVE('',#2908,#2909,#290,.T.);
#3586=EDGE_CURVE('',#2909,#2910,#127,.T.);
#3587=EDGE_CURVE('',#2910,#2911,#128,.T.);
#3588=EDGE_CURVE('',#2911,#2912,#129,.T.);
#3589=EDGE_CURVE('',#2912,#2913,#130,.T.);
#3590=EDGE_CURVE('',#2913,#2914,#131,.T.);
#3591=EDGE_CURVE('',#2915,#2914,#291,.T.);
#3592=EDGE_CURVE('',#2916,#2915,#132,.T.);
#3593=EDGE_CURVE('',#2905,#2916,#292,.T.);
#3594=EDGE_CURVE('',#2917,#2906,#293,.T.);
#3595=EDGE_CURVE('',#2918,#2917,#2626,.T.);
#3596=EDGE_CURVE('',#2907,#2918,#294,.T.);
#3597=EDGE_CURVE('',#2919,#2909,#133,.T.);
#3598=EDGE_CURVE('',#2920,#2919,#134,.T.);
#3599=EDGE_CURVE('',#2910,#2920,#295,.T.);
#3600=EDGE_CURVE('',#2921,#2911,#296,.T.);
#3601=EDGE_CURVE('',#2922,#2921,#135,.T.);
#3602=EDGE_CURVE('',#2912,#2922,#297,.T.);
#3603=EDGE_CURVE('',#2921,#2920,#136,.T.);
#3604=EDGE_CURVE('',#2923,#2913,#298,.T.);
#3605=EDGE_CURVE('',#2924,#2923,#137,.T.);
#3606=EDGE_CURVE('',#2914,#2924,#299,.T.);
#3607=EDGE_CURVE('',#2923,#2922,#138,.T.);
#3608=EDGE_CURVE('',#2925,#2926,#300,.T.);
#3609=EDGE_CURVE('',#2927,#2925,#301,.T.);
#3610=EDGE_CURVE('',#2928,#2927,#302,.T.);
#3611=EDGE_CURVE('',#2926,#2928,#303,.T.);
#3612=EDGE_CURVE('',#2929,#2930,#304,.T.);
#3613=EDGE_CURVE('',#2928,#2929,#2627,.T.);
#3614=EDGE_CURVE('',#2930,#2927,#2628,.T.);
#3615=EDGE_CURVE('',#2931,#2932,#305,.T.);
#3616=EDGE_CURVE('',#2929,#2931,#2629,.T.);
#3617=EDGE_CURVE('',#2932,#2930,#2630,.T.);
#3618=EDGE_CURVE('',#2914,#2926,#139,.T.);
#3619=EDGE_CURVE('',#2925,#2924,#140,.T.);
#3620=EDGE_CURVE('',#2923,#2933,#306,.T.);
#3621=EDGE_CURVE('',#2934,#2933,#307,.T.);
#3622=EDGE_CURVE('',#2927,#2934,#308,.T.);
#3623=EDGE_CURVE('',#2935,#2934,#2631,.T.);
#3624=EDGE_CURVE('',#2935,#2930,#309,.T.);
#3625=EDGE_CURVE('',#2936,#2935,#2632,.T.);
#3626=EDGE_CURVE('',#2932,#2936,#310,.T.);
#3627=EDGE_CURVE('',#2932,#2937,#2633,.T.);
#3628=EDGE_CURVE('',#2937,#2938,#311,.T.);
#3629=EDGE_CURVE('',#2938,#2931,#2634,.T.);
#3630=EDGE_CURVE('',#2939,#2938,#312,.T.);
#3631=EDGE_CURVE('',#2940,#2939,#2635,.T.);
#3632=EDGE_CURVE('',#2941,#2940,#313,.T.);
#3633=EDGE_CURVE('',#2942,#2941,#314,.T.);
#3634=EDGE_CURVE('',#2906,#2942,#315,.T.);
#3635=EDGE_CURVE('',#2943,#2904,#2636,.T.);
#3636=EDGE_CURVE('',#2943,#2944,#316,.T.);
#3637=EDGE_CURVE('',#2945,#2944,#2637,.T.);
#3638=EDGE_CURVE('',#2945,#2946,#317,.T.);
#3639=EDGE_CURVE('',#2915,#2946,#2638,.T.);
#3640=EDGE_CURVE('',#2947,#2948,#318,.T.);
#3641=EDGE_CURVE('',#2949,#2948,#2639,.T.);
#3642=EDGE_CURVE('',#2949,#2950,#319,.T.);
#3643=EDGE_CURVE('',#2950,#2951,#2640,.F.);
#3644=EDGE_CURVE('',#2951,#2952,#2641,.T.);
#3645=EDGE_CURVE('',#2953,#2952,#2642,.T.);
#3646=EDGE_CURVE('',#2953,#2954,#320,.T.);
#3647=EDGE_CURVE('',#2947,#2954,#2643,.T.);
#3648=EDGE_CURVE('',#2955,#2956,#2644,.F.);
#3649=EDGE_CURVE('',#2956,#2957,#321,.T.);
#3650=EDGE_CURVE('',#2958,#2957,#2645,.T.);
#3651=EDGE_CURVE('',#2958,#2959,#322,.T.);
#3652=EDGE_CURVE('',#2960,#2959,#2646,.T.);
#3653=EDGE_CURVE('',#2960,#2955,#323,.T.);
#3654=EDGE_CURVE('',#2961,#2962,#324,.T.);
#3655=EDGE_CURVE('',#2963,#2962,#2647,.T.);
#3656=EDGE_CURVE('',#2963,#2964,#325,.T.);
#3657=EDGE_CURVE('',#2965,#2964,#2648,.T.);
#3658=EDGE_CURVE('',#2965,#2966,#326,.T.);
#3659=EDGE_CURVE('',#2967,#2966,#2649,.T.);
#3660=EDGE_CURVE('',#2967,#2968,#327,.T.);
#3661=EDGE_CURVE('',#2961,#2968,#2650,.T.);
#3662=EDGE_CURVE('',#2969,#2969,#2651,.T.);
#3663=EDGE_CURVE('',#2970,#2971,#328,.T.);
#3664=EDGE_CURVE('',#2972,#2971,#2652,.T.);
#3665=EDGE_CURVE('',#2972,#2973,#329,.T.);
#3666=EDGE_CURVE('',#2974,#2973,#2653,.T.);
#3667=EDGE_CURVE('',#2974,#2975,#330,.T.);
#3668=EDGE_CURVE('',#2970,#2975,#2654,.T.);
#3669=EDGE_CURVE('',#2976,#2918,#331,.T.);
#3670=EDGE_CURVE('',#2977,#2976,#332,.T.);
#3671=EDGE_CURVE('',#2907,#2977,#333,.T.);
#3672=EDGE_CURVE('',#2978,#2977,#334,.T.);
#3673=EDGE_CURVE('',#2979,#2978,#141,.T.);
#3674=EDGE_CURVE('',#2908,#2979,#335,.T.);
#3675=EDGE_CURVE('',#2980,#2981,#2655,.T.);
#3676=EDGE_CURVE('',#2982,#2980,#336,.T.);
#3677=EDGE_CURVE('',#2983,#2982,#2656,.T.);
#3678=EDGE_CURVE('',#2984,#2983,#337,.T.);
#3679=EDGE_CURVE('',#2985,#2984,#2657,.T.);
#3680=EDGE_CURVE('',#2986,#2985,#338,.T.);
#3681=EDGE_CURVE('',#2987,#2986,#2658,.T.);
#3682=EDGE_CURVE('',#2981,#2987,#339,.T.);
#3683=EDGE_CURVE('',#2988,#2908,#340,.T.);
#3684=EDGE_CURVE('',#2979,#2989,#341,.T.);
#3685=EDGE_CURVE('',#2989,#2988,#342,.T.);
#3686=EDGE_CURVE('',#2990,#2942,#343,.T.);
#3687=EDGE_CURVE('',#2990,#2917,#344,.T.);
#3688=EDGE_CURVE('',#2991,#2990,#345,.T.);
#3689=EDGE_CURVE('',#2991,#2941,#346,.T.);
#3690=EDGE_CURVE('',#2992,#2940,#347,.T.);
#3691=EDGE_CURVE('',#2992,#2991,#348,.T.);
#3692=EDGE_CURVE('',#2993,#2939,#349,.T.);
#3693=EDGE_CURVE('',#2993,#2992,#2659,.T.);
#3694=EDGE_CURVE('',#2937,#2993,#350,.T.);
#3695=EDGE_CURVE('',#2994,#2936,#2660,.T.);
#3696=EDGE_CURVE('',#2994,#2937,#351,.T.);
#3697=EDGE_CURVE('',#2995,#2996,#2661,.T.);
#3698=EDGE_CURVE('',#2935,#2996,#352,.T.);
#3699=EDGE_CURVE('',#2934,#2995,#353,.T.);
#3700=EDGE_CURVE('',#2936,#2997,#354,.T.);
#3701=EDGE_CURVE('',#2996,#2997,#2662,.T.);
#3702=EDGE_CURVE('',#2997,#2998,#2663,.T.);
#3703=EDGE_CURVE('',#2994,#2998,#355,.T.);
#3704=EDGE_CURVE('',#2999,#3000,#356,.T.);
#3705=EDGE_CURVE('',#3001,#2999,#14,.T.);
#3706=EDGE_CURVE('',#3001,#2994,#357,.T.);
#3707=EDGE_CURVE('',#2998,#3002,#358,.T.);
#3708=EDGE_CURVE('',#3002,#3000,#359,.T.);
#3709=EDGE_CURVE('',#3003,#3004,#2664,.T.);
#3710=EDGE_CURVE('',#3005,#3003,#360,.T.);
#3711=EDGE_CURVE('',#3006,#3005,#2665,.T.);
#3712=EDGE_CURVE('',#3007,#3006,#361,.T.);
#3713=EDGE_CURVE('',#3008,#3007,#2666,.T.);
#3714=EDGE_CURVE('',#3004,#3008,#362,.T.);
#3715=EDGE_CURVE('',#2946,#3008,#363,.T.);
#3716=EDGE_CURVE('',#3004,#2945,#364,.T.);
#3717=EDGE_CURVE('',#2916,#3007,#365,.T.);
#3718=EDGE_CURVE('',#2905,#3006,#366,.T.);
#3719=EDGE_CURVE('',#2943,#3005,#367,.T.);
#3720=EDGE_CURVE('',#2944,#3003,#368,.T.);
#3721=EDGE_CURVE('',#3009,#3010,#2667,.T.);
#3722=EDGE_CURVE('',#3011,#3009,#369,.T.);
#3723=EDGE_CURVE('',#3012,#3011,#2668,.T.);
#3724=EDGE_CURVE('',#3013,#3012,#370,.T.);
#3725=EDGE_CURVE('',#3014,#3013,#2669,.T.);
#3726=EDGE_CURVE('',#3010,#3014,#371,.T.);
#3727=EDGE_CURVE('',#2975,#3014,#372,.T.);
#3728=EDGE_CURVE('',#3010,#2974,#373,.T.);
#3729=EDGE_CURVE('',#2970,#3013,#374,.T.);
#3730=EDGE_CURVE('',#2971,#3012,#375,.T.);
#3731=EDGE_CURVE('',#2972,#3011,#376,.T.);
#3732=EDGE_CURVE('',#2973,#3009,#377,.T.);
#3733=EDGE_CURVE('',#3015,#3016,#2670,.T.);
#3734=EDGE_CURVE('',#3017,#3015,#378,.T.);
#3735=EDGE_CURVE('',#3018,#3017,#2671,.T.);
#3736=EDGE_CURVE('',#3019,#3018,#379,.T.);
#3737=EDGE_CURVE('',#3020,#3019,#2672,.T.);
#3738=EDGE_CURVE('',#3021,#3020,#2673,.T.);
#3739=EDGE_CURVE('',#3022,#3021,#2674,.T.);
#3740=EDGE_CURVE('',#3016,#3022,#380,.T.);
#3741=EDGE_CURVE('',#2950,#3022,#381,.T.);
#3742=EDGE_CURVE('',#3016,#2949,#382,.T.);
#3743=EDGE_CURVE('',#2951,#3021,#383,.T.);
#3744=EDGE_CURVE('',#2952,#3020,#384,.T.);
#3745=EDGE_CURVE('',#2953,#3019,#385,.T.);
#3746=EDGE_CURVE('',#2954,#3018,#386,.T.);
#3747=EDGE_CURVE('',#2947,#3017,#387,.T.);
#3748=EDGE_CURVE('',#2948,#3015,#388,.T.);
#3749=EDGE_CURVE('',#3023,#3024,#2675,.T.);
#3750=EDGE_CURVE('',#3025,#3023,#389,.T.);
#3751=EDGE_CURVE('',#3026,#3025,#2676,.T.);
#3752=EDGE_CURVE('',#3027,#3026,#390,.T.);
#3753=EDGE_CURVE('',#3028,#3027,#2677,.T.);
#3754=EDGE_CURVE('',#3024,#3028,#391,.T.);
#3755=EDGE_CURVE('',#2959,#3028,#392,.T.);
#3756=EDGE_CURVE('',#3024,#2958,#393,.T.);
#3757=EDGE_CURVE('',#2960,#3027,#394,.T.);
#3758=EDGE_CURVE('',#2955,#3026,#395,.T.);
#3759=EDGE_CURVE('',#2956,#3025,#396,.T.);
#3760=EDGE_CURVE('',#2957,#3023,#397,.T.);
#3761=EDGE_CURVE('',#3029,#3030,#2678,.T.);
#3762=EDGE_CURVE('',#3031,#3029,#398,.T.);
#3763=EDGE_CURVE('',#3032,#3031,#2679,.T.);
#3764=EDGE_CURVE('',#3033,#3032,#399,.T.);
#3765=EDGE_CURVE('',#3034,#3033,#2680,.T.);
#3766=EDGE_CURVE('',#3035,#3034,#400,.T.);
#3767=EDGE_CURVE('',#3036,#3035,#2681,.T.);
#3768=EDGE_CURVE('',#3030,#3036,#401,.T.);
#3769=EDGE_CURVE('',#2964,#3036,#402,.T.);
#3770=EDGE_CURVE('',#3030,#2963,#403,.T.);
#3771=EDGE_CURVE('',#2965,#3035,#404,.T.);
#3772=EDGE_CURVE('',#2966,#3034,#405,.T.);
#3773=EDGE_CURVE('',#2967,#3033,#406,.T.);
#3774=EDGE_CURVE('',#2968,#3032,#407,.T.);
#3775=EDGE_CURVE('',#2961,#3031,#408,.T.);
#3776=EDGE_CURVE('',#2962,#3029,#409,.T.);
#3777=EDGE_CURVE('',#3037,#3037,#2682,.T.);
#3778=EDGE_CURVE('',#3037,#3038,#410,.T.);
#3779=EDGE_CURVE('',#3038,#3038,#2683,.T.);
#3780=EDGE_CURVE('',#3038,#2969,#411,.T.);
#3781=EDGE_CURVE('',#3039,#3040,#412,.F.);
#3782=EDGE_CURVE('',#3040,#3041,#413,.F.);
#3783=EDGE_CURVE('',#3041,#3042,#414,.F.);
#3784=EDGE_CURVE('',#3042,#3043,#415,.F.);
#3785=EDGE_CURVE('',#3043,#3044,#416,.F.);
#3786=EDGE_CURVE('',#3044,#3039,#417,.F.);
#3787=EDGE_CURVE('',#3045,#3045,#2684,.T.);
#3788=EDGE_CURVE('',#3046,#3047,#142,.T.);
#3789=EDGE_CURVE('',#3048,#3046,#143,.T.);
#3790=EDGE_CURVE('',#3048,#3049,#418,.T.);
#3791=EDGE_CURVE('',#3050,#3049,#144,.T.);
#3792=EDGE_CURVE('',#3051,#3050,#145,.T.);
#3793=EDGE_CURVE('',#3052,#3051,#146,.T.);
#3794=EDGE_CURVE('',#3052,#3047,#419,.T.);
#3795=EDGE_CURVE('',#3053,#3053,#2685,.T.);
#3796=EDGE_CURVE('',#3053,#3045,#420,.T.);
#3797=EDGE_CURVE('',#3054,#3055,#421,.T.);
#3798=EDGE_CURVE('',#3054,#3056,#147,.T.);
#3799=EDGE_CURVE('',#3057,#3056,#422,.T.);
#3800=EDGE_CURVE('',#3057,#3055,#148,.T.);
#3801=EDGE_CURVE('',#3052,#3058,#423,.T.);
#3802=EDGE_CURVE('',#3058,#3057,#424,.T.);
#3803=EDGE_CURVE('',#3056,#3052,#425,.T.);
#3804=EDGE_CURVE('',#3059,#3051,#426,.T.);
#3805=EDGE_CURVE('',#3059,#3058,#149,.T.);
#3806=EDGE_CURVE('',#3049,#3060,#427,.T.);
#3807=EDGE_CURVE('',#3060,#3059,#150,.T.);
#3808=EDGE_CURVE('',#3061,#3062,#151,.T.);
#3809=EDGE_CURVE('',#3062,#3063,#152,.T.);
#3810=EDGE_CURVE('',#3063,#3048,#428,.T.);
#3811=EDGE_CURVE('',#3047,#3061,#429,.T.);
#3812=EDGE_CURVE('',#3047,#3064,#153,.T.);
#3813=EDGE_CURVE('',#3065,#3064,#430,.T.);
#3814=EDGE_CURVE('',#3065,#3061,#154,.T.);
#3815=EDGE_CURVE('',#3066,#3067,#431,.T.);
#3816=EDGE_CURVE('',#3067,#3065,#432,.T.);
#3817=EDGE_CURVE('',#3064,#3066,#433,.T.);
#3818=EDGE_CURVE('',#3068,#3069,#434,.T.);
#3819=EDGE_CURVE('',#3069,#3044,#435,.F.);
#3820=EDGE_CURVE('',#3068,#3043,#436,.T.);
#3821=EDGE_CURVE('',#3070,#3068,#437,.T.);
#3822=EDGE_CURVE('',#3070,#3042,#438,.T.);
#3823=EDGE_CURVE('',#3071,#3070,#439,.T.);
#3824=EDGE_CURVE('',#3071,#3041,#440,.T.);
#3825=EDGE_CURVE('',#3072,#3071,#441,.T.);
#3826=EDGE_CURVE('',#3072,#3040,#442,.F.);
#3827=EDGE_CURVE('',#3073,#3072,#443,.T.);
#3828=EDGE_CURVE('',#3073,#3039,#444,.F.);
#3829=EDGE_CURVE('',#3069,#3073,#445,.T.);
#3830=EDGE_CURVE('',#3074,#3075,#2686,.T.);
#3831=EDGE_CURVE('',#3074,#2890,#446,.T.);
#3832=EDGE_CURVE('',#2889,#3075,#447,.T.);
#3833=EDGE_CURVE('',#3075,#3076,#2687,.T.);
#3834=EDGE_CURVE('',#3076,#2888,#448,.T.);
#3835=EDGE_CURVE('',#3076,#3077,#2688,.T.);
#3836=EDGE_CURVE('',#2887,#3077,#449,.T.);
#3837=EDGE_CURVE('',#3078,#3079,#450,.T.);
#3838=EDGE_CURVE('',#3079,#3080,#155,.T.);
#3839=EDGE_CURVE('',#3080,#3081,#451,.T.);
#3840=EDGE_CURVE('',#3081,#3078,#156,.T.);
#3841=EDGE_CURVE('',#3066,#3081,#157,.T.);
#3842=EDGE_CURVE('',#3080,#3067,#158,.T.);
#3843=EDGE_CURVE('',#3066,#3054,#452,.T.);
#3844=EDGE_CURVE('',#3055,#3082,#159,.T.);
#3845=EDGE_CURVE('',#3082,#3083,#453,.T.);
#3846=EDGE_CURVE('',#3083,#3054,#160,.T.);
#3847=EDGE_CURVE('',#3084,#3085,#454,.T.);
#3848=EDGE_CURVE('',#3084,#3083,#161,.T.);
#3849=EDGE_CURVE('',#3082,#3085,#162,.T.);
#3850=EDGE_CURVE('',#3086,#3086,#2689,.T.);
#3851=EDGE_CURVE('',#3087,#3088,#2690,.T.);
#3852=EDGE_CURVE('',#3089,#3088,#455,.T.);
#3853=EDGE_CURVE('',#3089,#3090,#2691,.T.);
#3854=EDGE_CURVE('',#3091,#3090,#2692,.T.);
#3855=EDGE_CURVE('',#3091,#3092,#2693,.T.);
#3856=EDGE_CURVE('',#3093,#3092,#456,.T.);
#3857=EDGE_CURVE('',#3093,#3094,#2694,.T.);
#3858=EDGE_CURVE('',#3087,#3094,#457,.T.);
#3859=EDGE_CURVE('',#3095,#3096,#2695,.T.);
#3860=EDGE_CURVE('',#3097,#3096,#458,.T.);
#3861=EDGE_CURVE('',#3097,#3098,#2696,.T.);
#3862=EDGE_CURVE('',#3099,#3098,#459,.T.);
#3863=EDGE_CURVE('',#3099,#3100,#2697,.T.);
#3864=EDGE_CURVE('',#3095,#3100,#460,.T.);
#3865=EDGE_CURVE('',#3101,#3102,#2698,.T.);
#3866=EDGE_CURVE('',#3103,#3102,#461,.T.);
#3867=EDGE_CURVE('',#3103,#3104,#2699,.T.);
#3868=EDGE_CURVE('',#3105,#3104,#462,.T.);
#3869=EDGE_CURVE('',#3105,#3106,#2700,.T.);
#3870=EDGE_CURVE('',#3101,#3106,#463,.T.);
#3871=EDGE_CURVE('',#3107,#3108,#464,.T.);
#3872=EDGE_CURVE('',#3109,#3107,#2701,.T.);
#3873=EDGE_CURVE('',#3109,#3110,#465,.T.);
#3874=EDGE_CURVE('',#3108,#3110,#2702,.T.);
#3875=EDGE_CURVE('',#3111,#3112,#2703,.T.);
#3876=EDGE_CURVE('',#3113,#3112,#466,.T.);
#3877=EDGE_CURVE('',#3113,#3114,#2704,.T.);
#3878=EDGE_CURVE('',#3115,#3114,#467,.T.);
#3879=EDGE_CURVE('',#3115,#3116,#2705,.T.);
#3880=EDGE_CURVE('',#3117,#3116,#468,.T.);
#3881=EDGE_CURVE('',#3117,#3118,#2706,.T.);
#3882=EDGE_CURVE('',#3111,#3118,#469,.T.);
#3883=EDGE_CURVE('',#3119,#3120,#2707,.T.);
#3884=EDGE_CURVE('',#3121,#3120,#470,.T.);
#3885=EDGE_CURVE('',#3121,#3122,#2708,.T.);
#3886=EDGE_CURVE('',#3122,#3119,#471,.T.);
#3887=EDGE_CURVE('',#3123,#3124,#472,.T.);
#3888=EDGE_CURVE('',#3124,#3119,#473,.T.);
#3889=EDGE_CURVE('',#3122,#3123,#474,.T.);
#3890=EDGE_CURVE('',#3125,#3126,#475,.T.);
#3891=EDGE_CURVE('',#3126,#3124,#2709,.T.);
#3892=EDGE_CURVE('',#3123,#3125,#2710,.T.);
#3893=EDGE_CURVE('',#3127,#3128,#476,.T.);
#3894=EDGE_CURVE('',#3127,#3069,#477,.T.);
#3895=EDGE_CURVE('',#3128,#3068,#478,.T.);
#3896=EDGE_CURVE('',#3128,#3129,#479,.T.);
#3897=EDGE_CURVE('',#3129,#3070,#480,.T.);
#3898=EDGE_CURVE('',#3130,#3071,#481,.T.);
#3899=EDGE_CURVE('',#3129,#3130,#482,.T.);
#3900=EDGE_CURVE('',#3131,#3072,#483,.T.);
#3901=EDGE_CURVE('',#3130,#3131,#484,.T.);
#3902=EDGE_CURVE('',#3131,#3132,#485,.T.);
#3903=EDGE_CURVE('',#3073,#3132,#486,.T.);
#3904=EDGE_CURVE('',#3132,#3127,#487,.T.);
#3905=EDGE_CURVE('',#3074,#3133,#488,.T.);
#3906=EDGE_CURVE('',#3133,#3126,#489,.T.);
#3907=EDGE_CURVE('',#3125,#3074,#490,.T.);
#3908=EDGE_CURVE('',#3075,#3134,#491,.T.);
#3909=EDGE_CURVE('',#3134,#3133,#2711,.T.);
#3910=EDGE_CURVE('',#3076,#3135,#492,.T.);
#3911=EDGE_CURVE('',#3135,#3134,#2712,.T.);
#3912=EDGE_CURVE('',#3077,#3136,#493,.T.);
#3913=EDGE_CURVE('',#3136,#3135,#2713,.T.);
#3914=EDGE_CURVE('',#3137,#3138,#494,.T.);
#3915=EDGE_CURVE('',#3138,#3136,#495,.T.);
#3916=EDGE_CURVE('',#3077,#3137,#496,.T.);
#3917=EDGE_CURVE('',#3078,#3138,#163,.T.);
#3918=EDGE_CURVE('',#3137,#3079,#164,.T.);
#3919=EDGE_CURVE('',#3084,#3078,#497,.T.);
#3920=EDGE_CURVE('',#3085,#3109,#498,.T.);
#3921=EDGE_CURVE('',#3139,#3109,#499,.T.);
#3922=EDGE_CURVE('',#3139,#3084,#500,.T.);
#3923=EDGE_CURVE('',#3107,#3140,#501,.T.);
#3924=EDGE_CURVE('',#3140,#3139,#2714,.T.);
#3925=EDGE_CURVE('',#3141,#3142,#502,.T.);
#3926=EDGE_CURVE('',#3142,#3143,#15,.T.);
#3927=EDGE_CURVE('',#3143,#3144,#503,.T.);
#3928=EDGE_CURVE('',#3141,#3144,#16,.T.);
#3929=EDGE_CURVE('',#3144,#3145,#17,.T.);
#3930=EDGE_CURVE('',#3143,#3140,#504,.T.);
#3931=EDGE_CURVE('',#3107,#3145,#505,.T.);
#3932=EDGE_CURVE('',#3145,#3146,#506,.T.);
#3933=EDGE_CURVE('',#3146,#3108,#507,.T.);
#3934=EDGE_CURVE('',#3086,#3147,#508,.T.);
#3935=EDGE_CURVE('',#3147,#3147,#2715,.T.);
#3936=EDGE_CURVE('',#3090,#3148,#509,.T.);
#3937=EDGE_CURVE('',#3148,#3149,#2716,.T.);
#3938=EDGE_CURVE('',#3091,#3149,#510,.T.);
#3939=EDGE_CURVE('',#3089,#3150,#511,.T.);
#3940=EDGE_CURVE('',#3150,#3148,#2717,.T.);
#3941=EDGE_CURVE('',#3088,#3151,#512,.T.);
#3942=EDGE_CURVE('',#3151,#3150,#513,.T.);
#3943=EDGE_CURVE('',#3152,#3087,#514,.T.);
#3944=EDGE_CURVE('',#3152,#3151,#2718,.T.);
#3945=EDGE_CURVE('',#3094,#3153,#515,.T.);
#3946=EDGE_CURVE('',#3153,#3152,#516,.T.);
#3947=EDGE_CURVE('',#3093,#3154,#517,.T.);
#3948=EDGE_CURVE('',#3154,#3153,#2719,.T.);
#3949=EDGE_CURVE('',#3092,#3155,#518,.T.);
#3950=EDGE_CURVE('',#3155,#3154,#519,.T.);
#3951=EDGE_CURVE('',#3149,#3155,#2720,.T.);
#3952=EDGE_CURVE('',#3100,#3156,#520,.T.);
#3953=EDGE_CURVE('',#3099,#3157,#521,.T.);
#3954=EDGE_CURVE('',#3157,#3156,#2721,.T.);
#3955=EDGE_CURVE('',#3098,#3158,#522,.T.);
#3956=EDGE_CURVE('',#3158,#3157,#523,.T.);
#3957=EDGE_CURVE('',#3097,#3159,#524,.T.);
#3958=EDGE_CURVE('',#3159,#3158,#2722,.T.);
#3959=EDGE_CURVE('',#3096,#3160,#525,.T.);
#3960=EDGE_CURVE('',#3160,#3159,#526,.T.);
#3961=EDGE_CURVE('',#3161,#3095,#527,.T.);
#3962=EDGE_CURVE('',#3161,#3160,#2723,.T.);
#3963=EDGE_CURVE('',#3156,#3161,#528,.T.);
#3964=EDGE_CURVE('',#3106,#3162,#529,.T.);
#3965=EDGE_CURVE('',#3162,#3163,#530,.T.);
#3966=EDGE_CURVE('',#3101,#3163,#531,.T.);
#3967=EDGE_CURVE('',#3105,#3164,#532,.T.);
#3968=EDGE_CURVE('',#3164,#3162,#2724,.T.);
#3969=EDGE_CURVE('',#3104,#3165,#533,.T.);
#3970=EDGE_CURVE('',#3165,#3164,#534,.T.);
#3971=EDGE_CURVE('',#3166,#3103,#535,.T.);
#3972=EDGE_CURVE('',#3166,#3165,#2725,.T.);
#3973=EDGE_CURVE('',#3102,#3167,#536,.T.);
#3974=EDGE_CURVE('',#3167,#3166,#537,.T.);
#3975=EDGE_CURVE('',#3163,#3167,#2726,.T.);
#3976=EDGE_CURVE('',#3146,#3168,#18,.T.);
#3977=EDGE_CURVE('',#3169,#3108,#538,.T.);
#3978=EDGE_CURVE('',#3169,#3170,#539,.T.);
#3979=EDGE_CURVE('',#3168,#3170,#540,.T.);
#3980=EDGE_CURVE('',#3171,#3110,#541,.T.);
#3981=EDGE_CURVE('',#3171,#3169,#2727,.T.);
#3982=EDGE_CURVE('',#3172,#3173,#542,.T.);
#3983=EDGE_CURVE('',#3173,#3171,#543,.T.);
#3984=EDGE_CURVE('',#3110,#3172,#544,.T.);
#3985=EDGE_CURVE('',#3170,#3174,#19,.T.);
#3986=EDGE_CURVE('',#3174,#3175,#545,.T.);
#3987=EDGE_CURVE('',#3175,#3168,#20,.T.);
#3988=EDGE_CURVE('',#3172,#3176,#165,.T.);
#3989=EDGE_CURVE('',#3177,#3176,#546,.T.);
#3990=EDGE_CURVE('',#3177,#3173,#166,.T.);
#3991=EDGE_CURVE('',#3178,#2978,#547,.T.);
#3992=EDGE_CURVE('',#2978,#3177,#167,.T.);
#3993=EDGE_CURVE('',#3176,#3178,#168,.T.);
#3994=EDGE_CURVE('',#3178,#2989,#169,.T.);
#3995=EDGE_CURVE('',#3112,#2984,#548,.T.);
#3996=EDGE_CURVE('',#2983,#3113,#549,.T.);
#3997=EDGE_CURVE('',#3111,#2985,#550,.T.);
#3998=EDGE_CURVE('',#3118,#2986,#551,.T.);
#3999=EDGE_CURVE('',#3117,#2987,#552,.T.);
#4000=EDGE_CURVE('',#3116,#2981,#553,.T.);
#4001=EDGE_CURVE('',#3115,#2980,#554,.T.);
#4002=EDGE_CURVE('',#3114,#2982,#555,.T.);
#4003=EDGE_CURVE('',#3179,#3180,#2728,.T.);
#4004=EDGE_CURVE('',#3179,#3120,#556,.T.);
#4005=EDGE_CURVE('',#3119,#3180,#557,.T.);
#4006=EDGE_CURVE('',#3180,#3181,#558,.T.);
#4007=EDGE_CURVE('',#3181,#3124,#559,.T.);
#4008=EDGE_CURVE('',#3181,#3182,#2729,.T.);
#4009=EDGE_CURVE('',#3126,#3182,#560,.T.);
#4010=EDGE_CURVE('',#3183,#3142,#561,.T.);
#4011=EDGE_CURVE('',#3182,#3183,#562,.T.);
#4012=EDGE_CURVE('',#3184,#3141,#21,.T.);
#4013=EDGE_CURVE('',#3184,#3185,#563,.T.);
#4014=EDGE_CURVE('',#3185,#3183,#564,.T.);
#4015=EDGE_CURVE('',#3175,#3186,#22,.T.);
#4016=EDGE_CURVE('',#3186,#3184,#565,.T.);
#4017=EDGE_CURVE('',#3174,#3187,#566,.T.);
#4018=EDGE_CURVE('',#3187,#3188,#567,.T.);
#4019=EDGE_CURVE('',#3188,#3186,#568,.T.);
#4020=EDGE_CURVE('',#3189,#3173,#569,.T.);
#4021=EDGE_CURVE('',#3187,#3189,#570,.T.);
#4022=EDGE_CURVE('',#3189,#2977,#2730,.T.);
#4023=EDGE_CURVE('',#3190,#3191,#2731,.T.);
#4024=EDGE_CURVE('',#3179,#3191,#571,.T.);
#4025=EDGE_CURVE('',#3180,#3190,#572,.T.);
#4026=EDGE_CURVE('',#3181,#3192,#573,.T.);
#4027=EDGE_CURVE('',#3192,#3190,#574,.T.);
#4028=EDGE_CURVE('',#3182,#3193,#575,.T.);
#4029=EDGE_CURVE('',#3193,#3192,#2732,.T.);
#4030=EDGE_CURVE('',#3185,#3193,#576,.T.);
#4031=EDGE_CURVE('',#3188,#3185,#577,.T.);
#4032=EDGE_CURVE('',#3189,#3194,#578,.T.);
#4033=EDGE_CURVE('',#3194,#3188,#579,.T.);
#4034=EDGE_CURVE('',#2976,#3194,#2733,.T.);
#4035=EDGE_CURVE('',#3195,#3196,#580,.T.);
#4036=EDGE_CURVE('',#3195,#3197,#581,.T.);
#4037=EDGE_CURVE('',#3197,#2995,#582,.T.);
#4038=EDGE_CURVE('',#2933,#3196,#23,.F.);
#4039=EDGE_CURVE('',#2988,#2919,#583,.T.);
#4040=EDGE_CURVE('',#3198,#3002,#584,.T.);
#4041=EDGE_CURVE('',#3197,#3199,#585,.T.);
#4042=EDGE_CURVE('',#3199,#3200,#2734,.T.);
#4043=EDGE_CURVE('',#3200,#3198,#2735,.T.);
#4044=EDGE_CURVE('',#3201,#3201,#2736,.T.);
#4045=EDGE_CURVE('',#3198,#3202,#586,.T.);
#4046=EDGE_CURVE('',#3000,#3202,#587,.T.);
#4047=EDGE_CURVE('',#3200,#3203,#588,.T.);
#4048=EDGE_CURVE('',#3202,#3203,#2737,.T.);
#4049=EDGE_CURVE('',#3199,#3204,#589,.T.);
#4050=EDGE_CURVE('',#3203,#3204,#2738,.T.);
#4051=EDGE_CURVE('',#3204,#3195,#590,.T.);
#4052=EDGE_CURVE('',#3205,#3205,#2739,.T.);
#4053=EDGE_CURVE('',#3206,#3206,#2740,.T.);
#4054=EDGE_CURVE('',#3201,#3205,#591,.T.);
#4055=EDGE_CURVE('',#3207,#3207,#2741,.T.);
#4056=EDGE_CURVE('',#3207,#3206,#592,.T.);
#4057=EDGE_CURVE('',#2990,#3208,#593,.T.);
#4058=EDGE_CURVE('',#3208,#3209,#594,.T.);
#4059=EDGE_CURVE('',#3210,#3209,#2742,.T.);
#4060=EDGE_CURVE('',#3211,#3210,#595,.T.);
#4061=EDGE_CURVE('',#3211,#3212,#2743,.T.);
#4062=EDGE_CURVE('',#3212,#3213,#596,.T.);
#4063=EDGE_CURVE('',#3213,#3214,#597,.T.);
#4064=EDGE_CURVE('',#3214,#3215,#598,.T.);
#4065=EDGE_CURVE('',#3215,#3216,#2744,.T.);
#4066=EDGE_CURVE('',#3216,#3217,#599,.T.);
#4067=EDGE_CURVE('',#3217,#3218,#2745,.T.);
#4068=EDGE_CURVE('',#3191,#3218,#600,.T.);
#4069=EDGE_CURVE('',#3219,#3219,#2746,.T.);
#4070=EDGE_CURVE('',#3220,#3220,#2747,.T.);
#4071=EDGE_CURVE('',#3220,#3221,#601,.T.);
#4072=EDGE_CURVE('',#3221,#3221,#2748,.T.);
#4073=EDGE_CURVE('',#3221,#3222,#602,.T.);
#4074=EDGE_CURVE('',#3222,#3222,#2749,.T.);
#4075=EDGE_CURVE('',#3219,#3223,#603,.T.);
#4076=EDGE_CURVE('',#3223,#3223,#2750,.T.);
#4077=EDGE_CURVE('',#3223,#3224,#604,.T.);
#4078=EDGE_CURVE('',#3224,#3224,#2751,.T.);
#4079=EDGE_CURVE('',#3225,#3222,#605,.T.);
#4080=EDGE_CURVE('',#3226,#3224,#606,.T.);
#4081=EDGE_CURVE('',#3227,#3228,#170,.T.);
#4082=EDGE_CURVE('',#3227,#3229,#607,.T.);
#4083=EDGE_CURVE('',#3229,#3230,#171,.T.);
#4084=EDGE_CURVE('',#3230,#3231,#172,.T.);
#4085=EDGE_CURVE('',#3231,#3232,#173,.T.);
#4086=EDGE_CURVE('',#3233,#3232,#174,.T.);
#4087=EDGE_CURVE('',#3234,#3233,#2752,.T.);
#4088=EDGE_CURVE('',#3235,#3234,#175,.T.);
#4089=EDGE_CURVE('',#3236,#3235,#176,.T.);
#4090=EDGE_CURVE('',#3228,#3236,#177,.T.);
#4091=EDGE_CURVE('',#3229,#2895,#178,.T.);
#4092=EDGE_CURVE('',#3227,#2894,#179,.T.);
#4093=EDGE_CURVE('',#3237,#2902,#608,.T.);
#4094=EDGE_CURVE('',#3238,#3237,#609,.T.);
#4095=EDGE_CURVE('',#3238,#2903,#610,.T.);
#4096=EDGE_CURVE('',#3239,#2899,#611,.T.);
#4097=EDGE_CURVE('',#3239,#3240,#612,.T.);
#4098=EDGE_CURVE('',#2897,#3240,#613,.T.);
#4099=EDGE_CURVE('',#3241,#3238,#2753,.T.);
#4100=EDGE_CURVE('',#3242,#3241,#614,.T.);
#4101=EDGE_CURVE('',#3239,#3242,#2754,.T.);
#4102=EDGE_CURVE('',#2991,#3243,#615,.T.);
#4103=EDGE_CURVE('',#3243,#3208,#616,.T.);
#4104=EDGE_CURVE('',#3244,#2992,#617,.T.);
#4105=EDGE_CURVE('',#3244,#3243,#618,.T.);
#4106=EDGE_CURVE('',#2993,#3245,#619,.T.);
#4107=EDGE_CURVE('',#3245,#3244,#2755,.T.);
#4108=EDGE_CURVE('',#3179,#3246,#620,.T.);
#4109=EDGE_CURVE('',#3246,#3218,#621,.T.);
#4110=EDGE_CURVE('',#3120,#3247,#622,.T.);
#4111=EDGE_CURVE('',#3246,#3247,#623,.T.);
#4112=EDGE_CURVE('',#3248,#3121,#624,.T.);
#4113=EDGE_CURVE('',#3248,#3247,#625,.T.);
#4114=EDGE_CURVE('',#3248,#3249,#2756,.T.);
#4115=EDGE_CURVE('',#3249,#3250,#626,.T.);
#4116=EDGE_CURVE('',#3250,#3251,#2757,.T.);
#4117=EDGE_CURVE('',#3251,#3252,#627,.T.);
#4118=EDGE_CURVE('',#3252,#3232,#628,.T.);
#4119=EDGE_CURVE('',#3253,#3063,#629,.T.);
#4120=EDGE_CURVE('',#3235,#3254,#630,.T.);
#4121=EDGE_CURVE('',#3254,#3255,#631,.T.);
#4122=EDGE_CURVE('',#3255,#3256,#180,.T.);
#4123=EDGE_CURVE('',#3256,#3257,#181,.T.);
#4124=EDGE_CURVE('',#3257,#3258,#182,.T.);
#4125=EDGE_CURVE('',#3258,#3259,#632,.T.);
#4126=EDGE_CURVE('',#3259,#3260,#183,.T.);
#4127=EDGE_CURVE('',#3260,#3261,#184,.T.);
#4128=EDGE_CURVE('',#3261,#3253,#185,.T.);
#4129=EDGE_CURVE('',#3048,#3262,#633,.T.);
#4130=EDGE_CURVE('',#3253,#3262,#634,.T.);
#4131=EDGE_CURVE('',#3263,#3049,#635,.T.);
#4132=EDGE_CURVE('',#3262,#3263,#636,.T.);
#4133=EDGE_CURVE('',#3060,#3264,#637,.T.);
#4134=EDGE_CURVE('',#3263,#3264,#638,.T.);
#4135=EDGE_CURVE('',#2921,#3265,#639,.T.);
#4136=EDGE_CURVE('',#3264,#3266,#186,.T.);
#4137=EDGE_CURVE('',#3266,#3267,#187,.T.);
#4138=EDGE_CURVE('',#3267,#3268,#640,.T.);
#4139=EDGE_CURVE('',#3268,#3269,#188,.T.);
#4140=EDGE_CURVE('',#3269,#3270,#189,.T.);
#4141=EDGE_CURVE('',#3270,#3271,#190,.T.);
#4142=EDGE_CURVE('',#3271,#3272,#641,.T.);
#4143=EDGE_CURVE('',#3272,#3273,#642,.T.);
#4144=EDGE_CURVE('',#3273,#3274,#643,.T.);
#4145=EDGE_CURVE('',#3274,#3275,#191,.T.);
#4146=EDGE_CURVE('',#3275,#3276,#192,.T.);
#4147=EDGE_CURVE('',#3276,#3277,#193,.T.);
#4148=EDGE_CURVE('',#3277,#3278,#644,.T.);
#4149=EDGE_CURVE('',#3278,#3279,#645,.T.);
#4150=EDGE_CURVE('',#3280,#3279,#194,.T.);
#4151=EDGE_CURVE('',#3265,#3280,#195,.T.);
#4152=EDGE_CURVE('',#3281,#3282,#2758,.T.);
#4153=EDGE_CURVE('',#3281,#3202,#646,.T.);
#4154=EDGE_CURVE('',#3203,#3282,#647,.T.);
#4155=EDGE_CURVE('',#3001,#3283,#648,.T.);
#4156=EDGE_CURVE('',#3283,#3284,#649,.T.);
#4157=EDGE_CURVE('',#3284,#3285,#650,.T.);
#4158=EDGE_CURVE('',#3285,#3245,#651,.T.);
#4159=EDGE_CURVE('',#3286,#3240,#2759,.T.);
#4160=EDGE_CURVE('',#3286,#3287,#652,.T.);
#4161=EDGE_CURVE('',#3237,#3287,#2760,.T.);
#4162=EDGE_CURVE('',#3242,#3286,#653,.T.);
#4163=EDGE_CURVE('',#3241,#3287,#654,.T.);
#4164=EDGE_CURVE('',#2999,#3288,#655,.T.);
#4165=EDGE_CURVE('',#3283,#3288,#24,.T.);
#4166=EDGE_CURVE('',#3288,#3289,#656,.T.);
#4167=EDGE_CURVE('',#3289,#3281,#657,.T.);
#4168=EDGE_CURVE('',#3290,#3196,#658,.T.);
#4169=EDGE_CURVE('',#3291,#2933,#659,.T.);
#4170=EDGE_CURVE('',#3291,#3290,#25,.F.);
#4171=EDGE_CURVE('',#3292,#3265,#196,.T.);
#4172=EDGE_CURVE('',#3293,#3292,#197,.T.);
#4173=EDGE_CURVE('',#3293,#3291,#660,.T.);
#4174=EDGE_CURVE('',#3294,#3295,#661,.T.);
#4175=EDGE_CURVE('',#3204,#3294,#662,.T.);
#4176=EDGE_CURVE('',#3295,#3290,#663,.T.);
#4177=EDGE_CURVE('',#3282,#3294,#2761,.T.);
#4178=EDGE_CURVE('',#3296,#3297,#198,.T.);
#4179=EDGE_CURVE('',#3297,#3298,#664,.T.);
#4180=EDGE_CURVE('',#3298,#3299,#199,.T.);
#4181=EDGE_CURVE('',#3299,#3300,#665,.T.);
#4182=EDGE_CURVE('',#3301,#3300,#200,.T.);
#4183=EDGE_CURVE('',#3302,#3301,#201,.T.);
#4184=EDGE_CURVE('',#3303,#3302,#202,.T.);
#4185=EDGE_CURVE('',#3304,#3303,#203,.T.);
#4186=EDGE_CURVE('',#3305,#3304,#204,.T.);
#4187=EDGE_CURVE('',#3306,#3305,#666,.T.);
#4188=EDGE_CURVE('',#3307,#3306,#667,.T.);
#4189=EDGE_CURVE('',#3308,#3307,#2762,.T.);
#4190=EDGE_CURVE('',#3308,#3296,#668,.T.);
#4191=EDGE_CURVE('',#3209,#3308,#669,.T.);
#4192=EDGE_CURVE('',#3307,#3210,#670,.T.);
#4193=EDGE_CURVE('',#3279,#3305,#205,.T.);
#4194=EDGE_CURVE('',#3304,#3280,#671,.T.);
#4195=EDGE_CURVE('',#3265,#3303,#672,.T.);
#4196=EDGE_CURVE('',#3302,#3292,#673,.T.);
#4197=EDGE_CURVE('',#3293,#3301,#674,.T.);
#4198=EDGE_CURVE('',#3300,#3309,#675,.T.);
#4199=EDGE_CURVE('',#3309,#3293,#206,.T.);
#4200=EDGE_CURVE('',#3310,#3311,#676,.T.);
#4201=EDGE_CURVE('',#3311,#3312,#677,.T.);
#4202=EDGE_CURVE('',#3312,#3313,#678,.T.);
#4203=EDGE_CURVE('',#3313,#3310,#679,.T.);
#4204=EDGE_CURVE('',#3314,#3315,#680,.T.);
#4205=EDGE_CURVE('',#3315,#3313,#2763,.T.);
#4206=EDGE_CURVE('',#3312,#3314,#2764,.T.);
#4207=EDGE_CURVE('',#3316,#3317,#681,.T.);
#4208=EDGE_CURVE('',#3317,#3315,#2765,.T.);
#4209=EDGE_CURVE('',#3314,#3316,#2766,.T.);
#4210=EDGE_CURVE('',#3310,#3309,#207,.T.);
#4211=EDGE_CURVE('',#3300,#3311,#208,.T.);
#4212=EDGE_CURVE('',#3313,#3318,#682,.T.);
#4213=EDGE_CURVE('',#3318,#3291,#683,.T.);
#4214=EDGE_CURVE('',#3319,#3315,#684,.T.);
#4215=EDGE_CURVE('',#3319,#3318,#2767,.T.);
#4216=EDGE_CURVE('',#3317,#3320,#685,.T.);
#4217=EDGE_CURVE('',#3320,#3319,#2768,.T.);
#4218=EDGE_CURVE('',#3321,#3316,#2769,.T.);
#4219=EDGE_CURVE('',#3285,#3321,#686,.T.);
#4220=EDGE_CURVE('',#3317,#3285,#2770,.T.);
#4221=EDGE_CURVE('',#3299,#3322,#2771,.T.);
#4222=EDGE_CURVE('',#3323,#3322,#687,.T.);
#4223=EDGE_CURVE('',#3323,#3324,#2772,.T.);
#4224=EDGE_CURVE('',#3325,#3324,#688,.T.);
#4225=EDGE_CURVE('',#3325,#3296,#2773,.T.);
#4226=EDGE_CURVE('',#3308,#3326,#689,.T.);
#4227=EDGE_CURVE('',#3326,#3327,#690,.T.);
#4228=EDGE_CURVE('',#3327,#3328,#691,.T.);
#4229=EDGE_CURVE('',#3328,#3329,#2774,.T.);
#4230=EDGE_CURVE('',#3329,#3321,#692,.T.);
#4231=EDGE_CURVE('',#3330,#3331,#693,.T.);
#4232=EDGE_CURVE('',#3330,#3332,#2775,.T.);
#4233=EDGE_CURVE('',#3333,#3332,#694,.T.);
#4234=EDGE_CURVE('',#3333,#3334,#2776,.T.);
#4235=EDGE_CURVE('',#3335,#3334,#2777,.T.);
#4236=EDGE_CURVE('',#3336,#3335,#2778,.F.);
#4237=EDGE_CURVE('',#3337,#3336,#695,.T.);
#4238=EDGE_CURVE('',#3337,#3331,#2779,.T.);
#4239=EDGE_CURVE('',#3338,#3339,#2780,.F.);
#4240=EDGE_CURVE('',#3340,#3338,#696,.T.);
#4241=EDGE_CURVE('',#3340,#3341,#2781,.T.);
#4242=EDGE_CURVE('',#3342,#3341,#697,.T.);
#4243=EDGE_CURVE('',#3342,#3343,#2782,.T.);
#4244=EDGE_CURVE('',#3339,#3343,#698,.T.);
#4245=EDGE_CURVE('',#3344,#3345,#699,.T.);
#4246=EDGE_CURVE('',#3344,#3346,#2783,.T.);
#4247=EDGE_CURVE('',#3347,#3346,#700,.T.);
#4248=EDGE_CURVE('',#3347,#3348,#2784,.T.);
#4249=EDGE_CURVE('',#3349,#3348,#701,.T.);
#4250=EDGE_CURVE('',#3349,#3350,#2785,.T.);
#4251=EDGE_CURVE('',#3351,#3350,#702,.T.);
#4252=EDGE_CURVE('',#3351,#3345,#2786,.T.);
#4253=EDGE_CURVE('',#3352,#3352,#2787,.T.);
#4254=EDGE_CURVE('',#3353,#3354,#703,.T.);
#4255=EDGE_CURVE('',#3353,#3355,#2788,.T.);
#4256=EDGE_CURVE('',#3356,#3355,#704,.T.);
#4257=EDGE_CURVE('',#3356,#3357,#2789,.T.);
#4258=EDGE_CURVE('',#3358,#3357,#705,.T.);
#4259=EDGE_CURVE('',#3358,#3354,#2790,.T.);
#4260=EDGE_CURVE('',#3307,#3359,#706,.T.);
#4261=EDGE_CURVE('',#3359,#3211,#707,.T.);
#4262=EDGE_CURVE('',#3306,#3360,#708,.T.);
#4263=EDGE_CURVE('',#3360,#3361,#209,.T.);
#4264=EDGE_CURVE('',#3361,#3359,#709,.T.);
#4265=EDGE_CURVE('',#3362,#3363,#2791,.T.);
#4266=EDGE_CURVE('',#3363,#3364,#710,.T.);
#4267=EDGE_CURVE('',#3364,#3365,#2792,.T.);
#4268=EDGE_CURVE('',#3365,#3366,#711,.T.);
#4269=EDGE_CURVE('',#3366,#3367,#2793,.T.);
#4270=EDGE_CURVE('',#3367,#3368,#712,.T.);
#4271=EDGE_CURVE('',#3368,#3369,#2794,.T.);
#4272=EDGE_CURVE('',#3369,#3362,#713,.T.);
#4273=EDGE_CURVE('',#3278,#3306,#714,.T.);
#4274=EDGE_CURVE('',#3360,#3277,#715,.T.);
#4275=EDGE_CURVE('',#3208,#3326,#716,.T.);
#4276=EDGE_CURVE('',#3243,#3327,#717,.T.);
#4277=EDGE_CURVE('',#3244,#3328,#718,.T.);
#4278=EDGE_CURVE('',#3245,#3329,#719,.T.);
#4279=EDGE_CURVE('',#3284,#3320,#2795,.T.);
#4280=EDGE_CURVE('',#3370,#3371,#2796,.T.);
#4281=EDGE_CURVE('',#3318,#3370,#720,.T.);
#4282=EDGE_CURVE('',#3319,#3371,#721,.T.);
#4283=EDGE_CURVE('',#3320,#3372,#722,.T.);
#4284=EDGE_CURVE('',#3371,#3372,#2797,.T.);
#4285=EDGE_CURVE('',#3284,#3373,#723,.T.);
#4286=EDGE_CURVE('',#3372,#3373,#2798,.T.);
#4287=EDGE_CURVE('',#3374,#3289,#724,.T.);
#4288=EDGE_CURVE('',#3373,#3374,#725,.T.);
#4289=EDGE_CURVE('',#3375,#3376,#2799,.T.);
#4290=EDGE_CURVE('',#3376,#3377,#726,.T.);
#4291=EDGE_CURVE('',#3377,#3378,#2800,.T.);
#4292=EDGE_CURVE('',#3378,#3379,#727,.T.);
#4293=EDGE_CURVE('',#3379,#3380,#2801,.T.);
#4294=EDGE_CURVE('',#3380,#3375,#728,.T.);
#4295=EDGE_CURVE('',#3322,#3377,#729,.T.);
#4296=EDGE_CURVE('',#3376,#3323,#730,.T.);
#4297=EDGE_CURVE('',#3298,#3378,#731,.T.);
#4298=EDGE_CURVE('',#3297,#3379,#732,.T.);
#4299=EDGE_CURVE('',#3325,#3380,#733,.T.);
#4300=EDGE_CURVE('',#3324,#3375,#734,.T.);
#4301=EDGE_CURVE('',#3381,#3382,#2802,.T.);
#4302=EDGE_CURVE('',#3382,#3383,#735,.T.);
#4303=EDGE_CURVE('',#3383,#3384,#2803,.T.);
#4304=EDGE_CURVE('',#3384,#3385,#736,.T.);
#4305=EDGE_CURVE('',#3385,#3386,#2804,.T.);
#4306=EDGE_CURVE('',#3386,#3381,#737,.T.);
#4307=EDGE_CURVE('',#3355,#3383,#738,.T.);
#4308=EDGE_CURVE('',#3382,#3356,#739,.T.);
#4309=EDGE_CURVE('',#3353,#3384,#740,.T.);
#4310=EDGE_CURVE('',#3354,#3385,#741,.T.);
#4311=EDGE_CURVE('',#3358,#3386,#742,.T.);
#4312=EDGE_CURVE('',#3357,#3381,#743,.T.);
#4313=EDGE_CURVE('',#3387,#3388,#2805,.T.);
#4314=EDGE_CURVE('',#3388,#3389,#744,.T.);
#4315=EDGE_CURVE('',#3389,#3390,#2806,.T.);
#4316=EDGE_CURVE('',#3390,#3391,#2807,.T.);
#4317=EDGE_CURVE('',#3391,#3392,#2808,.T.);
#4318=EDGE_CURVE('',#3392,#3393,#745,.T.);
#4319=EDGE_CURVE('',#3393,#3394,#2809,.T.);
#4320=EDGE_CURVE('',#3394,#3387,#746,.T.);
#4321=EDGE_CURVE('',#3336,#3389,#747,.T.);
#4322=EDGE_CURVE('',#3388,#3337,#748,.T.);
#4323=EDGE_CURVE('',#3335,#3390,#749,.T.);
#4324=EDGE_CURVE('',#3334,#3391,#750,.T.);
#4325=EDGE_CURVE('',#3333,#3392,#751,.T.);
#4326=EDGE_CURVE('',#3332,#3393,#752,.T.);
#4327=EDGE_CURVE('',#3330,#3394,#753,.T.);
#4328=EDGE_CURVE('',#3331,#3387,#754,.T.);
#4329=EDGE_CURVE('',#3395,#3396,#2810,.T.);
#4330=EDGE_CURVE('',#3396,#3397,#755,.T.);
#4331=EDGE_CURVE('',#3397,#3398,#2811,.T.);
#4332=EDGE_CURVE('',#3398,#3399,#756,.T.);
#4333=EDGE_CURVE('',#3399,#3400,#2812,.T.);
#4334=EDGE_CURVE('',#3400,#3395,#757,.T.);
#4335=EDGE_CURVE('',#3341,#3397,#758,.T.);
#4336=EDGE_CURVE('',#3396,#3342,#759,.T.);
#4337=EDGE_CURVE('',#3340,#3398,#760,.T.);
#4338=EDGE_CURVE('',#3338,#3399,#761,.T.);
#4339=EDGE_CURVE('',#3339,#3400,#762,.T.);
#4340=EDGE_CURVE('',#3343,#3395,#763,.T.);
#4341=EDGE_CURVE('',#3401,#3402,#2813,.T.);
#4342=EDGE_CURVE('',#3402,#3403,#764,.T.);
#4343=EDGE_CURVE('',#3403,#3404,#2814,.T.);
#4344=EDGE_CURVE('',#3404,#3405,#765,.T.);
#4345=EDGE_CURVE('',#3405,#3406,#2815,.T.);
#4346=EDGE_CURVE('',#3406,#3407,#766,.T.);
#4347=EDGE_CURVE('',#3407,#3408,#2816,.T.);
#4348=EDGE_CURVE('',#3408,#3401,#767,.T.);
#4349=EDGE_CURVE('',#3350,#3403,#768,.T.);
#4350=EDGE_CURVE('',#3402,#3351,#769,.T.);
#4351=EDGE_CURVE('',#3349,#3404,#770,.T.);
#4352=EDGE_CURVE('',#3348,#3405,#771,.T.);
#4353=EDGE_CURVE('',#3347,#3406,#772,.T.);
#4354=EDGE_CURVE('',#3346,#3407,#773,.T.);
#4355=EDGE_CURVE('',#3344,#3408,#774,.T.);
#4356=EDGE_CURVE('',#3345,#3401,#775,.T.);
#4357=EDGE_CURVE('',#3409,#3409,#2817,.T.);
#4358=EDGE_CURVE('',#3409,#3410,#776,.T.);
#4359=EDGE_CURVE('',#3410,#3410,#2818,.T.);
#4360=EDGE_CURVE('',#3410,#3352,#777,.T.);
#4361=EDGE_CURVE('',#3411,#3412,#778,.F.);
#4362=EDGE_CURVE('',#3413,#3411,#779,.F.);
#4363=EDGE_CURVE('',#3414,#3413,#780,.F.);
#4364=EDGE_CURVE('',#3415,#3414,#781,.F.);
#4365=EDGE_CURVE('',#3416,#3415,#782,.F.);
#4366=EDGE_CURVE('',#3412,#3416,#783,.F.);
#4367=EDGE_CURVE('',#3417,#3417,#2819,.T.);
#4368=EDGE_CURVE('',#3418,#3419,#210,.T.);
#4369=EDGE_CURVE('',#3420,#3419,#784,.T.);
#4370=EDGE_CURVE('',#3420,#3421,#211,.T.);
#4371=EDGE_CURVE('',#3421,#3422,#212,.T.);
#4372=EDGE_CURVE('',#3422,#3263,#213,.T.);
#4373=EDGE_CURVE('',#3262,#3418,#214,.T.);
#4374=EDGE_CURVE('',#3423,#3423,#2820,.T.);
#4375=EDGE_CURVE('',#3423,#3417,#785,.T.);
#4376=EDGE_CURVE('',#3424,#3269,#786,.T.);
#4377=EDGE_CURVE('',#3268,#3425,#787,.T.);
#4378=EDGE_CURVE('',#3424,#3425,#215,.T.);
#4379=EDGE_CURVE('',#3420,#3267,#788,.T.);
#4380=EDGE_CURVE('',#3425,#3420,#789,.T.);
#4381=EDGE_CURVE('',#3266,#3421,#790,.T.);
#4382=EDGE_CURVE('',#3419,#3260,#791,.T.);
#4383=EDGE_CURVE('',#3259,#3426,#792,.T.);
#4384=EDGE_CURVE('',#3419,#3426,#216,.T.);
#4385=EDGE_CURVE('',#3427,#3258,#793,.T.);
#4386=EDGE_CURVE('',#3426,#3427,#794,.T.);
#4387=EDGE_CURVE('',#3428,#3429,#795,.T.);
#4388=EDGE_CURVE('',#3428,#3414,#796,.T.);
#4389=EDGE_CURVE('',#3429,#3413,#797,.F.);
#4390=EDGE_CURVE('',#3430,#3428,#798,.T.);
#4391=EDGE_CURVE('',#3430,#3415,#799,.T.);
#4392=EDGE_CURVE('',#3431,#3430,#800,.T.);
#4393=EDGE_CURVE('',#3431,#3416,#801,.T.);
#4394=EDGE_CURVE('',#3432,#3431,#802,.T.);
#4395=EDGE_CURVE('',#3432,#3412,#803,.F.);
#4396=EDGE_CURVE('',#3433,#3432,#804,.T.);
#4397=EDGE_CURVE('',#3433,#3411,#805,.F.);
#4398=EDGE_CURVE('',#3429,#3433,#806,.T.);
#4399=EDGE_CURVE('',#3252,#3434,#2821,.T.);
#4400=EDGE_CURVE('',#3233,#3434,#807,.T.);
#4401=EDGE_CURVE('',#3434,#3435,#2822,.T.);
#4402=EDGE_CURVE('',#3435,#3234,#808,.T.);
#4403=EDGE_CURVE('',#3435,#3254,#2823,.T.);
#4404=EDGE_CURVE('',#3436,#3256,#809,.T.);
#4405=EDGE_CURVE('',#3437,#3436,#217,.T.);
#4406=EDGE_CURVE('',#3257,#3437,#810,.T.);
#4407=EDGE_CURVE('',#3427,#3437,#218,.T.);
#4408=EDGE_CURVE('',#3427,#3424,#811,.T.);
#4409=EDGE_CURVE('',#3438,#3424,#219,.T.);
#4410=EDGE_CURVE('',#3270,#3438,#812,.T.);
#4411=EDGE_CURVE('',#3439,#3271,#813,.T.);
#4412=EDGE_CURVE('',#3439,#3438,#220,.T.);
#4413=EDGE_CURVE('',#3440,#3440,#2824,.T.);
#4414=EDGE_CURVE('',#3441,#3442,#2825,.T.);
#4415=EDGE_CURVE('',#3441,#3443,#814,.T.);
#4416=EDGE_CURVE('',#3444,#3443,#2826,.T.);
#4417=EDGE_CURVE('',#3444,#3445,#815,.T.);
#4418=EDGE_CURVE('',#3446,#3445,#2827,.T.);
#4419=EDGE_CURVE('',#3446,#3447,#2828,.T.);
#4420=EDGE_CURVE('',#3448,#3447,#2829,.T.);
#4421=EDGE_CURVE('',#3448,#3442,#816,.T.);
#4422=EDGE_CURVE('',#3449,#3450,#2830,.T.);
#4423=EDGE_CURVE('',#3449,#3451,#817,.T.);
#4424=EDGE_CURVE('',#3452,#3451,#2831,.T.);
#4425=EDGE_CURVE('',#3452,#3453,#818,.T.);
#4426=EDGE_CURVE('',#3454,#3453,#2832,.T.);
#4427=EDGE_CURVE('',#3454,#3450,#819,.T.);
#4428=EDGE_CURVE('',#3455,#3456,#2833,.T.);
#4429=EDGE_CURVE('',#3455,#3457,#820,.T.);
#4430=EDGE_CURVE('',#3458,#3457,#2834,.T.);
#4431=EDGE_CURVE('',#3458,#3459,#821,.T.);
#4432=EDGE_CURVE('',#3460,#3459,#2835,.T.);
#4433=EDGE_CURVE('',#3460,#3456,#822,.T.);
#4434=EDGE_CURVE('',#3461,#3462,#823,.T.);
#4435=EDGE_CURVE('',#3462,#3273,#2836,.T.);
#4436=EDGE_CURVE('',#3272,#3461,#2837,.T.);
#4437=EDGE_CURVE('',#3463,#3464,#2838,.T.);
#4438=EDGE_CURVE('',#3463,#3465,#824,.T.);
#4439=EDGE_CURVE('',#3466,#3465,#2839,.T.);
#4440=EDGE_CURVE('',#3466,#3467,#825,.T.);
#4441=EDGE_CURVE('',#3468,#3467,#2840,.T.);
#4442=EDGE_CURVE('',#3468,#3469,#826,.T.);
#4443=EDGE_CURVE('',#3470,#3469,#2841,.T.);
#4444=EDGE_CURVE('',#3470,#3464,#827,.T.);
#4445=EDGE_CURVE('',#3471,#3247,#2842,.T.);
#4446=EDGE_CURVE('',#3249,#3471,#828,.T.);
#4447=EDGE_CURVE('',#3250,#3472,#829,.T.);
#4448=EDGE_CURVE('',#3472,#3471,#830,.T.);
#4449=EDGE_CURVE('',#3251,#3473,#831,.T.);
#4450=EDGE_CURVE('',#3473,#3472,#2843,.T.);
#4451=EDGE_CURVE('',#3474,#3475,#832,.T.);
#4452=EDGE_CURVE('',#3475,#3428,#833,.T.);
#4453=EDGE_CURVE('',#3474,#3429,#834,.T.);
#4454=EDGE_CURVE('',#3475,#3476,#835,.T.);
#4455=EDGE_CURVE('',#3476,#3430,#836,.T.);
#4456=EDGE_CURVE('',#3476,#3477,#837,.T.);
#4457=EDGE_CURVE('',#3477,#3431,#838,.T.);
#4458=EDGE_CURVE('',#3477,#3478,#839,.T.);
#4459=EDGE_CURVE('',#3478,#3432,#840,.T.);
#4460=EDGE_CURVE('',#3478,#3479,#841,.T.);
#4461=EDGE_CURVE('',#3433,#3479,#842,.T.);
#4462=EDGE_CURVE('',#3479,#3474,#843,.T.);
#4463=EDGE_CURVE('',#3252,#3480,#844,.T.);
#4464=EDGE_CURVE('',#3480,#3473,#845,.T.);
#4465=EDGE_CURVE('',#3481,#3480,#2844,.T.);
#4466=EDGE_CURVE('',#3434,#3481,#846,.T.);
#4467=EDGE_CURVE('',#3435,#3482,#847,.T.);
#4468=EDGE_CURVE('',#3482,#3481,#2845,.T.);
#4469=EDGE_CURVE('',#3483,#3482,#2846,.T.);
#4470=EDGE_CURVE('',#3254,#3483,#848,.T.);
#4471=EDGE_CURVE('',#3255,#3484,#849,.T.);
#4472=EDGE_CURVE('',#3484,#3483,#850,.T.);
#4473=EDGE_CURVE('',#3436,#3484,#221,.T.);
#4474=EDGE_CURVE('',#3439,#3436,#851,.T.);
#4475=EDGE_CURVE('',#3485,#3439,#852,.T.);
#4476=EDGE_CURVE('',#3485,#3272,#853,.T.);
#4477=EDGE_CURVE('',#3461,#3486,#854,.T.);
#4478=EDGE_CURVE('',#3486,#3485,#2847,.T.);
#4479=EDGE_CURVE('',#3487,#3488,#855,.T.);
#4480=EDGE_CURVE('',#3487,#3489,#26,.T.);
#4481=EDGE_CURVE('',#3490,#3489,#856,.T.);
#4482=EDGE_CURVE('',#3488,#3490,#27,.T.);
#4483=EDGE_CURVE('',#3489,#3491,#28,.T.);
#4484=EDGE_CURVE('',#3461,#3491,#857,.T.);
#4485=EDGE_CURVE('',#3490,#3486,#858,.T.);
#4486=EDGE_CURVE('',#3491,#3492,#859,.T.);
#4487=EDGE_CURVE('',#3492,#3462,#860,.T.);
#4488=EDGE_CURVE('',#3440,#3493,#861,.T.);
#4489=EDGE_CURVE('',#3493,#3493,#2848,.T.);
#4490=EDGE_CURVE('',#3447,#3494,#862,.T.);
#4491=EDGE_CURVE('',#3446,#3495,#863,.T.);
#4492=EDGE_CURVE('',#3494,#3495,#2849,.T.);
#4493=EDGE_CURVE('',#3496,#3494,#2850,.T.);
#4494=EDGE_CURVE('',#3448,#3496,#864,.T.);
#4495=EDGE_CURVE('',#3442,#3497,#865,.T.);
#4496=EDGE_CURVE('',#3497,#3496,#866,.T.);
#4497=EDGE_CURVE('',#3498,#3497,#2851,.T.);
#4498=EDGE_CURVE('',#3498,#3441,#867,.T.);
#4499=EDGE_CURVE('',#3443,#3499,#868,.T.);
#4500=EDGE_CURVE('',#3499,#3498,#869,.T.);
#4501=EDGE_CURVE('',#3444,#3500,#870,.T.);
#4502=EDGE_CURVE('',#3500,#3499,#2852,.T.);
#4503=EDGE_CURVE('',#3445,#3501,#871,.T.);
#4504=EDGE_CURVE('',#3501,#3500,#872,.T.);
#4505=EDGE_CURVE('',#3495,#3501,#2853,.T.);
#4506=EDGE_CURVE('',#3451,#3502,#873,.T.);
#4507=EDGE_CURVE('',#3503,#3502,#2854,.T.);
#4508=EDGE_CURVE('',#3452,#3503,#874,.T.);
#4509=EDGE_CURVE('',#3453,#3504,#875,.T.);
#4510=EDGE_CURVE('',#3504,#3503,#876,.T.);
#4511=EDGE_CURVE('',#3505,#3504,#2855,.T.);
#4512=EDGE_CURVE('',#3454,#3505,#877,.T.);
#4513=EDGE_CURVE('',#3450,#3506,#878,.T.);
#4514=EDGE_CURVE('',#3506,#3505,#879,.T.);
#4515=EDGE_CURVE('',#3507,#3506,#2856,.T.);
#4516=EDGE_CURVE('',#3507,#3449,#880,.T.);
#4517=EDGE_CURVE('',#3502,#3507,#881,.T.);
#4518=EDGE_CURVE('',#3457,#3508,#882,.T.);
#4519=EDGE_CURVE('',#3455,#3509,#883,.T.);
#4520=EDGE_CURVE('',#3508,#3509,#884,.T.);
#4521=EDGE_CURVE('',#3510,#3508,#2857,.T.);
#4522=EDGE_CURVE('',#3458,#3510,#885,.T.);
#4523=EDGE_CURVE('',#3459,#3511,#886,.T.);
#4524=EDGE_CURVE('',#3511,#3510,#887,.T.);
#4525=EDGE_CURVE('',#3512,#3460,#888,.T.);
#4526=EDGE_CURVE('',#3512,#3511,#2858,.T.);
#4527=EDGE_CURVE('',#3456,#3513,#889,.T.);
#4528=EDGE_CURVE('',#3513,#3512,#890,.T.);
#4529=EDGE_CURVE('',#3509,#3513,#2859,.T.);
#4530=EDGE_CURVE('',#3492,#3514,#29,.T.);
#4531=EDGE_CURVE('',#3514,#3515,#891,.T.);
#4532=EDGE_CURVE('',#3516,#3515,#892,.T.);
#4533=EDGE_CURVE('',#3516,#3462,#893,.T.);
#4534=EDGE_CURVE('',#3517,#3516,#2860,.T.);
#4535=EDGE_CURVE('',#3517,#3273,#894,.T.);
#4536=EDGE_CURVE('',#3274,#3518,#895,.T.);
#4537=EDGE_CURVE('',#3518,#3517,#896,.T.);
#4538=EDGE_CURVE('',#3519,#3514,#30,.T.);
#4539=EDGE_CURVE('',#3520,#3519,#897,.T.);
#4540=EDGE_CURVE('',#3515,#3520,#31,.T.);
#4541=EDGE_CURVE('',#3521,#3518,#222,.T.);
#4542=EDGE_CURVE('',#3521,#3275,#898,.T.);
#4543=EDGE_CURVE('',#3276,#3361,#899,.T.);
#4544=EDGE_CURVE('',#3361,#3521,#223,.T.);
#4545=EDGE_CURVE('',#3464,#3367,#900,.T.);
#4546=EDGE_CURVE('',#3368,#3470,#901,.T.);
#4547=EDGE_CURVE('',#3463,#3366,#902,.T.);
#4548=EDGE_CURVE('',#3465,#3365,#903,.T.);
#4549=EDGE_CURVE('',#3466,#3364,#904,.T.);
#4550=EDGE_CURVE('',#3467,#3363,#905,.T.);
#4551=EDGE_CURVE('',#3468,#3362,#906,.T.);
#4552=EDGE_CURVE('',#3469,#3369,#907,.T.);
#4553=EDGE_CURVE('',#3246,#3522,#2861,.T.);
#4554=EDGE_CURVE('',#3471,#3522,#908,.T.);
#4555=EDGE_CURVE('',#3522,#3523,#909,.T.);
#4556=EDGE_CURVE('',#3523,#3472,#910,.T.);
#4557=EDGE_CURVE('',#3523,#3524,#2862,.T.);
#4558=EDGE_CURVE('',#3473,#3524,#911,.T.);
#4559=EDGE_CURVE('',#3524,#3525,#912,.T.);
#4560=EDGE_CURVE('',#3525,#3488,#913,.T.);
#4561=EDGE_CURVE('',#3214,#3525,#914,.T.);
#4562=EDGE_CURVE('',#3526,#3214,#915,.T.);
#4563=EDGE_CURVE('',#3526,#3487,#32,.T.);
#4564=EDGE_CURVE('',#3527,#3526,#916,.T.);
#4565=EDGE_CURVE('',#3519,#3527,#33,.T.);
#4566=EDGE_CURVE('',#3213,#3527,#917,.T.);
#4567=EDGE_CURVE('',#3528,#3213,#918,.T.);
#4568=EDGE_CURVE('',#3520,#3528,#919,.T.);
#4569=EDGE_CURVE('',#3528,#3529,#920,.T.);
#4570=EDGE_CURVE('',#3529,#3518,#921,.T.);
#4571=EDGE_CURVE('',#3529,#3359,#2863,.T.);
#4572=EDGE_CURVE('',#3522,#3217,#922,.T.);
#4573=EDGE_CURVE('',#3523,#3216,#923,.T.);
#4574=EDGE_CURVE('',#3524,#3215,#924,.T.);
#4575=EDGE_CURVE('',#3529,#3212,#925,.T.);
#4576=EDGE_CURVE('',#3530,#3370,#926,.T.);
#4577=EDGE_CURVE('',#3295,#3530,#927,.T.);
#4578=EDGE_CURVE('',#3531,#3374,#928,.T.);
#4579=EDGE_CURVE('',#3532,#3531,#2864,.T.);
#4580=EDGE_CURVE('',#3533,#3532,#2865,.T.);
#4581=EDGE_CURVE('',#3530,#3533,#929,.T.);
#4582=EDGE_CURVE('',#3534,#3534,#2866,.T.);
#4583=EDGE_CURVE('',#3531,#3281,#930,.T.);
#4584=EDGE_CURVE('',#3532,#3282,#931,.T.);
#4585=EDGE_CURVE('',#3533,#3294,#932,.T.);
#4586=EDGE_CURVE('',#3535,#3535,#2867,.T.);
#4587=EDGE_CURVE('',#3536,#3536,#2868,.T.);
#4588=EDGE_CURVE('',#3534,#3535,#933,.T.);
#4589=EDGE_CURVE('',#3537,#3537,#2869,.T.);
#4590=EDGE_CURVE('',#3537,#3536,#934,.T.);
#4591=EDGE_CURVE('',#3538,#3539,#935,.T.);
#4592=EDGE_CURVE('',#3538,#3540,#936,.T.);
#4593=EDGE_CURVE('',#3540,#3539,#937,.T.);
#4594=EDGE_CURVE('',#3541,#3542,#938,.T.);
#4595=EDGE_CURVE('',#3542,#3541,#267,.T.);
#4596=EDGE_CURVE('',#3542,#3539,#2870,.T.);
#4597=EDGE_CURVE('',#3538,#3541,#2871,.T.);
#4598=EDGE_CURVE('',#3543,#3543,#2872,.T.);
#4599=EDGE_CURVE('',#3543,#3544,#939,.T.);
#4600=ORIENTED_EDGE('',*,*,#3545,.T.);
#4601=ORIENTED_EDGE('',*,*,#3545,.F.);
#4602=ORIENTED_EDGE('',*,*,#3546,.T.);
#4603=ORIENTED_EDGE('',*,*,#3546,.F.);
#4604=ORIENTED_EDGE('',*,*,#3547,.T.);
#4605=ORIENTED_EDGE('',*,*,#3547,.F.);
#4606=ORIENTED_EDGE('',*,*,#3548,.T.);
#4607=ORIENTED_EDGE('',*,*,#3548,.F.);
#4608=ORIENTED_EDGE('',*,*,#3549,.T.);
#4609=ORIENTED_EDGE('',*,*,#3550,.F.);
#4610=ORIENTED_EDGE('',*,*,#3551,.F.);
#4611=ORIENTED_EDGE('',*,*,#3552,.F.);
#4612=ORIENTED_EDGE('',*,*,#3553,.F.);
#4613=ORIENTED_EDGE('',*,*,#3549,.F.);
#4614=ORIENTED_EDGE('',*,*,#3554,.T.);
#4615=ORIENTED_EDGE('',*,*,#3552,.T.);
#4616=ORIENTED_EDGE('',*,*,#3555,.T.);
#4617=ORIENTED_EDGE('',*,*,#3553,.T.);
#4618=ORIENTED_EDGE('',*,*,#3554,.F.);
#4619=ORIENTED_EDGE('',*,*,#3551,.T.);
#4620=ORIENTED_EDGE('',*,*,#3550,.T.);
#4621=ORIENTED_EDGE('',*,*,#3555,.F.);
#4622=ORIENTED_EDGE('',*,*,#3556,.F.);
#4623=ORIENTED_EDGE('',*,*,#3556,.T.);
#4624=ORIENTED_EDGE('',*,*,#3557,.T.);
#4625=ORIENTED_EDGE('',*,*,#3557,.F.);
#4626=ORIENTED_EDGE('',*,*,#3558,.T.);
#4627=ORIENTED_EDGE('',*,*,#3559,.T.);
#4628=ORIENTED_EDGE('',*,*,#3560,.T.);
#4629=ORIENTED_EDGE('',*,*,#3561,.T.);
#4630=ORIENTED_EDGE('',*,*,#3562,.T.);
#4631=ORIENTED_EDGE('',*,*,#3563,.T.);
#4632=ORIENTED_EDGE('',*,*,#3564,.F.);
#4633=ORIENTED_EDGE('',*,*,#3565,.F.);
#4634=ORIENTED_EDGE('',*,*,#3566,.F.);
#4635=ORIENTED_EDGE('',*,*,#3567,.F.);
#4636=ORIENTED_EDGE('',*,*,#3568,.F.);
#4637=ORIENTED_EDGE('',*,*,#3569,.F.);
#4638=ORIENTED_EDGE('',*,*,#3567,.T.);
#4639=ORIENTED_EDGE('',*,*,#3570,.T.);
#4640=ORIENTED_EDGE('',*,*,#3571,.F.);
#4641=ORIENTED_EDGE('',*,*,#3572,.F.);
#4642=ORIENTED_EDGE('',*,*,#3573,.F.);
#4643=ORIENTED_EDGE('',*,*,#3574,.T.);
#4644=ORIENTED_EDGE('',*,*,#3572,.T.);
#4645=ORIENTED_EDGE('',*,*,#3575,.T.);
#4646=ORIENTED_EDGE('',*,*,#3576,.F.);
#4647=ORIENTED_EDGE('',*,*,#3577,.F.);
#4648=ORIENTED_EDGE('',*,*,#3576,.T.);
#4649=ORIENTED_EDGE('',*,*,#3578,.F.);
#4650=ORIENTED_EDGE('',*,*,#3579,.F.);
#4651=ORIENTED_EDGE('',*,*,#3580,.F.);
#4652=ORIENTED_EDGE('',*,*,#3581,.F.);
#4653=ORIENTED_EDGE('',*,*,#3582,.F.);
#4654=ORIENTED_EDGE('',*,*,#3583,.T.);
#4655=ORIENTED_EDGE('',*,*,#3584,.T.);
#4656=ORIENTED_EDGE('',*,*,#3585,.T.);
#4657=ORIENTED_EDGE('',*,*,#3586,.T.);
#4658=ORIENTED_EDGE('',*,*,#3587,.T.);
#4659=ORIENTED_EDGE('',*,*,#3588,.T.);
#4660=ORIENTED_EDGE('',*,*,#3589,.T.);
#4661=ORIENTED_EDGE('',*,*,#3590,.T.);
#4662=ORIENTED_EDGE('',*,*,#3591,.F.);
#4663=ORIENTED_EDGE('',*,*,#3592,.F.);
#4664=ORIENTED_EDGE('',*,*,#3593,.F.);
#4665=ORIENTED_EDGE('',*,*,#3594,.F.);
#4666=ORIENTED_EDGE('',*,*,#3595,.F.);
#4667=ORIENTED_EDGE('',*,*,#3596,.F.);
#4668=ORIENTED_EDGE('',*,*,#3583,.F.);
#4669=ORIENTED_EDGE('',*,*,#3597,.F.);
#4670=ORIENTED_EDGE('',*,*,#3598,.F.);
#4671=ORIENTED_EDGE('',*,*,#3599,.F.);
#4672=ORIENTED_EDGE('',*,*,#3586,.F.);
#4673=ORIENTED_EDGE('',*,*,#3600,.F.);
#4674=ORIENTED_EDGE('',*,*,#3601,.F.);
#4675=ORIENTED_EDGE('',*,*,#3602,.F.);
#4676=ORIENTED_EDGE('',*,*,#3588,.F.);
#4677=ORIENTED_EDGE('',*,*,#3600,.T.);
#4678=ORIENTED_EDGE('',*,*,#3587,.F.);
#4679=ORIENTED_EDGE('',*,*,#3599,.T.);
#4680=ORIENTED_EDGE('',*,*,#3603,.F.);
#4681=ORIENTED_EDGE('',*,*,#3604,.F.);
#4682=ORIENTED_EDGE('',*,*,#3605,.F.);
#4683=ORIENTED_EDGE('',*,*,#3606,.F.);
#4684=ORIENTED_EDGE('',*,*,#3590,.F.);
#4685=ORIENTED_EDGE('',*,*,#3604,.T.);
#4686=ORIENTED_EDGE('',*,*,#3589,.F.);
#4687=ORIENTED_EDGE('',*,*,#3602,.T.);
#4688=ORIENTED_EDGE('',*,*,#3607,.F.);
#4689=ORIENTED_EDGE('',*,*,#3608,.F.);
#4690=ORIENTED_EDGE('',*,*,#3609,.F.);
#4691=ORIENTED_EDGE('',*,*,#3610,.F.);
#4692=ORIENTED_EDGE('',*,*,#3611,.F.);
#4693=ORIENTED_EDGE('',*,*,#3612,.F.);
#4694=ORIENTED_EDGE('',*,*,#3613,.F.);
#4695=ORIENTED_EDGE('',*,*,#3610,.T.);
#4696=ORIENTED_EDGE('',*,*,#3614,.F.);
#4697=ORIENTED_EDGE('',*,*,#3615,.F.);
#4698=ORIENTED_EDGE('',*,*,#3616,.F.);
#4699=ORIENTED_EDGE('',*,*,#3612,.T.);
#4700=ORIENTED_EDGE('',*,*,#3617,.F.);
#4701=ORIENTED_EDGE('',*,*,#3608,.T.);
#4702=ORIENTED_EDGE('',*,*,#3618,.F.);
#4703=ORIENTED_EDGE('',*,*,#3606,.T.);
#4704=ORIENTED_EDGE('',*,*,#3619,.F.);
#4705=ORIENTED_EDGE('',*,*,#3605,.T.);
#4706=ORIENTED_EDGE('',*,*,#3620,.T.);
#4707=ORIENTED_EDGE('',*,*,#3621,.F.);
#4708=ORIENTED_EDGE('',*,*,#3622,.F.);
#4709=ORIENTED_EDGE('',*,*,#3609,.T.);
#4710=ORIENTED_EDGE('',*,*,#3619,.T.);
#4711=ORIENTED_EDGE('',*,*,#3614,.T.);
#4712=ORIENTED_EDGE('',*,*,#3622,.T.);
#4713=ORIENTED_EDGE('',*,*,#3623,.F.);
#4714=ORIENTED_EDGE('',*,*,#3624,.T.);
#4715=ORIENTED_EDGE('',*,*,#3617,.T.);
#4716=ORIENTED_EDGE('',*,*,#3624,.F.);
#4717=ORIENTED_EDGE('',*,*,#3625,.F.);
#4718=ORIENTED_EDGE('',*,*,#3626,.F.);
#4719=ORIENTED_EDGE('',*,*,#3615,.T.);
#4720=ORIENTED_EDGE('',*,*,#3627,.T.);
#4721=ORIENTED_EDGE('',*,*,#3628,.T.);
#4722=ORIENTED_EDGE('',*,*,#3629,.T.);
#4723=ORIENTED_EDGE('',*,*,#3616,.T.);
#4724=ORIENTED_EDGE('',*,*,#3629,.F.);
#4725=ORIENTED_EDGE('',*,*,#3630,.F.);
#4726=ORIENTED_EDGE('',*,*,#3631,.F.);
#4727=ORIENTED_EDGE('',*,*,#3632,.F.);
#4728=ORIENTED_EDGE('',*,*,#3633,.F.);
#4729=ORIENTED_EDGE('',*,*,#3634,.F.);
#4730=ORIENTED_EDGE('',*,*,#3582,.T.);
#4731=ORIENTED_EDGE('',*,*,#3635,.F.);
#4732=ORIENTED_EDGE('',*,*,#3636,.T.);
#4733=ORIENTED_EDGE('',*,*,#3637,.F.);
#4734=ORIENTED_EDGE('',*,*,#3638,.T.);
#4735=ORIENTED_EDGE('',*,*,#3639,.F.);
#4736=ORIENTED_EDGE('',*,*,#3591,.T.);
#4737=ORIENTED_EDGE('',*,*,#3618,.T.);
#4738=ORIENTED_EDGE('',*,*,#3611,.T.);
#4739=ORIENTED_EDGE('',*,*,#3613,.T.);
#4740=ORIENTED_EDGE('',*,*,#3640,.T.);
#4741=ORIENTED_EDGE('',*,*,#3641,.F.);
#4742=ORIENTED_EDGE('',*,*,#3642,.T.);
#4743=ORIENTED_EDGE('',*,*,#3643,.T.);
#4744=ORIENTED_EDGE('',*,*,#3644,.T.);
#4745=ORIENTED_EDGE('',*,*,#3645,.F.);
#4746=ORIENTED_EDGE('',*,*,#3646,.T.);
#4747=ORIENTED_EDGE('',*,*,#3647,.F.);
#4748=ORIENTED_EDGE('',*,*,#3648,.T.);
#4749=ORIENTED_EDGE('',*,*,#3649,.T.);
#4750=ORIENTED_EDGE('',*,*,#3650,.F.);
#4751=ORIENTED_EDGE('',*,*,#3651,.T.);
#4752=ORIENTED_EDGE('',*,*,#3652,.F.);
#4753=ORIENTED_EDGE('',*,*,#3653,.T.);
#4754=ORIENTED_EDGE('',*,*,#3654,.T.);
#4755=ORIENTED_EDGE('',*,*,#3655,.F.);
#4756=ORIENTED_EDGE('',*,*,#3656,.T.);
#4757=ORIENTED_EDGE('',*,*,#3657,.F.);
#4758=ORIENTED_EDGE('',*,*,#3658,.T.);
#4759=ORIENTED_EDGE('',*,*,#3659,.F.);
#4760=ORIENTED_EDGE('',*,*,#3660,.T.);
#4761=ORIENTED_EDGE('',*,*,#3661,.F.);
#4762=ORIENTED_EDGE('',*,*,#3662,.T.);
#4763=ORIENTED_EDGE('',*,*,#3663,.T.);
#4764=ORIENTED_EDGE('',*,*,#3664,.F.);
#4765=ORIENTED_EDGE('',*,*,#3665,.T.);
#4766=ORIENTED_EDGE('',*,*,#3666,.F.);
#4767=ORIENTED_EDGE('',*,*,#3667,.T.);
#4768=ORIENTED_EDGE('',*,*,#3668,.F.);
#4769=ORIENTED_EDGE('',*,*,#3596,.T.);
#4770=ORIENTED_EDGE('',*,*,#3669,.F.);
#4771=ORIENTED_EDGE('',*,*,#3670,.F.);
#4772=ORIENTED_EDGE('',*,*,#3671,.F.);
#4773=ORIENTED_EDGE('',*,*,#3584,.F.);
#4774=ORIENTED_EDGE('',*,*,#3671,.T.);
#4775=ORIENTED_EDGE('',*,*,#3672,.F.);
#4776=ORIENTED_EDGE('',*,*,#3673,.F.);
#4777=ORIENTED_EDGE('',*,*,#3674,.F.);
#4778=ORIENTED_EDGE('',*,*,#3675,.F.);
#4779=ORIENTED_EDGE('',*,*,#3676,.F.);
#4780=ORIENTED_EDGE('',*,*,#3677,.F.);
#4781=ORIENTED_EDGE('',*,*,#3678,.F.);
#4782=ORIENTED_EDGE('',*,*,#3679,.F.);
#4783=ORIENTED_EDGE('',*,*,#3680,.F.);
#4784=ORIENTED_EDGE('',*,*,#3681,.F.);
#4785=ORIENTED_EDGE('',*,*,#3682,.F.);
#4786=ORIENTED_EDGE('',*,*,#3683,.T.);
#4787=ORIENTED_EDGE('',*,*,#3674,.T.);
#4788=ORIENTED_EDGE('',*,*,#3684,.T.);
#4789=ORIENTED_EDGE('',*,*,#3685,.T.);
#4790=ORIENTED_EDGE('',*,*,#3594,.T.);
#4791=ORIENTED_EDGE('',*,*,#3634,.T.);
#4792=ORIENTED_EDGE('',*,*,#3686,.F.);
#4793=ORIENTED_EDGE('',*,*,#3687,.T.);
#4794=ORIENTED_EDGE('',*,*,#3688,.T.);
#4795=ORIENTED_EDGE('',*,*,#3686,.T.);
#4796=ORIENTED_EDGE('',*,*,#3633,.T.);
#4797=ORIENTED_EDGE('',*,*,#3689,.F.);
#4798=ORIENTED_EDGE('',*,*,#3632,.T.);
#4799=ORIENTED_EDGE('',*,*,#3690,.F.);
#4800=ORIENTED_EDGE('',*,*,#3691,.T.);
#4801=ORIENTED_EDGE('',*,*,#3689,.T.);
#4802=ORIENTED_EDGE('',*,*,#3690,.T.);
#4803=ORIENTED_EDGE('',*,*,#3631,.T.);
#4804=ORIENTED_EDGE('',*,*,#3692,.F.);
#4805=ORIENTED_EDGE('',*,*,#3693,.T.);
#4806=ORIENTED_EDGE('',*,*,#3628,.F.);
#4807=ORIENTED_EDGE('',*,*,#3694,.T.);
#4808=ORIENTED_EDGE('',*,*,#3692,.T.);
#4809=ORIENTED_EDGE('',*,*,#3630,.T.);
#4810=ORIENTED_EDGE('',*,*,#3627,.F.);
#4811=ORIENTED_EDGE('',*,*,#3626,.T.);
#4812=ORIENTED_EDGE('',*,*,#3695,.F.);
#4813=ORIENTED_EDGE('',*,*,#3696,.T.);
#4814=ORIENTED_EDGE('',*,*,#3697,.T.);
#4815=ORIENTED_EDGE('',*,*,#3698,.F.);
#4816=ORIENTED_EDGE('',*,*,#3623,.T.);
#4817=ORIENTED_EDGE('',*,*,#3699,.T.);
#4818=ORIENTED_EDGE('',*,*,#3700,.F.);
#4819=ORIENTED_EDGE('',*,*,#3625,.T.);
#4820=ORIENTED_EDGE('',*,*,#3698,.T.);
#4821=ORIENTED_EDGE('',*,*,#3701,.T.);
#4822=ORIENTED_EDGE('',*,*,#3695,.T.);
#4823=ORIENTED_EDGE('',*,*,#3700,.T.);
#4824=ORIENTED_EDGE('',*,*,#3702,.T.);
#4825=ORIENTED_EDGE('',*,*,#3703,.F.);
#4826=ORIENTED_EDGE('',*,*,#3704,.F.);
#4827=ORIENTED_EDGE('',*,*,#3705,.F.);
#4828=ORIENTED_EDGE('',*,*,#3706,.T.);
#4829=ORIENTED_EDGE('',*,*,#3703,.T.);
#4830=ORIENTED_EDGE('',*,*,#3707,.T.);
#4831=ORIENTED_EDGE('',*,*,#3708,.T.);
#4832=ORIENTED_EDGE('',*,*,#3709,.F.);
#4833=ORIENTED_EDGE('',*,*,#3710,.F.);
#4834=ORIENTED_EDGE('',*,*,#3711,.F.);
#4835=ORIENTED_EDGE('',*,*,#3712,.F.);
#4836=ORIENTED_EDGE('',*,*,#3713,.F.);
#4837=ORIENTED_EDGE('',*,*,#3714,.F.);
#4838=ORIENTED_EDGE('',*,*,#3715,.F.);
#4839=ORIENTED_EDGE('',*,*,#3638,.F.);
#4840=ORIENTED_EDGE('',*,*,#3716,.F.);
#4841=ORIENTED_EDGE('',*,*,#3714,.T.);
#4842=ORIENTED_EDGE('',*,*,#3717,.F.);
#4843=ORIENTED_EDGE('',*,*,#3592,.T.);
#4844=ORIENTED_EDGE('',*,*,#3639,.T.);
#4845=ORIENTED_EDGE('',*,*,#3715,.T.);
#4846=ORIENTED_EDGE('',*,*,#3713,.T.);
#4847=ORIENTED_EDGE('',*,*,#3718,.F.);
#4848=ORIENTED_EDGE('',*,*,#3593,.T.);
#4849=ORIENTED_EDGE('',*,*,#3717,.T.);
#4850=ORIENTED_EDGE('',*,*,#3712,.T.);
#4851=ORIENTED_EDGE('',*,*,#3635,.T.);
#4852=ORIENTED_EDGE('',*,*,#3581,.T.);
#4853=ORIENTED_EDGE('',*,*,#3718,.T.);
#4854=ORIENTED_EDGE('',*,*,#3711,.T.);
#4855=ORIENTED_EDGE('',*,*,#3719,.F.);
#4856=ORIENTED_EDGE('',*,*,#3719,.T.);
#4857=ORIENTED_EDGE('',*,*,#3710,.T.);
#4858=ORIENTED_EDGE('',*,*,#3720,.F.);
#4859=ORIENTED_EDGE('',*,*,#3636,.F.);
#4860=ORIENTED_EDGE('',*,*,#3720,.T.);
#4861=ORIENTED_EDGE('',*,*,#3709,.T.);
#4862=ORIENTED_EDGE('',*,*,#3716,.T.);
#4863=ORIENTED_EDGE('',*,*,#3637,.T.);
#4864=ORIENTED_EDGE('',*,*,#3721,.F.);
#4865=ORIENTED_EDGE('',*,*,#3722,.F.);
#4866=ORIENTED_EDGE('',*,*,#3723,.F.);
#4867=ORIENTED_EDGE('',*,*,#3724,.F.);
#4868=ORIENTED_EDGE('',*,*,#3725,.F.);
#4869=ORIENTED_EDGE('',*,*,#3726,.F.);
#4870=ORIENTED_EDGE('',*,*,#3727,.F.);
#4871=ORIENTED_EDGE('',*,*,#3667,.F.);
#4872=ORIENTED_EDGE('',*,*,#3728,.F.);
#4873=ORIENTED_EDGE('',*,*,#3726,.T.);
#4874=ORIENTED_EDGE('',*,*,#3727,.T.);
#4875=ORIENTED_EDGE('',*,*,#3725,.T.);
#4876=ORIENTED_EDGE('',*,*,#3729,.F.);
#4877=ORIENTED_EDGE('',*,*,#3668,.T.);
#4878=ORIENTED_EDGE('',*,*,#3730,.F.);
#4879=ORIENTED_EDGE('',*,*,#3663,.F.);
#4880=ORIENTED_EDGE('',*,*,#3729,.T.);
#4881=ORIENTED_EDGE('',*,*,#3724,.T.);
#4882=ORIENTED_EDGE('',*,*,#3730,.T.);
#4883=ORIENTED_EDGE('',*,*,#3723,.T.);
#4884=ORIENTED_EDGE('',*,*,#3731,.F.);
#4885=ORIENTED_EDGE('',*,*,#3664,.T.);
#4886=ORIENTED_EDGE('',*,*,#3732,.F.);
#4887=ORIENTED_EDGE('',*,*,#3665,.F.);
#4888=ORIENTED_EDGE('',*,*,#3731,.T.);
#4889=ORIENTED_EDGE('',*,*,#3722,.T.);
#4890=ORIENTED_EDGE('',*,*,#3732,.T.);
#4891=ORIENTED_EDGE('',*,*,#3721,.T.);
#4892=ORIENTED_EDGE('',*,*,#3728,.T.);
#4893=ORIENTED_EDGE('',*,*,#3666,.T.);
#4894=ORIENTED_EDGE('',*,*,#3733,.F.);
#4895=ORIENTED_EDGE('',*,*,#3734,.F.);
#4896=ORIENTED_EDGE('',*,*,#3735,.F.);
#4897=ORIENTED_EDGE('',*,*,#3736,.F.);
#4898=ORIENTED_EDGE('',*,*,#3737,.F.);
#4899=ORIENTED_EDGE('',*,*,#3738,.F.);
#4900=ORIENTED_EDGE('',*,*,#3739,.F.);
#4901=ORIENTED_EDGE('',*,*,#3740,.F.);
#4902=ORIENTED_EDGE('',*,*,#3741,.F.);
#4903=ORIENTED_EDGE('',*,*,#3642,.F.);
#4904=ORIENTED_EDGE('',*,*,#3742,.F.);
#4905=ORIENTED_EDGE('',*,*,#3740,.T.);
#4906=ORIENTED_EDGE('',*,*,#3741,.T.);
#4907=ORIENTED_EDGE('',*,*,#3739,.T.);
#4908=ORIENTED_EDGE('',*,*,#3743,.F.);
#4909=ORIENTED_EDGE('',*,*,#3643,.F.);
#4910=ORIENTED_EDGE('',*,*,#3744,.F.);
#4911=ORIENTED_EDGE('',*,*,#3644,.F.);
#4912=ORIENTED_EDGE('',*,*,#3743,.T.);
#4913=ORIENTED_EDGE('',*,*,#3738,.T.);
#4914=ORIENTED_EDGE('',*,*,#3744,.T.);
#4915=ORIENTED_EDGE('',*,*,#3737,.T.);
#4916=ORIENTED_EDGE('',*,*,#3745,.F.);
#4917=ORIENTED_EDGE('',*,*,#3645,.T.);
#4918=ORIENTED_EDGE('',*,*,#3746,.F.);
#4919=ORIENTED_EDGE('',*,*,#3646,.F.);
#4920=ORIENTED_EDGE('',*,*,#3745,.T.);
#4921=ORIENTED_EDGE('',*,*,#3736,.T.);
#4922=ORIENTED_EDGE('',*,*,#3746,.T.);
#4923=ORIENTED_EDGE('',*,*,#3735,.T.);
#4924=ORIENTED_EDGE('',*,*,#3747,.F.);
#4925=ORIENTED_EDGE('',*,*,#3647,.T.);
#4926=ORIENTED_EDGE('',*,*,#3748,.F.);
#4927=ORIENTED_EDGE('',*,*,#3640,.F.);
#4928=ORIENTED_EDGE('',*,*,#3747,.T.);
#4929=ORIENTED_EDGE('',*,*,#3734,.T.);
#4930=ORIENTED_EDGE('',*,*,#3748,.T.);
#4931=ORIENTED_EDGE('',*,*,#3733,.T.);
#4932=ORIENTED_EDGE('',*,*,#3742,.T.);
#4933=ORIENTED_EDGE('',*,*,#3641,.T.);
#4934=ORIENTED_EDGE('',*,*,#3749,.F.);
#4935=ORIENTED_EDGE('',*,*,#3750,.F.);
#4936=ORIENTED_EDGE('',*,*,#3751,.F.);
#4937=ORIENTED_EDGE('',*,*,#3752,.F.);
#4938=ORIENTED_EDGE('',*,*,#3753,.F.);
#4939=ORIENTED_EDGE('',*,*,#3754,.F.);
#4940=ORIENTED_EDGE('',*,*,#3755,.F.);
#4941=ORIENTED_EDGE('',*,*,#3651,.F.);
#4942=ORIENTED_EDGE('',*,*,#3756,.F.);
#4943=ORIENTED_EDGE('',*,*,#3754,.T.);
#4944=ORIENTED_EDGE('',*,*,#3755,.T.);
#4945=ORIENTED_EDGE('',*,*,#3753,.T.);
#4946=ORIENTED_EDGE('',*,*,#3757,.F.);
#4947=ORIENTED_EDGE('',*,*,#3652,.T.);
#4948=ORIENTED_EDGE('',*,*,#3758,.F.);
#4949=ORIENTED_EDGE('',*,*,#3653,.F.);
#4950=ORIENTED_EDGE('',*,*,#3757,.T.);
#4951=ORIENTED_EDGE('',*,*,#3752,.T.);
#4952=ORIENTED_EDGE('',*,*,#3758,.T.);
#4953=ORIENTED_EDGE('',*,*,#3751,.T.);
#4954=ORIENTED_EDGE('',*,*,#3759,.F.);
#4955=ORIENTED_EDGE('',*,*,#3648,.F.);
#4956=ORIENTED_EDGE('',*,*,#3760,.F.);
#4957=ORIENTED_EDGE('',*,*,#3649,.F.);
#4958=ORIENTED_EDGE('',*,*,#3759,.T.);
#4959=ORIENTED_EDGE('',*,*,#3750,.T.);
#4960=ORIENTED_EDGE('',*,*,#3760,.T.);
#4961=ORIENTED_EDGE('',*,*,#3749,.T.);
#4962=ORIENTED_EDGE('',*,*,#3756,.T.);
#4963=ORIENTED_EDGE('',*,*,#3650,.T.);
#4964=ORIENTED_EDGE('',*,*,#3761,.F.);
#4965=ORIENTED_EDGE('',*,*,#3762,.F.);
#4966=ORIENTED_EDGE('',*,*,#3763,.F.);
#4967=ORIENTED_EDGE('',*,*,#3764,.F.);
#4968=ORIENTED_EDGE('',*,*,#3765,.F.);
#4969=ORIENTED_EDGE('',*,*,#3766,.F.);
#4970=ORIENTED_EDGE('',*,*,#3767,.F.);
#4971=ORIENTED_EDGE('',*,*,#3768,.F.);
#4972=ORIENTED_EDGE('',*,*,#3769,.F.);
#4973=ORIENTED_EDGE('',*,*,#3656,.F.);
#4974=ORIENTED_EDGE('',*,*,#3770,.F.);
#4975=ORIENTED_EDGE('',*,*,#3768,.T.);
#4976=ORIENTED_EDGE('',*,*,#3769,.T.);
#4977=ORIENTED_EDGE('',*,*,#3767,.T.);
#4978=ORIENTED_EDGE('',*,*,#3771,.F.);
#4979=ORIENTED_EDGE('',*,*,#3657,.T.);
#4980=ORIENTED_EDGE('',*,*,#3772,.F.);
#4981=ORIENTED_EDGE('',*,*,#3658,.F.);
#4982=ORIENTED_EDGE('',*,*,#3771,.T.);
#4983=ORIENTED_EDGE('',*,*,#3766,.T.);
#4984=ORIENTED_EDGE('',*,*,#3772,.T.);
#4985=ORIENTED_EDGE('',*,*,#3765,.T.);
#4986=ORIENTED_EDGE('',*,*,#3773,.F.);
#4987=ORIENTED_EDGE('',*,*,#3659,.T.);
#4988=ORIENTED_EDGE('',*,*,#3774,.F.);
#4989=ORIENTED_EDGE('',*,*,#3660,.F.);
#4990=ORIENTED_EDGE('',*,*,#3773,.T.);
#4991=ORIENTED_EDGE('',*,*,#3764,.T.);
#4992=ORIENTED_EDGE('',*,*,#3774,.T.);
#4993=ORIENTED_EDGE('',*,*,#3763,.T.);
#4994=ORIENTED_EDGE('',*,*,#3775,.F.);
#4995=ORIENTED_EDGE('',*,*,#3661,.T.);
#4996=ORIENTED_EDGE('',*,*,#3776,.F.);
#4997=ORIENTED_EDGE('',*,*,#3654,.F.);
#4998=ORIENTED_EDGE('',*,*,#3775,.T.);
#4999=ORIENTED_EDGE('',*,*,#3762,.T.);
#5000=ORIENTED_EDGE('',*,*,#3776,.T.);
#5001=ORIENTED_EDGE('',*,*,#3761,.T.);
#5002=ORIENTED_EDGE('',*,*,#3770,.T.);
#5003=ORIENTED_EDGE('',*,*,#3655,.T.);
#5004=ORIENTED_EDGE('',*,*,#3777,.F.);
#5005=ORIENTED_EDGE('',*,*,#3778,.T.);
#5006=ORIENTED_EDGE('',*,*,#3779,.T.);
#5007=ORIENTED_EDGE('',*,*,#3778,.F.);
#5008=ORIENTED_EDGE('',*,*,#3779,.F.);
#5009=ORIENTED_EDGE('',*,*,#3780,.T.);
#5010=ORIENTED_EDGE('',*,*,#3662,.F.);
#5011=ORIENTED_EDGE('',*,*,#3780,.F.);
#5012=ORIENTED_EDGE('',*,*,#3781,.T.);
#5013=ORIENTED_EDGE('',*,*,#3782,.T.);
#5014=ORIENTED_EDGE('',*,*,#3783,.T.);
#5015=ORIENTED_EDGE('',*,*,#3784,.T.);
#5016=ORIENTED_EDGE('',*,*,#3785,.T.);
#5017=ORIENTED_EDGE('',*,*,#3786,.T.);
#5018=ORIENTED_EDGE('',*,*,#3787,.T.);
#5019=ORIENTED_EDGE('',*,*,#3788,.F.);
#5020=ORIENTED_EDGE('',*,*,#3789,.F.);
#5021=ORIENTED_EDGE('',*,*,#3790,.T.);
#5022=ORIENTED_EDGE('',*,*,#3791,.F.);
#5023=ORIENTED_EDGE('',*,*,#3792,.F.);
#5024=ORIENTED_EDGE('',*,*,#3793,.F.);
#5025=ORIENTED_EDGE('',*,*,#3794,.T.);
#5026=ORIENTED_EDGE('',*,*,#3795,.F.);
#5027=ORIENTED_EDGE('',*,*,#3796,.T.);
#5028=ORIENTED_EDGE('',*,*,#3787,.F.);
#5029=ORIENTED_EDGE('',*,*,#3796,.F.);
#5030=ORIENTED_EDGE('',*,*,#3797,.F.);
#5031=ORIENTED_EDGE('',*,*,#3798,.T.);
#5032=ORIENTED_EDGE('',*,*,#3799,.F.);
#5033=ORIENTED_EDGE('',*,*,#3800,.T.);
#5034=ORIENTED_EDGE('',*,*,#3801,.T.);
#5035=ORIENTED_EDGE('',*,*,#3802,.T.);
#5036=ORIENTED_EDGE('',*,*,#3799,.T.);
#5037=ORIENTED_EDGE('',*,*,#3803,.T.);
#5038=ORIENTED_EDGE('',*,*,#3801,.F.);
#5039=ORIENTED_EDGE('',*,*,#3793,.T.);
#5040=ORIENTED_EDGE('',*,*,#3804,.F.);
#5041=ORIENTED_EDGE('',*,*,#3805,.T.);
#5042=ORIENTED_EDGE('',*,*,#3792,.T.);
#5043=ORIENTED_EDGE('',*,*,#3791,.T.);
#5044=ORIENTED_EDGE('',*,*,#3806,.T.);
#5045=ORIENTED_EDGE('',*,*,#3807,.T.);
#5046=ORIENTED_EDGE('',*,*,#3804,.T.);
#5047=ORIENTED_EDGE('',*,*,#3808,.T.);
#5048=ORIENTED_EDGE('',*,*,#3809,.T.);
#5049=ORIENTED_EDGE('',*,*,#3810,.T.);
#5050=ORIENTED_EDGE('',*,*,#3789,.T.);
#5051=ORIENTED_EDGE('',*,*,#3788,.T.);
#5052=ORIENTED_EDGE('',*,*,#3811,.T.);
#5053=ORIENTED_EDGE('',*,*,#3811,.F.);
#5054=ORIENTED_EDGE('',*,*,#3812,.T.);
#5055=ORIENTED_EDGE('',*,*,#3813,.F.);
#5056=ORIENTED_EDGE('',*,*,#3814,.T.);
#5057=ORIENTED_EDGE('',*,*,#3815,.T.);
#5058=ORIENTED_EDGE('',*,*,#3816,.T.);
#5059=ORIENTED_EDGE('',*,*,#3813,.T.);
#5060=ORIENTED_EDGE('',*,*,#3817,.T.);
#5061=ORIENTED_EDGE('',*,*,#3818,.T.);
#5062=ORIENTED_EDGE('',*,*,#3819,.T.);
#5063=ORIENTED_EDGE('',*,*,#3785,.F.);
#5064=ORIENTED_EDGE('',*,*,#3820,.F.);
#5065=ORIENTED_EDGE('',*,*,#3821,.T.);
#5066=ORIENTED_EDGE('',*,*,#3820,.T.);
#5067=ORIENTED_EDGE('',*,*,#3784,.F.);
#5068=ORIENTED_EDGE('',*,*,#3822,.F.);
#5069=ORIENTED_EDGE('',*,*,#3823,.T.);
#5070=ORIENTED_EDGE('',*,*,#3822,.T.);
#5071=ORIENTED_EDGE('',*,*,#3783,.F.);
#5072=ORIENTED_EDGE('',*,*,#3824,.F.);
#5073=ORIENTED_EDGE('',*,*,#3825,.T.);
#5074=ORIENTED_EDGE('',*,*,#3824,.T.);
#5075=ORIENTED_EDGE('',*,*,#3782,.F.);
#5076=ORIENTED_EDGE('',*,*,#3826,.F.);
#5077=ORIENTED_EDGE('',*,*,#3827,.T.);
#5078=ORIENTED_EDGE('',*,*,#3826,.T.);
#5079=ORIENTED_EDGE('',*,*,#3781,.F.);
#5080=ORIENTED_EDGE('',*,*,#3828,.F.);
#5081=ORIENTED_EDGE('',*,*,#3829,.T.);
#5082=ORIENTED_EDGE('',*,*,#3828,.T.);
#5083=ORIENTED_EDGE('',*,*,#3786,.F.);
#5084=ORIENTED_EDGE('',*,*,#3819,.F.);
#5085=ORIENTED_EDGE('',*,*,#3830,.F.);
#5086=ORIENTED_EDGE('',*,*,#3831,.T.);
#5087=ORIENTED_EDGE('',*,*,#3563,.F.);
#5088=ORIENTED_EDGE('',*,*,#3832,.T.);
#5089=ORIENTED_EDGE('',*,*,#3833,.F.);
#5090=ORIENTED_EDGE('',*,*,#3832,.F.);
#5091=ORIENTED_EDGE('',*,*,#3562,.F.);
#5092=ORIENTED_EDGE('',*,*,#3834,.F.);
#5093=ORIENTED_EDGE('',*,*,#3835,.F.);
#5094=ORIENTED_EDGE('',*,*,#3834,.T.);
#5095=ORIENTED_EDGE('',*,*,#3561,.F.);
#5096=ORIENTED_EDGE('',*,*,#3836,.T.);
#5097=ORIENTED_EDGE('',*,*,#3837,.T.);
#5098=ORIENTED_EDGE('',*,*,#3838,.T.);
#5099=ORIENTED_EDGE('',*,*,#3839,.T.);
#5100=ORIENTED_EDGE('',*,*,#3840,.T.);
#5101=ORIENTED_EDGE('',*,*,#3815,.F.);
#5102=ORIENTED_EDGE('',*,*,#3841,.T.);
#5103=ORIENTED_EDGE('',*,*,#3839,.F.);
#5104=ORIENTED_EDGE('',*,*,#3842,.T.);
#5105=ORIENTED_EDGE('',*,*,#3803,.F.);
#5106=ORIENTED_EDGE('',*,*,#3798,.F.);
#5107=ORIENTED_EDGE('',*,*,#3843,.F.);
#5108=ORIENTED_EDGE('',*,*,#3817,.F.);
#5109=ORIENTED_EDGE('',*,*,#3812,.F.);
#5110=ORIENTED_EDGE('',*,*,#3794,.F.);
#5111=ORIENTED_EDGE('',*,*,#3797,.T.);
#5112=ORIENTED_EDGE('',*,*,#3844,.T.);
#5113=ORIENTED_EDGE('',*,*,#3845,.T.);
#5114=ORIENTED_EDGE('',*,*,#3846,.T.);
#5115=ORIENTED_EDGE('',*,*,#3847,.F.);
#5116=ORIENTED_EDGE('',*,*,#3848,.T.);
#5117=ORIENTED_EDGE('',*,*,#3845,.F.);
#5118=ORIENTED_EDGE('',*,*,#3849,.T.);
#5119=ORIENTED_EDGE('',*,*,#3850,.F.);
#5120=ORIENTED_EDGE('',*,*,#3795,.T.);
#5121=ORIENTED_EDGE('',*,*,#3851,.T.);
#5122=ORIENTED_EDGE('',*,*,#3852,.F.);
#5123=ORIENTED_EDGE('',*,*,#3853,.T.);
#5124=ORIENTED_EDGE('',*,*,#3854,.F.);
#5125=ORIENTED_EDGE('',*,*,#3855,.T.);
#5126=ORIENTED_EDGE('',*,*,#3856,.F.);
#5127=ORIENTED_EDGE('',*,*,#3857,.T.);
#5128=ORIENTED_EDGE('',*,*,#3858,.F.);
#5129=ORIENTED_EDGE('',*,*,#3859,.T.);
#5130=ORIENTED_EDGE('',*,*,#3860,.F.);
#5131=ORIENTED_EDGE('',*,*,#3861,.T.);
#5132=ORIENTED_EDGE('',*,*,#3862,.F.);
#5133=ORIENTED_EDGE('',*,*,#3863,.T.);
#5134=ORIENTED_EDGE('',*,*,#3864,.F.);
#5135=ORIENTED_EDGE('',*,*,#3865,.T.);
#5136=ORIENTED_EDGE('',*,*,#3866,.F.);
#5137=ORIENTED_EDGE('',*,*,#3867,.T.);
#5138=ORIENTED_EDGE('',*,*,#3868,.F.);
#5139=ORIENTED_EDGE('',*,*,#3869,.T.);
#5140=ORIENTED_EDGE('',*,*,#3870,.F.);
#5141=ORIENTED_EDGE('',*,*,#3871,.F.);
#5142=ORIENTED_EDGE('',*,*,#3872,.F.);
#5143=ORIENTED_EDGE('',*,*,#3873,.T.);
#5144=ORIENTED_EDGE('',*,*,#3874,.F.);
#5145=ORIENTED_EDGE('',*,*,#3875,.T.);
#5146=ORIENTED_EDGE('',*,*,#3876,.F.);
#5147=ORIENTED_EDGE('',*,*,#3877,.T.);
#5148=ORIENTED_EDGE('',*,*,#3878,.F.);
#5149=ORIENTED_EDGE('',*,*,#3879,.T.);
#5150=ORIENTED_EDGE('',*,*,#3880,.F.);
#5151=ORIENTED_EDGE('',*,*,#3881,.T.);
#5152=ORIENTED_EDGE('',*,*,#3882,.F.);
#5153=ORIENTED_EDGE('',*,*,#3883,.T.);
#5154=ORIENTED_EDGE('',*,*,#3884,.F.);
#5155=ORIENTED_EDGE('',*,*,#3885,.T.);
#5156=ORIENTED_EDGE('',*,*,#3886,.T.);
#5157=ORIENTED_EDGE('',*,*,#3887,.T.);
#5158=ORIENTED_EDGE('',*,*,#3888,.T.);
#5159=ORIENTED_EDGE('',*,*,#3886,.F.);
#5160=ORIENTED_EDGE('',*,*,#3889,.T.);
#5161=ORIENTED_EDGE('',*,*,#3890,.T.);
#5162=ORIENTED_EDGE('',*,*,#3891,.T.);
#5163=ORIENTED_EDGE('',*,*,#3887,.F.);
#5164=ORIENTED_EDGE('',*,*,#3892,.T.);
#5165=ORIENTED_EDGE('',*,*,#3893,.F.);
#5166=ORIENTED_EDGE('',*,*,#3894,.T.);
#5167=ORIENTED_EDGE('',*,*,#3818,.F.);
#5168=ORIENTED_EDGE('',*,*,#3895,.F.);
#5169=ORIENTED_EDGE('',*,*,#3896,.F.);
#5170=ORIENTED_EDGE('',*,*,#3895,.T.);
#5171=ORIENTED_EDGE('',*,*,#3821,.F.);
#5172=ORIENTED_EDGE('',*,*,#3897,.F.);
#5173=ORIENTED_EDGE('',*,*,#3823,.F.);
#5174=ORIENTED_EDGE('',*,*,#3898,.F.);
#5175=ORIENTED_EDGE('',*,*,#3899,.F.);
#5176=ORIENTED_EDGE('',*,*,#3897,.T.);
#5177=ORIENTED_EDGE('',*,*,#3825,.F.);
#5178=ORIENTED_EDGE('',*,*,#3900,.F.);
#5179=ORIENTED_EDGE('',*,*,#3901,.F.);
#5180=ORIENTED_EDGE('',*,*,#3898,.T.);
#5181=ORIENTED_EDGE('',*,*,#3902,.F.);
#5182=ORIENTED_EDGE('',*,*,#3900,.T.);
#5183=ORIENTED_EDGE('',*,*,#3827,.F.);
#5184=ORIENTED_EDGE('',*,*,#3903,.T.);
#5185=ORIENTED_EDGE('',*,*,#3904,.F.);
#5186=ORIENTED_EDGE('',*,*,#3903,.F.);
#5187=ORIENTED_EDGE('',*,*,#3829,.F.);
#5188=ORIENTED_EDGE('',*,*,#3894,.F.);
#5189=ORIENTED_EDGE('',*,*,#3905,.T.);
#5190=ORIENTED_EDGE('',*,*,#3906,.T.);
#5191=ORIENTED_EDGE('',*,*,#3890,.F.);
#5192=ORIENTED_EDGE('',*,*,#3907,.T.);
#5193=ORIENTED_EDGE('',*,*,#3905,.F.);
#5194=ORIENTED_EDGE('',*,*,#3830,.T.);
#5195=ORIENTED_EDGE('',*,*,#3908,.T.);
#5196=ORIENTED_EDGE('',*,*,#3909,.T.);
#5197=ORIENTED_EDGE('',*,*,#3910,.T.);
#5198=ORIENTED_EDGE('',*,*,#3911,.T.);
#5199=ORIENTED_EDGE('',*,*,#3908,.F.);
#5200=ORIENTED_EDGE('',*,*,#3833,.T.);
#5201=ORIENTED_EDGE('',*,*,#3910,.F.);
#5202=ORIENTED_EDGE('',*,*,#3835,.T.);
#5203=ORIENTED_EDGE('',*,*,#3912,.T.);
#5204=ORIENTED_EDGE('',*,*,#3913,.T.);
#5205=ORIENTED_EDGE('',*,*,#3914,.T.);
#5206=ORIENTED_EDGE('',*,*,#3915,.T.);
#5207=ORIENTED_EDGE('',*,*,#3912,.F.);
#5208=ORIENTED_EDGE('',*,*,#3916,.T.);
#5209=ORIENTED_EDGE('',*,*,#3837,.F.);
#5210=ORIENTED_EDGE('',*,*,#3917,.T.);
#5211=ORIENTED_EDGE('',*,*,#3914,.F.);
#5212=ORIENTED_EDGE('',*,*,#3918,.T.);
#5213=ORIENTED_EDGE('',*,*,#3846,.F.);
#5214=ORIENTED_EDGE('',*,*,#3848,.F.);
#5215=ORIENTED_EDGE('',*,*,#3919,.T.);
#5216=ORIENTED_EDGE('',*,*,#3840,.F.);
#5217=ORIENTED_EDGE('',*,*,#3841,.F.);
#5218=ORIENTED_EDGE('',*,*,#3843,.T.);
#5219=ORIENTED_EDGE('',*,*,#3847,.T.);
#5220=ORIENTED_EDGE('',*,*,#3920,.T.);
#5221=ORIENTED_EDGE('',*,*,#3921,.F.);
#5222=ORIENTED_EDGE('',*,*,#3922,.T.);
#5223=ORIENTED_EDGE('',*,*,#3923,.T.);
#5224=ORIENTED_EDGE('',*,*,#3924,.T.);
#5225=ORIENTED_EDGE('',*,*,#3921,.T.);
#5226=ORIENTED_EDGE('',*,*,#3872,.T.);
#5227=ORIENTED_EDGE('',*,*,#3925,.T.);
#5228=ORIENTED_EDGE('',*,*,#3926,.T.);
#5229=ORIENTED_EDGE('',*,*,#3927,.T.);
#5230=ORIENTED_EDGE('',*,*,#3928,.F.);
#5231=ORIENTED_EDGE('',*,*,#3929,.F.);
#5232=ORIENTED_EDGE('',*,*,#3927,.F.);
#5233=ORIENTED_EDGE('',*,*,#3930,.T.);
#5234=ORIENTED_EDGE('',*,*,#3923,.F.);
#5235=ORIENTED_EDGE('',*,*,#3931,.T.);
#5236=ORIENTED_EDGE('',*,*,#3932,.F.);
#5237=ORIENTED_EDGE('',*,*,#3931,.F.);
#5238=ORIENTED_EDGE('',*,*,#3871,.T.);
#5239=ORIENTED_EDGE('',*,*,#3933,.F.);
#5240=ORIENTED_EDGE('',*,*,#3850,.T.);
#5241=ORIENTED_EDGE('',*,*,#3934,.T.);
#5242=ORIENTED_EDGE('',*,*,#3935,.F.);
#5243=ORIENTED_EDGE('',*,*,#3934,.F.);
#5244=ORIENTED_EDGE('',*,*,#3936,.T.);
#5245=ORIENTED_EDGE('',*,*,#3937,.T.);
#5246=ORIENTED_EDGE('',*,*,#3938,.F.);
#5247=ORIENTED_EDGE('',*,*,#3854,.T.);
#5248=ORIENTED_EDGE('',*,*,#3936,.F.);
#5249=ORIENTED_EDGE('',*,*,#3853,.F.);
#5250=ORIENTED_EDGE('',*,*,#3939,.T.);
#5251=ORIENTED_EDGE('',*,*,#3940,.T.);
#5252=ORIENTED_EDGE('',*,*,#3941,.T.);
#5253=ORIENTED_EDGE('',*,*,#3942,.T.);
#5254=ORIENTED_EDGE('',*,*,#3939,.F.);
#5255=ORIENTED_EDGE('',*,*,#3852,.T.);
#5256=ORIENTED_EDGE('',*,*,#3941,.F.);
#5257=ORIENTED_EDGE('',*,*,#3851,.F.);
#5258=ORIENTED_EDGE('',*,*,#3943,.F.);
#5259=ORIENTED_EDGE('',*,*,#3944,.T.);
#5260=ORIENTED_EDGE('',*,*,#3945,.T.);
#5261=ORIENTED_EDGE('',*,*,#3946,.T.);
#5262=ORIENTED_EDGE('',*,*,#3943,.T.);
#5263=ORIENTED_EDGE('',*,*,#3858,.T.);
#5264=ORIENTED_EDGE('',*,*,#3947,.T.);
#5265=ORIENTED_EDGE('',*,*,#3948,.T.);
#5266=ORIENTED_EDGE('',*,*,#3945,.F.);
#5267=ORIENTED_EDGE('',*,*,#3857,.F.);
#5268=ORIENTED_EDGE('',*,*,#3949,.T.);
#5269=ORIENTED_EDGE('',*,*,#3950,.T.);
#5270=ORIENTED_EDGE('',*,*,#3947,.F.);
#5271=ORIENTED_EDGE('',*,*,#3856,.T.);
#5272=ORIENTED_EDGE('',*,*,#3951,.T.);
#5273=ORIENTED_EDGE('',*,*,#3949,.F.);
#5274=ORIENTED_EDGE('',*,*,#3855,.F.);
#5275=ORIENTED_EDGE('',*,*,#3938,.T.);
#5276=ORIENTED_EDGE('',*,*,#3952,.F.);
#5277=ORIENTED_EDGE('',*,*,#3863,.F.);
#5278=ORIENTED_EDGE('',*,*,#3953,.T.);
#5279=ORIENTED_EDGE('',*,*,#3954,.T.);
#5280=ORIENTED_EDGE('',*,*,#3955,.T.);
#5281=ORIENTED_EDGE('',*,*,#3956,.T.);
#5282=ORIENTED_EDGE('',*,*,#3953,.F.);
#5283=ORIENTED_EDGE('',*,*,#3862,.T.);
#5284=ORIENTED_EDGE('',*,*,#3955,.F.);
#5285=ORIENTED_EDGE('',*,*,#3861,.F.);
#5286=ORIENTED_EDGE('',*,*,#3957,.T.);
#5287=ORIENTED_EDGE('',*,*,#3958,.T.);
#5288=ORIENTED_EDGE('',*,*,#3959,.T.);
#5289=ORIENTED_EDGE('',*,*,#3960,.T.);
#5290=ORIENTED_EDGE('',*,*,#3957,.F.);
#5291=ORIENTED_EDGE('',*,*,#3860,.T.);
#5292=ORIENTED_EDGE('',*,*,#3959,.F.);
#5293=ORIENTED_EDGE('',*,*,#3859,.F.);
#5294=ORIENTED_EDGE('',*,*,#3961,.F.);
#5295=ORIENTED_EDGE('',*,*,#3962,.T.);
#5296=ORIENTED_EDGE('',*,*,#3952,.T.);
#5297=ORIENTED_EDGE('',*,*,#3963,.T.);
#5298=ORIENTED_EDGE('',*,*,#3961,.T.);
#5299=ORIENTED_EDGE('',*,*,#3864,.T.);
#5300=ORIENTED_EDGE('',*,*,#3964,.T.);
#5301=ORIENTED_EDGE('',*,*,#3965,.T.);
#5302=ORIENTED_EDGE('',*,*,#3966,.F.);
#5303=ORIENTED_EDGE('',*,*,#3870,.T.);
#5304=ORIENTED_EDGE('',*,*,#3964,.F.);
#5305=ORIENTED_EDGE('',*,*,#3869,.F.);
#5306=ORIENTED_EDGE('',*,*,#3967,.T.);
#5307=ORIENTED_EDGE('',*,*,#3968,.T.);
#5308=ORIENTED_EDGE('',*,*,#3969,.T.);
#5309=ORIENTED_EDGE('',*,*,#3970,.T.);
#5310=ORIENTED_EDGE('',*,*,#3967,.F.);
#5311=ORIENTED_EDGE('',*,*,#3868,.T.);
#5312=ORIENTED_EDGE('',*,*,#3971,.F.);
#5313=ORIENTED_EDGE('',*,*,#3972,.T.);
#5314=ORIENTED_EDGE('',*,*,#3969,.F.);
#5315=ORIENTED_EDGE('',*,*,#3867,.F.);
#5316=ORIENTED_EDGE('',*,*,#3973,.T.);
#5317=ORIENTED_EDGE('',*,*,#3974,.T.);
#5318=ORIENTED_EDGE('',*,*,#3971,.T.);
#5319=ORIENTED_EDGE('',*,*,#3866,.T.);
#5320=ORIENTED_EDGE('',*,*,#3975,.T.);
#5321=ORIENTED_EDGE('',*,*,#3973,.F.);
#5322=ORIENTED_EDGE('',*,*,#3865,.F.);
#5323=ORIENTED_EDGE('',*,*,#3966,.T.);
#5324=ORIENTED_EDGE('',*,*,#3976,.F.);
#5325=ORIENTED_EDGE('',*,*,#3933,.T.);
#5326=ORIENTED_EDGE('',*,*,#3977,.F.);
#5327=ORIENTED_EDGE('',*,*,#3978,.T.);
#5328=ORIENTED_EDGE('',*,*,#3979,.F.);
#5329=ORIENTED_EDGE('',*,*,#3977,.T.);
#5330=ORIENTED_EDGE('',*,*,#3874,.T.);
#5331=ORIENTED_EDGE('',*,*,#3980,.F.);
#5332=ORIENTED_EDGE('',*,*,#3981,.T.);
#5333=ORIENTED_EDGE('',*,*,#3982,.T.);
#5334=ORIENTED_EDGE('',*,*,#3983,.T.);
#5335=ORIENTED_EDGE('',*,*,#3980,.T.);
#5336=ORIENTED_EDGE('',*,*,#3984,.T.);
#5337=ORIENTED_EDGE('',*,*,#3979,.T.);
#5338=ORIENTED_EDGE('',*,*,#3985,.T.);
#5339=ORIENTED_EDGE('',*,*,#3986,.T.);
#5340=ORIENTED_EDGE('',*,*,#3987,.T.);
#5341=ORIENTED_EDGE('',*,*,#3982,.F.);
#5342=ORIENTED_EDGE('',*,*,#3988,.T.);
#5343=ORIENTED_EDGE('',*,*,#3989,.F.);
#5344=ORIENTED_EDGE('',*,*,#3990,.T.);
#5345=ORIENTED_EDGE('',*,*,#3991,.T.);
#5346=ORIENTED_EDGE('',*,*,#3992,.T.);
#5347=ORIENTED_EDGE('',*,*,#3989,.T.);
#5348=ORIENTED_EDGE('',*,*,#3993,.T.);
#5349=ORIENTED_EDGE('',*,*,#3991,.F.);
#5350=ORIENTED_EDGE('',*,*,#3994,.T.);
#5351=ORIENTED_EDGE('',*,*,#3684,.F.);
#5352=ORIENTED_EDGE('',*,*,#3673,.T.);
#5353=ORIENTED_EDGE('',*,*,#3995,.T.);
#5354=ORIENTED_EDGE('',*,*,#3678,.T.);
#5355=ORIENTED_EDGE('',*,*,#3996,.T.);
#5356=ORIENTED_EDGE('',*,*,#3876,.T.);
#5357=ORIENTED_EDGE('',*,*,#3679,.T.);
#5358=ORIENTED_EDGE('',*,*,#3995,.F.);
#5359=ORIENTED_EDGE('',*,*,#3875,.F.);
#5360=ORIENTED_EDGE('',*,*,#3997,.T.);
#5361=ORIENTED_EDGE('',*,*,#3998,.T.);
#5362=ORIENTED_EDGE('',*,*,#3680,.T.);
#5363=ORIENTED_EDGE('',*,*,#3997,.F.);
#5364=ORIENTED_EDGE('',*,*,#3882,.T.);
#5365=ORIENTED_EDGE('',*,*,#3998,.F.);
#5366=ORIENTED_EDGE('',*,*,#3881,.F.);
#5367=ORIENTED_EDGE('',*,*,#3999,.T.);
#5368=ORIENTED_EDGE('',*,*,#3681,.T.);
#5369=ORIENTED_EDGE('',*,*,#4000,.T.);
#5370=ORIENTED_EDGE('',*,*,#3682,.T.);
#5371=ORIENTED_EDGE('',*,*,#3999,.F.);
#5372=ORIENTED_EDGE('',*,*,#3880,.T.);
#5373=ORIENTED_EDGE('',*,*,#4000,.F.);
#5374=ORIENTED_EDGE('',*,*,#3879,.F.);
#5375=ORIENTED_EDGE('',*,*,#4001,.T.);
#5376=ORIENTED_EDGE('',*,*,#3675,.T.);
#5377=ORIENTED_EDGE('',*,*,#4002,.T.);
#5378=ORIENTED_EDGE('',*,*,#3676,.T.);
#5379=ORIENTED_EDGE('',*,*,#4001,.F.);
#5380=ORIENTED_EDGE('',*,*,#3878,.T.);
#5381=ORIENTED_EDGE('',*,*,#3877,.F.);
#5382=ORIENTED_EDGE('',*,*,#3996,.F.);
#5383=ORIENTED_EDGE('',*,*,#3677,.T.);
#5384=ORIENTED_EDGE('',*,*,#4002,.F.);
#5385=ORIENTED_EDGE('',*,*,#4003,.F.);
#5386=ORIENTED_EDGE('',*,*,#4004,.T.);
#5387=ORIENTED_EDGE('',*,*,#3883,.F.);
#5388=ORIENTED_EDGE('',*,*,#4005,.T.);
#5389=ORIENTED_EDGE('',*,*,#4006,.F.);
#5390=ORIENTED_EDGE('',*,*,#4005,.F.);
#5391=ORIENTED_EDGE('',*,*,#3888,.F.);
#5392=ORIENTED_EDGE('',*,*,#4007,.F.);
#5393=ORIENTED_EDGE('',*,*,#4008,.F.);
#5394=ORIENTED_EDGE('',*,*,#4007,.T.);
#5395=ORIENTED_EDGE('',*,*,#3891,.F.);
#5396=ORIENTED_EDGE('',*,*,#4009,.T.);
#5397=ORIENTED_EDGE('',*,*,#3926,.F.);
#5398=ORIENTED_EDGE('',*,*,#4010,.F.);
#5399=ORIENTED_EDGE('',*,*,#4011,.F.);
#5400=ORIENTED_EDGE('',*,*,#4009,.F.);
#5401=ORIENTED_EDGE('',*,*,#3906,.F.);
#5402=ORIENTED_EDGE('',*,*,#3909,.F.);
#5403=ORIENTED_EDGE('',*,*,#3911,.F.);
#5404=ORIENTED_EDGE('',*,*,#3913,.F.);
#5405=ORIENTED_EDGE('',*,*,#3915,.F.);
#5406=ORIENTED_EDGE('',*,*,#3917,.F.);
#5407=ORIENTED_EDGE('',*,*,#3919,.F.);
#5408=ORIENTED_EDGE('',*,*,#3922,.F.);
#5409=ORIENTED_EDGE('',*,*,#3924,.F.);
#5410=ORIENTED_EDGE('',*,*,#3930,.F.);
#5411=ORIENTED_EDGE('',*,*,#3904,.T.);
#5412=ORIENTED_EDGE('',*,*,#3893,.T.);
#5413=ORIENTED_EDGE('',*,*,#3896,.T.);
#5414=ORIENTED_EDGE('',*,*,#3899,.T.);
#5415=ORIENTED_EDGE('',*,*,#3901,.T.);
#5416=ORIENTED_EDGE('',*,*,#3902,.T.);
#5417=ORIENTED_EDGE('',*,*,#3925,.F.);
#5418=ORIENTED_EDGE('',*,*,#4012,.F.);
#5419=ORIENTED_EDGE('',*,*,#4013,.T.);
#5420=ORIENTED_EDGE('',*,*,#4014,.T.);
#5421=ORIENTED_EDGE('',*,*,#4010,.T.);
#5422=ORIENTED_EDGE('',*,*,#3932,.T.);
#5423=ORIENTED_EDGE('',*,*,#3976,.T.);
#5424=ORIENTED_EDGE('',*,*,#3987,.F.);
#5425=ORIENTED_EDGE('',*,*,#4015,.T.);
#5426=ORIENTED_EDGE('',*,*,#4016,.T.);
#5427=ORIENTED_EDGE('',*,*,#4012,.T.);
#5428=ORIENTED_EDGE('',*,*,#3928,.T.);
#5429=ORIENTED_EDGE('',*,*,#3929,.T.);
#5430=ORIENTED_EDGE('',*,*,#3986,.F.);
#5431=ORIENTED_EDGE('',*,*,#4017,.T.);
#5432=ORIENTED_EDGE('',*,*,#4018,.T.);
#5433=ORIENTED_EDGE('',*,*,#4019,.T.);
#5434=ORIENTED_EDGE('',*,*,#4015,.F.);
#5435=ORIENTED_EDGE('',*,*,#3985,.F.);
#5436=ORIENTED_EDGE('',*,*,#3978,.F.);
#5437=ORIENTED_EDGE('',*,*,#3981,.F.);
#5438=ORIENTED_EDGE('',*,*,#3983,.F.);
#5439=ORIENTED_EDGE('',*,*,#4020,.F.);
#5440=ORIENTED_EDGE('',*,*,#4021,.F.);
#5441=ORIENTED_EDGE('',*,*,#4017,.F.);
#5442=ORIENTED_EDGE('',*,*,#3975,.F.);
#5443=ORIENTED_EDGE('',*,*,#3965,.F.);
#5444=ORIENTED_EDGE('',*,*,#3968,.F.);
#5445=ORIENTED_EDGE('',*,*,#3970,.F.);
#5446=ORIENTED_EDGE('',*,*,#3972,.F.);
#5447=ORIENTED_EDGE('',*,*,#3974,.F.);
#5448=ORIENTED_EDGE('',*,*,#3963,.F.);
#5449=ORIENTED_EDGE('',*,*,#3954,.F.);
#5450=ORIENTED_EDGE('',*,*,#3956,.F.);
#5451=ORIENTED_EDGE('',*,*,#3958,.F.);
#5452=ORIENTED_EDGE('',*,*,#3960,.F.);
#5453=ORIENTED_EDGE('',*,*,#3962,.F.);
#5454=ORIENTED_EDGE('',*,*,#3951,.F.);
#5455=ORIENTED_EDGE('',*,*,#3937,.F.);
#5456=ORIENTED_EDGE('',*,*,#3940,.F.);
#5457=ORIENTED_EDGE('',*,*,#3942,.F.);
#5458=ORIENTED_EDGE('',*,*,#3944,.F.);
#5459=ORIENTED_EDGE('',*,*,#3946,.F.);
#5460=ORIENTED_EDGE('',*,*,#3948,.F.);
#5461=ORIENTED_EDGE('',*,*,#3950,.F.);
#5462=ORIENTED_EDGE('',*,*,#3935,.T.);
#5463=ORIENTED_EDGE('',*,*,#4022,.F.);
#5464=ORIENTED_EDGE('',*,*,#4020,.T.);
#5465=ORIENTED_EDGE('',*,*,#3990,.F.);
#5466=ORIENTED_EDGE('',*,*,#3992,.F.);
#5467=ORIENTED_EDGE('',*,*,#3672,.T.);
#5468=ORIENTED_EDGE('',*,*,#4023,.T.);
#5469=ORIENTED_EDGE('',*,*,#4024,.F.);
#5470=ORIENTED_EDGE('',*,*,#4003,.T.);
#5471=ORIENTED_EDGE('',*,*,#4025,.T.);
#5472=ORIENTED_EDGE('',*,*,#4025,.F.);
#5473=ORIENTED_EDGE('',*,*,#4006,.T.);
#5474=ORIENTED_EDGE('',*,*,#4026,.T.);
#5475=ORIENTED_EDGE('',*,*,#4027,.T.);
#5476=ORIENTED_EDGE('',*,*,#4026,.F.);
#5477=ORIENTED_EDGE('',*,*,#4008,.T.);
#5478=ORIENTED_EDGE('',*,*,#4028,.T.);
#5479=ORIENTED_EDGE('',*,*,#4029,.T.);
#5480=ORIENTED_EDGE('',*,*,#4030,.T.);
#5481=ORIENTED_EDGE('',*,*,#4028,.F.);
#5482=ORIENTED_EDGE('',*,*,#4011,.T.);
#5483=ORIENTED_EDGE('',*,*,#4014,.F.);
#5484=ORIENTED_EDGE('',*,*,#4016,.F.);
#5485=ORIENTED_EDGE('',*,*,#4019,.F.);
#5486=ORIENTED_EDGE('',*,*,#4031,.T.);
#5487=ORIENTED_EDGE('',*,*,#4013,.F.);
#5488=ORIENTED_EDGE('',*,*,#4021,.T.);
#5489=ORIENTED_EDGE('',*,*,#4032,.T.);
#5490=ORIENTED_EDGE('',*,*,#4033,.T.);
#5491=ORIENTED_EDGE('',*,*,#4018,.F.);
#5492=ORIENTED_EDGE('',*,*,#4032,.F.);
#5493=ORIENTED_EDGE('',*,*,#4022,.T.);
#5494=ORIENTED_EDGE('',*,*,#3670,.T.);
#5495=ORIENTED_EDGE('',*,*,#4034,.T.);
#5496=ORIENTED_EDGE('',*,*,#4035,.F.);
#5497=ORIENTED_EDGE('',*,*,#4036,.T.);
#5498=ORIENTED_EDGE('',*,*,#4037,.T.);
#5499=ORIENTED_EDGE('',*,*,#3699,.F.);
#5500=ORIENTED_EDGE('',*,*,#3621,.T.);
#5501=ORIENTED_EDGE('',*,*,#4038,.T.);
#5502=ORIENTED_EDGE('',*,*,#3597,.T.);
#5503=ORIENTED_EDGE('',*,*,#3585,.F.);
#5504=ORIENTED_EDGE('',*,*,#3683,.F.);
#5505=ORIENTED_EDGE('',*,*,#4039,.T.);
#5506=ORIENTED_EDGE('',*,*,#4040,.T.);
#5507=ORIENTED_EDGE('',*,*,#3707,.F.);
#5508=ORIENTED_EDGE('',*,*,#3702,.F.);
#5509=ORIENTED_EDGE('',*,*,#3701,.F.);
#5510=ORIENTED_EDGE('',*,*,#3697,.F.);
#5511=ORIENTED_EDGE('',*,*,#4037,.F.);
#5512=ORIENTED_EDGE('',*,*,#4041,.T.);
#5513=ORIENTED_EDGE('',*,*,#4042,.T.);
#5514=ORIENTED_EDGE('',*,*,#4043,.T.);
#5515=ORIENTED_EDGE('',*,*,#4044,.F.);
#5516=ORIENTED_EDGE('',*,*,#3708,.F.);
#5517=ORIENTED_EDGE('',*,*,#4040,.F.);
#5518=ORIENTED_EDGE('',*,*,#4045,.T.);
#5519=ORIENTED_EDGE('',*,*,#4046,.F.);
#5520=ORIENTED_EDGE('',*,*,#4047,.T.);
#5521=ORIENTED_EDGE('',*,*,#4048,.F.);
#5522=ORIENTED_EDGE('',*,*,#4045,.F.);
#5523=ORIENTED_EDGE('',*,*,#4043,.F.);
#5524=ORIENTED_EDGE('',*,*,#4049,.T.);
#5525=ORIENTED_EDGE('',*,*,#4050,.F.);
#5526=ORIENTED_EDGE('',*,*,#4047,.F.);
#5527=ORIENTED_EDGE('',*,*,#4042,.F.);
#5528=ORIENTED_EDGE('',*,*,#4036,.F.);
#5529=ORIENTED_EDGE('',*,*,#4051,.F.);
#5530=ORIENTED_EDGE('',*,*,#4049,.F.);
#5531=ORIENTED_EDGE('',*,*,#4041,.F.);
#5532=ORIENTED_EDGE('',*,*,#4052,.T.);
#5533=ORIENTED_EDGE('',*,*,#4053,.T.);
#5534=ORIENTED_EDGE('',*,*,#4044,.T.);
#5535=ORIENTED_EDGE('',*,*,#4054,.T.);
#5536=ORIENTED_EDGE('',*,*,#4052,.F.);
#5537=ORIENTED_EDGE('',*,*,#4054,.F.);
#5538=ORIENTED_EDGE('',*,*,#4055,.T.);
#5539=ORIENTED_EDGE('',*,*,#4056,.T.);
#5540=ORIENTED_EDGE('',*,*,#4053,.F.);
#5541=ORIENTED_EDGE('',*,*,#4056,.F.);
#5542=ORIENTED_EDGE('',*,*,#3777,.T.);
#5543=ORIENTED_EDGE('',*,*,#4055,.F.);
#5544=ORIENTED_EDGE('',*,*,#4057,.T.);
#5545=ORIENTED_EDGE('',*,*,#4058,.T.);
#5546=ORIENTED_EDGE('',*,*,#4059,.F.);
#5547=ORIENTED_EDGE('',*,*,#4060,.F.);
#5548=ORIENTED_EDGE('',*,*,#4061,.T.);
#5549=ORIENTED_EDGE('',*,*,#4062,.T.);
#5550=ORIENTED_EDGE('',*,*,#4063,.T.);
#5551=ORIENTED_EDGE('',*,*,#4064,.T.);
#5552=ORIENTED_EDGE('',*,*,#4065,.T.);
#5553=ORIENTED_EDGE('',*,*,#4066,.T.);
#5554=ORIENTED_EDGE('',*,*,#4067,.T.);
#5555=ORIENTED_EDGE('',*,*,#4068,.F.);
#5556=ORIENTED_EDGE('',*,*,#4023,.F.);
#5557=ORIENTED_EDGE('',*,*,#4027,.F.);
#5558=ORIENTED_EDGE('',*,*,#4029,.F.);
#5559=ORIENTED_EDGE('',*,*,#4030,.F.);
#5560=ORIENTED_EDGE('',*,*,#4031,.F.);
#5561=ORIENTED_EDGE('',*,*,#4033,.F.);
#5562=ORIENTED_EDGE('',*,*,#4034,.F.);
#5563=ORIENTED_EDGE('',*,*,#3669,.T.);
#5564=ORIENTED_EDGE('',*,*,#3595,.T.);
#5565=ORIENTED_EDGE('',*,*,#3687,.F.);
#5566=ORIENTED_EDGE('',*,*,#4069,.F.);
#5567=ORIENTED_EDGE('',*,*,#4070,.T.);
#5568=ORIENTED_EDGE('',*,*,#4070,.F.);
#5569=ORIENTED_EDGE('',*,*,#4071,.T.);
#5570=ORIENTED_EDGE('',*,*,#4072,.F.);
#5571=ORIENTED_EDGE('',*,*,#4071,.F.);
#5572=ORIENTED_EDGE('',*,*,#4072,.T.);
#5573=ORIENTED_EDGE('',*,*,#4073,.T.);
#5574=ORIENTED_EDGE('',*,*,#4074,.T.);
#5575=ORIENTED_EDGE('',*,*,#4073,.F.);
#5576=ORIENTED_EDGE('',*,*,#4069,.T.);
#5577=ORIENTED_EDGE('',*,*,#4075,.T.);
#5578=ORIENTED_EDGE('',*,*,#4076,.T.);
#5579=ORIENTED_EDGE('',*,*,#4075,.F.);
#5580=ORIENTED_EDGE('',*,*,#4076,.F.);
#5581=ORIENTED_EDGE('',*,*,#4077,.T.);
#5582=ORIENTED_EDGE('',*,*,#4078,.F.);
#5583=ORIENTED_EDGE('',*,*,#4077,.F.);
#5584=ORIENTED_EDGE('',*,*,#4079,.T.);
#5585=ORIENTED_EDGE('',*,*,#4074,.F.);
#5586=ORIENTED_EDGE('',*,*,#4079,.F.);
#5587=ORIENTED_EDGE('',*,*,#4080,.T.);
#5588=ORIENTED_EDGE('',*,*,#4078,.T.);
#5589=ORIENTED_EDGE('',*,*,#4080,.F.);
#5590=ORIENTED_EDGE('',*,*,#4081,.F.);
#5591=ORIENTED_EDGE('',*,*,#4082,.T.);
#5592=ORIENTED_EDGE('',*,*,#4083,.T.);
#5593=ORIENTED_EDGE('',*,*,#4084,.T.);
#5594=ORIENTED_EDGE('',*,*,#4085,.T.);
#5595=ORIENTED_EDGE('',*,*,#4086,.F.);
#5596=ORIENTED_EDGE('',*,*,#4087,.F.);
#5597=ORIENTED_EDGE('',*,*,#4088,.F.);
#5598=ORIENTED_EDGE('',*,*,#4089,.F.);
#5599=ORIENTED_EDGE('',*,*,#4090,.F.);
#5600=ORIENTED_EDGE('',*,*,#3568,.T.);
#5601=ORIENTED_EDGE('',*,*,#4091,.F.);
#5602=ORIENTED_EDGE('',*,*,#4082,.F.);
#5603=ORIENTED_EDGE('',*,*,#4092,.T.);
#5604=ORIENTED_EDGE('',*,*,#4093,.F.);
#5605=ORIENTED_EDGE('',*,*,#4094,.F.);
#5606=ORIENTED_EDGE('',*,*,#4095,.T.);
#5607=ORIENTED_EDGE('',*,*,#3579,.T.);
#5608=ORIENTED_EDGE('',*,*,#4096,.F.);
#5609=ORIENTED_EDGE('',*,*,#4097,.T.);
#5610=ORIENTED_EDGE('',*,*,#4098,.F.);
#5611=ORIENTED_EDGE('',*,*,#3574,.F.);
#5612=ORIENTED_EDGE('',*,*,#4095,.F.);
#5613=ORIENTED_EDGE('',*,*,#4099,.F.);
#5614=ORIENTED_EDGE('',*,*,#4100,.F.);
#5615=ORIENTED_EDGE('',*,*,#4101,.F.);
#5616=ORIENTED_EDGE('',*,*,#4096,.T.);
#5617=ORIENTED_EDGE('',*,*,#3573,.T.);
#5618=ORIENTED_EDGE('',*,*,#3577,.T.);
#5619=ORIENTED_EDGE('',*,*,#3580,.T.);
#5620=ORIENTED_EDGE('',*,*,#4057,.F.);
#5621=ORIENTED_EDGE('',*,*,#3688,.F.);
#5622=ORIENTED_EDGE('',*,*,#4102,.T.);
#5623=ORIENTED_EDGE('',*,*,#4103,.T.);
#5624=ORIENTED_EDGE('',*,*,#4102,.F.);
#5625=ORIENTED_EDGE('',*,*,#3691,.F.);
#5626=ORIENTED_EDGE('',*,*,#4104,.F.);
#5627=ORIENTED_EDGE('',*,*,#4105,.T.);
#5628=ORIENTED_EDGE('',*,*,#4104,.T.);
#5629=ORIENTED_EDGE('',*,*,#3693,.F.);
#5630=ORIENTED_EDGE('',*,*,#4106,.T.);
#5631=ORIENTED_EDGE('',*,*,#4107,.T.);
#5632=ORIENTED_EDGE('',*,*,#4108,.F.);
#5633=ORIENTED_EDGE('',*,*,#4024,.T.);
#5634=ORIENTED_EDGE('',*,*,#4068,.T.);
#5635=ORIENTED_EDGE('',*,*,#4109,.F.);
#5636=ORIENTED_EDGE('',*,*,#4110,.F.);
#5637=ORIENTED_EDGE('',*,*,#4004,.F.);
#5638=ORIENTED_EDGE('',*,*,#4108,.T.);
#5639=ORIENTED_EDGE('',*,*,#4111,.T.);
#5640=ORIENTED_EDGE('',*,*,#4112,.T.);
#5641=ORIENTED_EDGE('',*,*,#3884,.T.);
#5642=ORIENTED_EDGE('',*,*,#4110,.T.);
#5643=ORIENTED_EDGE('',*,*,#4113,.F.);
#5644=ORIENTED_EDGE('',*,*,#4083,.F.);
#5645=ORIENTED_EDGE('',*,*,#4091,.T.);
#5646=ORIENTED_EDGE('',*,*,#3570,.F.);
#5647=ORIENTED_EDGE('',*,*,#3566,.T.);
#5648=ORIENTED_EDGE('',*,*,#3565,.T.);
#5649=ORIENTED_EDGE('',*,*,#3564,.T.);
#5650=ORIENTED_EDGE('',*,*,#3831,.F.);
#5651=ORIENTED_EDGE('',*,*,#3907,.F.);
#5652=ORIENTED_EDGE('',*,*,#3892,.F.);
#5653=ORIENTED_EDGE('',*,*,#3889,.F.);
#5654=ORIENTED_EDGE('',*,*,#3885,.F.);
#5655=ORIENTED_EDGE('',*,*,#4112,.F.);
#5656=ORIENTED_EDGE('',*,*,#4114,.T.);
#5657=ORIENTED_EDGE('',*,*,#4115,.T.);
#5658=ORIENTED_EDGE('',*,*,#4116,.T.);
#5659=ORIENTED_EDGE('',*,*,#4117,.T.);
#5660=ORIENTED_EDGE('',*,*,#4118,.T.);
#5661=ORIENTED_EDGE('',*,*,#4085,.F.);
#5662=ORIENTED_EDGE('',*,*,#4084,.F.);
#5663=ORIENTED_EDGE('',*,*,#4119,.T.);
#5664=ORIENTED_EDGE('',*,*,#3809,.F.);
#5665=ORIENTED_EDGE('',*,*,#3808,.F.);
#5666=ORIENTED_EDGE('',*,*,#3814,.F.);
#5667=ORIENTED_EDGE('',*,*,#3816,.F.);
#5668=ORIENTED_EDGE('',*,*,#3842,.F.);
#5669=ORIENTED_EDGE('',*,*,#3838,.F.);
#5670=ORIENTED_EDGE('',*,*,#3918,.F.);
#5671=ORIENTED_EDGE('',*,*,#3916,.F.);
#5672=ORIENTED_EDGE('',*,*,#3836,.F.);
#5673=ORIENTED_EDGE('',*,*,#3560,.F.);
#5674=ORIENTED_EDGE('',*,*,#3559,.F.);
#5675=ORIENTED_EDGE('',*,*,#3558,.F.);
#5676=ORIENTED_EDGE('',*,*,#3569,.T.);
#5677=ORIENTED_EDGE('',*,*,#4092,.F.);
#5678=ORIENTED_EDGE('',*,*,#4081,.T.);
#5679=ORIENTED_EDGE('',*,*,#4090,.T.);
#5680=ORIENTED_EDGE('',*,*,#4089,.T.);
#5681=ORIENTED_EDGE('',*,*,#4120,.T.);
#5682=ORIENTED_EDGE('',*,*,#4121,.T.);
#5683=ORIENTED_EDGE('',*,*,#4122,.T.);
#5684=ORIENTED_EDGE('',*,*,#4123,.T.);
#5685=ORIENTED_EDGE('',*,*,#4124,.T.);
#5686=ORIENTED_EDGE('',*,*,#4125,.T.);
#5687=ORIENTED_EDGE('',*,*,#4126,.T.);
#5688=ORIENTED_EDGE('',*,*,#4127,.T.);
#5689=ORIENTED_EDGE('',*,*,#4128,.T.);
#5690=ORIENTED_EDGE('',*,*,#4129,.F.);
#5691=ORIENTED_EDGE('',*,*,#3810,.F.);
#5692=ORIENTED_EDGE('',*,*,#4119,.F.);
#5693=ORIENTED_EDGE('',*,*,#4130,.T.);
#5694=ORIENTED_EDGE('',*,*,#4131,.T.);
#5695=ORIENTED_EDGE('',*,*,#3790,.F.);
#5696=ORIENTED_EDGE('',*,*,#4129,.T.);
#5697=ORIENTED_EDGE('',*,*,#4132,.T.);
#5698=ORIENTED_EDGE('',*,*,#4133,.F.);
#5699=ORIENTED_EDGE('',*,*,#3806,.F.);
#5700=ORIENTED_EDGE('',*,*,#4131,.F.);
#5701=ORIENTED_EDGE('',*,*,#4134,.T.);
#5702=ORIENTED_EDGE('',*,*,#4135,.F.);
#5703=ORIENTED_EDGE('',*,*,#3603,.T.);
#5704=ORIENTED_EDGE('',*,*,#3598,.T.);
#5705=ORIENTED_EDGE('',*,*,#4039,.F.);
#5706=ORIENTED_EDGE('',*,*,#3685,.F.);
#5707=ORIENTED_EDGE('',*,*,#3994,.F.);
#5708=ORIENTED_EDGE('',*,*,#3993,.F.);
#5709=ORIENTED_EDGE('',*,*,#3988,.F.);
#5710=ORIENTED_EDGE('',*,*,#3984,.F.);
#5711=ORIENTED_EDGE('',*,*,#3873,.F.);
#5712=ORIENTED_EDGE('',*,*,#3920,.F.);
#5713=ORIENTED_EDGE('',*,*,#3849,.F.);
#5714=ORIENTED_EDGE('',*,*,#3844,.F.);
#5715=ORIENTED_EDGE('',*,*,#3800,.F.);
#5716=ORIENTED_EDGE('',*,*,#3802,.F.);
#5717=ORIENTED_EDGE('',*,*,#3805,.F.);
#5718=ORIENTED_EDGE('',*,*,#3807,.F.);
#5719=ORIENTED_EDGE('',*,*,#4133,.T.);
#5720=ORIENTED_EDGE('',*,*,#4136,.T.);
#5721=ORIENTED_EDGE('',*,*,#4137,.T.);
#5722=ORIENTED_EDGE('',*,*,#4138,.T.);
#5723=ORIENTED_EDGE('',*,*,#4139,.T.);
#5724=ORIENTED_EDGE('',*,*,#4140,.T.);
#5725=ORIENTED_EDGE('',*,*,#4141,.T.);
#5726=ORIENTED_EDGE('',*,*,#4142,.T.);
#5727=ORIENTED_EDGE('',*,*,#4143,.T.);
#5728=ORIENTED_EDGE('',*,*,#4144,.T.);
#5729=ORIENTED_EDGE('',*,*,#4145,.T.);
#5730=ORIENTED_EDGE('',*,*,#4146,.T.);
#5731=ORIENTED_EDGE('',*,*,#4147,.T.);
#5732=ORIENTED_EDGE('',*,*,#4148,.T.);
#5733=ORIENTED_EDGE('',*,*,#4149,.T.);
#5734=ORIENTED_EDGE('',*,*,#4150,.F.);
#5735=ORIENTED_EDGE('',*,*,#4151,.F.);
#5736=ORIENTED_EDGE('',*,*,#4152,.F.);
#5737=ORIENTED_EDGE('',*,*,#4153,.T.);
#5738=ORIENTED_EDGE('',*,*,#4048,.T.);
#5739=ORIENTED_EDGE('',*,*,#4154,.T.);
#5740=ORIENTED_EDGE('',*,*,#4106,.F.);
#5741=ORIENTED_EDGE('',*,*,#3694,.F.);
#5742=ORIENTED_EDGE('',*,*,#3696,.F.);
#5743=ORIENTED_EDGE('',*,*,#3706,.F.);
#5744=ORIENTED_EDGE('',*,*,#4155,.T.);
#5745=ORIENTED_EDGE('',*,*,#4156,.T.);
#5746=ORIENTED_EDGE('',*,*,#4157,.T.);
#5747=ORIENTED_EDGE('',*,*,#4158,.T.);
#5748=ORIENTED_EDGE('',*,*,#4098,.T.);
#5749=ORIENTED_EDGE('',*,*,#4159,.F.);
#5750=ORIENTED_EDGE('',*,*,#4160,.T.);
#5751=ORIENTED_EDGE('',*,*,#4161,.F.);
#5752=ORIENTED_EDGE('',*,*,#4093,.T.);
#5753=ORIENTED_EDGE('',*,*,#3578,.T.);
#5754=ORIENTED_EDGE('',*,*,#3575,.F.);
#5755=ORIENTED_EDGE('',*,*,#3571,.T.);
#5756=ORIENTED_EDGE('',*,*,#4159,.T.);
#5757=ORIENTED_EDGE('',*,*,#4097,.F.);
#5758=ORIENTED_EDGE('',*,*,#4101,.T.);
#5759=ORIENTED_EDGE('',*,*,#4162,.T.);
#5760=ORIENTED_EDGE('',*,*,#4162,.F.);
#5761=ORIENTED_EDGE('',*,*,#4100,.T.);
#5762=ORIENTED_EDGE('',*,*,#4163,.T.);
#5763=ORIENTED_EDGE('',*,*,#4160,.F.);
#5764=ORIENTED_EDGE('',*,*,#4163,.F.);
#5765=ORIENTED_EDGE('',*,*,#4099,.T.);
#5766=ORIENTED_EDGE('',*,*,#4094,.T.);
#5767=ORIENTED_EDGE('',*,*,#4161,.T.);
#5768=ORIENTED_EDGE('',*,*,#4155,.F.);
#5769=ORIENTED_EDGE('',*,*,#3705,.T.);
#5770=ORIENTED_EDGE('',*,*,#4164,.T.);
#5771=ORIENTED_EDGE('',*,*,#4165,.F.);
#5772=ORIENTED_EDGE('',*,*,#4166,.F.);
#5773=ORIENTED_EDGE('',*,*,#4164,.F.);
#5774=ORIENTED_EDGE('',*,*,#3704,.T.);
#5775=ORIENTED_EDGE('',*,*,#4046,.T.);
#5776=ORIENTED_EDGE('',*,*,#4153,.F.);
#5777=ORIENTED_EDGE('',*,*,#4167,.F.);
#5778=ORIENTED_EDGE('',*,*,#4168,.T.);
#5779=ORIENTED_EDGE('',*,*,#4038,.F.);
#5780=ORIENTED_EDGE('',*,*,#4169,.F.);
#5781=ORIENTED_EDGE('',*,*,#4170,.T.);
#5782=ORIENTED_EDGE('',*,*,#4169,.T.);
#5783=ORIENTED_EDGE('',*,*,#3620,.F.);
#5784=ORIENTED_EDGE('',*,*,#3607,.T.);
#5785=ORIENTED_EDGE('',*,*,#3601,.T.);
#5786=ORIENTED_EDGE('',*,*,#4135,.T.);
#5787=ORIENTED_EDGE('',*,*,#4171,.F.);
#5788=ORIENTED_EDGE('',*,*,#4172,.F.);
#5789=ORIENTED_EDGE('',*,*,#4173,.T.);
#5790=ORIENTED_EDGE('',*,*,#4174,.F.);
#5791=ORIENTED_EDGE('',*,*,#4175,.F.);
#5792=ORIENTED_EDGE('',*,*,#4051,.T.);
#5793=ORIENTED_EDGE('',*,*,#4035,.T.);
#5794=ORIENTED_EDGE('',*,*,#4168,.F.);
#5795=ORIENTED_EDGE('',*,*,#4176,.F.);
#5796=ORIENTED_EDGE('',*,*,#4177,.F.);
#5797=ORIENTED_EDGE('',*,*,#4154,.F.);
#5798=ORIENTED_EDGE('',*,*,#4050,.T.);
#5799=ORIENTED_EDGE('',*,*,#4175,.T.);
#5800=ORIENTED_EDGE('',*,*,#4178,.T.);
#5801=ORIENTED_EDGE('',*,*,#4179,.T.);
#5802=ORIENTED_EDGE('',*,*,#4180,.T.);
#5803=ORIENTED_EDGE('',*,*,#4181,.T.);
#5804=ORIENTED_EDGE('',*,*,#4182,.F.);
#5805=ORIENTED_EDGE('',*,*,#4183,.F.);
#5806=ORIENTED_EDGE('',*,*,#4184,.F.);
#5807=ORIENTED_EDGE('',*,*,#4185,.F.);
#5808=ORIENTED_EDGE('',*,*,#4186,.F.);
#5809=ORIENTED_EDGE('',*,*,#4187,.F.);
#5810=ORIENTED_EDGE('',*,*,#4188,.F.);
#5811=ORIENTED_EDGE('',*,*,#4189,.F.);
#5812=ORIENTED_EDGE('',*,*,#4190,.T.);
#5813=ORIENTED_EDGE('',*,*,#4191,.T.);
#5814=ORIENTED_EDGE('',*,*,#4189,.T.);
#5815=ORIENTED_EDGE('',*,*,#4192,.T.);
#5816=ORIENTED_EDGE('',*,*,#4059,.T.);
#5817=ORIENTED_EDGE('',*,*,#4193,.T.);
#5818=ORIENTED_EDGE('',*,*,#4186,.T.);
#5819=ORIENTED_EDGE('',*,*,#4194,.T.);
#5820=ORIENTED_EDGE('',*,*,#4150,.T.);
#5821=ORIENTED_EDGE('',*,*,#4195,.T.);
#5822=ORIENTED_EDGE('',*,*,#4184,.T.);
#5823=ORIENTED_EDGE('',*,*,#4196,.T.);
#5824=ORIENTED_EDGE('',*,*,#4171,.T.);
#5825=ORIENTED_EDGE('',*,*,#4195,.F.);
#5826=ORIENTED_EDGE('',*,*,#4151,.T.);
#5827=ORIENTED_EDGE('',*,*,#4194,.F.);
#5828=ORIENTED_EDGE('',*,*,#4185,.T.);
#5829=ORIENTED_EDGE('',*,*,#4197,.T.);
#5830=ORIENTED_EDGE('',*,*,#4182,.T.);
#5831=ORIENTED_EDGE('',*,*,#4198,.T.);
#5832=ORIENTED_EDGE('',*,*,#4199,.T.);
#5833=ORIENTED_EDGE('',*,*,#4197,.F.);
#5834=ORIENTED_EDGE('',*,*,#4172,.T.);
#5835=ORIENTED_EDGE('',*,*,#4196,.F.);
#5836=ORIENTED_EDGE('',*,*,#4183,.T.);
#5837=ORIENTED_EDGE('',*,*,#4200,.T.);
#5838=ORIENTED_EDGE('',*,*,#4201,.T.);
#5839=ORIENTED_EDGE('',*,*,#4202,.T.);
#5840=ORIENTED_EDGE('',*,*,#4203,.T.);
#5841=ORIENTED_EDGE('',*,*,#4204,.T.);
#5842=ORIENTED_EDGE('',*,*,#4205,.T.);
#5843=ORIENTED_EDGE('',*,*,#4202,.F.);
#5844=ORIENTED_EDGE('',*,*,#4206,.T.);
#5845=ORIENTED_EDGE('',*,*,#4207,.T.);
#5846=ORIENTED_EDGE('',*,*,#4208,.T.);
#5847=ORIENTED_EDGE('',*,*,#4204,.F.);
#5848=ORIENTED_EDGE('',*,*,#4209,.T.);
#5849=ORIENTED_EDGE('',*,*,#4200,.F.);
#5850=ORIENTED_EDGE('',*,*,#4210,.T.);
#5851=ORIENTED_EDGE('',*,*,#4198,.F.);
#5852=ORIENTED_EDGE('',*,*,#4211,.T.);
#5853=ORIENTED_EDGE('',*,*,#4199,.F.);
#5854=ORIENTED_EDGE('',*,*,#4210,.F.);
#5855=ORIENTED_EDGE('',*,*,#4203,.F.);
#5856=ORIENTED_EDGE('',*,*,#4212,.T.);
#5857=ORIENTED_EDGE('',*,*,#4213,.T.);
#5858=ORIENTED_EDGE('',*,*,#4173,.F.);
#5859=ORIENTED_EDGE('',*,*,#4205,.F.);
#5860=ORIENTED_EDGE('',*,*,#4214,.F.);
#5861=ORIENTED_EDGE('',*,*,#4215,.T.);
#5862=ORIENTED_EDGE('',*,*,#4212,.F.);
#5863=ORIENTED_EDGE('',*,*,#4208,.F.);
#5864=ORIENTED_EDGE('',*,*,#4216,.T.);
#5865=ORIENTED_EDGE('',*,*,#4217,.T.);
#5866=ORIENTED_EDGE('',*,*,#4214,.T.);
#5867=ORIENTED_EDGE('',*,*,#4207,.F.);
#5868=ORIENTED_EDGE('',*,*,#4218,.F.);
#5869=ORIENTED_EDGE('',*,*,#4219,.F.);
#5870=ORIENTED_EDGE('',*,*,#4220,.F.);
#5871=ORIENTED_EDGE('',*,*,#4209,.F.);
#5872=ORIENTED_EDGE('',*,*,#4206,.F.);
#5873=ORIENTED_EDGE('',*,*,#4201,.F.);
#5874=ORIENTED_EDGE('',*,*,#4211,.F.);
#5875=ORIENTED_EDGE('',*,*,#4181,.F.);
#5876=ORIENTED_EDGE('',*,*,#4221,.T.);
#5877=ORIENTED_EDGE('',*,*,#4222,.F.);
#5878=ORIENTED_EDGE('',*,*,#4223,.T.);
#5879=ORIENTED_EDGE('',*,*,#4224,.F.);
#5880=ORIENTED_EDGE('',*,*,#4225,.T.);
#5881=ORIENTED_EDGE('',*,*,#4190,.F.);
#5882=ORIENTED_EDGE('',*,*,#4226,.T.);
#5883=ORIENTED_EDGE('',*,*,#4227,.T.);
#5884=ORIENTED_EDGE('',*,*,#4228,.T.);
#5885=ORIENTED_EDGE('',*,*,#4229,.T.);
#5886=ORIENTED_EDGE('',*,*,#4230,.T.);
#5887=ORIENTED_EDGE('',*,*,#4218,.T.);
#5888=ORIENTED_EDGE('',*,*,#4231,.F.);
#5889=ORIENTED_EDGE('',*,*,#4232,.T.);
#5890=ORIENTED_EDGE('',*,*,#4233,.F.);
#5891=ORIENTED_EDGE('',*,*,#4234,.T.);
#5892=ORIENTED_EDGE('',*,*,#4235,.F.);
#5893=ORIENTED_EDGE('',*,*,#4236,.F.);
#5894=ORIENTED_EDGE('',*,*,#4237,.F.);
#5895=ORIENTED_EDGE('',*,*,#4238,.T.);
#5896=ORIENTED_EDGE('',*,*,#4239,.F.);
#5897=ORIENTED_EDGE('',*,*,#4240,.F.);
#5898=ORIENTED_EDGE('',*,*,#4241,.T.);
#5899=ORIENTED_EDGE('',*,*,#4242,.F.);
#5900=ORIENTED_EDGE('',*,*,#4243,.T.);
#5901=ORIENTED_EDGE('',*,*,#4244,.F.);
#5902=ORIENTED_EDGE('',*,*,#4245,.F.);
#5903=ORIENTED_EDGE('',*,*,#4246,.T.);
#5904=ORIENTED_EDGE('',*,*,#4247,.F.);
#5905=ORIENTED_EDGE('',*,*,#4248,.T.);
#5906=ORIENTED_EDGE('',*,*,#4249,.F.);
#5907=ORIENTED_EDGE('',*,*,#4250,.T.);
#5908=ORIENTED_EDGE('',*,*,#4251,.F.);
#5909=ORIENTED_EDGE('',*,*,#4252,.T.);
#5910=ORIENTED_EDGE('',*,*,#4253,.F.);
#5911=ORIENTED_EDGE('',*,*,#4254,.F.);
#5912=ORIENTED_EDGE('',*,*,#4255,.T.);
#5913=ORIENTED_EDGE('',*,*,#4256,.F.);
#5914=ORIENTED_EDGE('',*,*,#4257,.T.);
#5915=ORIENTED_EDGE('',*,*,#4258,.F.);
#5916=ORIENTED_EDGE('',*,*,#4259,.T.);
#5917=ORIENTED_EDGE('',*,*,#4192,.F.);
#5918=ORIENTED_EDGE('',*,*,#4260,.T.);
#5919=ORIENTED_EDGE('',*,*,#4261,.T.);
#5920=ORIENTED_EDGE('',*,*,#4060,.T.);
#5921=ORIENTED_EDGE('',*,*,#4188,.T.);
#5922=ORIENTED_EDGE('',*,*,#4262,.T.);
#5923=ORIENTED_EDGE('',*,*,#4263,.T.);
#5924=ORIENTED_EDGE('',*,*,#4264,.T.);
#5925=ORIENTED_EDGE('',*,*,#4260,.F.);
#5926=ORIENTED_EDGE('',*,*,#4265,.T.);
#5927=ORIENTED_EDGE('',*,*,#4266,.T.);
#5928=ORIENTED_EDGE('',*,*,#4267,.T.);
#5929=ORIENTED_EDGE('',*,*,#4268,.T.);
#5930=ORIENTED_EDGE('',*,*,#4269,.T.);
#5931=ORIENTED_EDGE('',*,*,#4270,.T.);
#5932=ORIENTED_EDGE('',*,*,#4271,.T.);
#5933=ORIENTED_EDGE('',*,*,#4272,.T.);
#5934=ORIENTED_EDGE('',*,*,#4273,.F.);
#5935=ORIENTED_EDGE('',*,*,#4148,.F.);
#5936=ORIENTED_EDGE('',*,*,#4274,.F.);
#5937=ORIENTED_EDGE('',*,*,#4262,.F.);
#5938=ORIENTED_EDGE('',*,*,#4191,.F.);
#5939=ORIENTED_EDGE('',*,*,#4058,.F.);
#5940=ORIENTED_EDGE('',*,*,#4275,.T.);
#5941=ORIENTED_EDGE('',*,*,#4226,.F.);
#5942=ORIENTED_EDGE('',*,*,#4103,.F.);
#5943=ORIENTED_EDGE('',*,*,#4276,.T.);
#5944=ORIENTED_EDGE('',*,*,#4227,.F.);
#5945=ORIENTED_EDGE('',*,*,#4275,.F.);
#5946=ORIENTED_EDGE('',*,*,#4228,.F.);
#5947=ORIENTED_EDGE('',*,*,#4276,.F.);
#5948=ORIENTED_EDGE('',*,*,#4105,.F.);
#5949=ORIENTED_EDGE('',*,*,#4277,.T.);
#5950=ORIENTED_EDGE('',*,*,#4277,.F.);
#5951=ORIENTED_EDGE('',*,*,#4107,.F.);
#5952=ORIENTED_EDGE('',*,*,#4278,.T.);
#5953=ORIENTED_EDGE('',*,*,#4229,.F.);
#5954=ORIENTED_EDGE('',*,*,#4219,.T.);
#5955=ORIENTED_EDGE('',*,*,#4230,.F.);
#5956=ORIENTED_EDGE('',*,*,#4278,.F.);
#5957=ORIENTED_EDGE('',*,*,#4158,.F.);
#5958=ORIENTED_EDGE('',*,*,#4220,.T.);
#5959=ORIENTED_EDGE('',*,*,#4157,.F.);
#5960=ORIENTED_EDGE('',*,*,#4279,.T.);
#5961=ORIENTED_EDGE('',*,*,#4216,.F.);
#5962=ORIENTED_EDGE('',*,*,#4280,.F.);
#5963=ORIENTED_EDGE('',*,*,#4281,.F.);
#5964=ORIENTED_EDGE('',*,*,#4215,.F.);
#5965=ORIENTED_EDGE('',*,*,#4282,.T.);
#5966=ORIENTED_EDGE('',*,*,#4283,.T.);
#5967=ORIENTED_EDGE('',*,*,#4284,.F.);
#5968=ORIENTED_EDGE('',*,*,#4282,.F.);
#5969=ORIENTED_EDGE('',*,*,#4217,.F.);
#5970=ORIENTED_EDGE('',*,*,#4279,.F.);
#5971=ORIENTED_EDGE('',*,*,#4285,.T.);
#5972=ORIENTED_EDGE('',*,*,#4286,.F.);
#5973=ORIENTED_EDGE('',*,*,#4283,.F.);
#5974=ORIENTED_EDGE('',*,*,#4166,.T.);
#5975=ORIENTED_EDGE('',*,*,#4287,.F.);
#5976=ORIENTED_EDGE('',*,*,#4288,.F.);
#5977=ORIENTED_EDGE('',*,*,#4285,.F.);
#5978=ORIENTED_EDGE('',*,*,#4156,.F.);
#5979=ORIENTED_EDGE('',*,*,#4165,.T.);
#5980=ORIENTED_EDGE('',*,*,#4289,.T.);
#5981=ORIENTED_EDGE('',*,*,#4290,.T.);
#5982=ORIENTED_EDGE('',*,*,#4291,.T.);
#5983=ORIENTED_EDGE('',*,*,#4292,.T.);
#5984=ORIENTED_EDGE('',*,*,#4293,.T.);
#5985=ORIENTED_EDGE('',*,*,#4294,.T.);
#5986=ORIENTED_EDGE('',*,*,#4295,.T.);
#5987=ORIENTED_EDGE('',*,*,#4290,.F.);
#5988=ORIENTED_EDGE('',*,*,#4296,.T.);
#5989=ORIENTED_EDGE('',*,*,#4222,.T.);
#5990=ORIENTED_EDGE('',*,*,#4297,.T.);
#5991=ORIENTED_EDGE('',*,*,#4291,.F.);
#5992=ORIENTED_EDGE('',*,*,#4295,.F.);
#5993=ORIENTED_EDGE('',*,*,#4221,.F.);
#5994=ORIENTED_EDGE('',*,*,#4180,.F.);
#5995=ORIENTED_EDGE('',*,*,#4298,.T.);
#5996=ORIENTED_EDGE('',*,*,#4292,.F.);
#5997=ORIENTED_EDGE('',*,*,#4297,.F.);
#5998=ORIENTED_EDGE('',*,*,#4179,.F.);
#5999=ORIENTED_EDGE('',*,*,#4225,.F.);
#6000=ORIENTED_EDGE('',*,*,#4299,.T.);
#6001=ORIENTED_EDGE('',*,*,#4293,.F.);
#6002=ORIENTED_EDGE('',*,*,#4298,.F.);
#6003=ORIENTED_EDGE('',*,*,#4178,.F.);
#6004=ORIENTED_EDGE('',*,*,#4299,.F.);
#6005=ORIENTED_EDGE('',*,*,#4224,.T.);
#6006=ORIENTED_EDGE('',*,*,#4300,.T.);
#6007=ORIENTED_EDGE('',*,*,#4294,.F.);
#6008=ORIENTED_EDGE('',*,*,#4300,.F.);
#6009=ORIENTED_EDGE('',*,*,#4223,.F.);
#6010=ORIENTED_EDGE('',*,*,#4296,.F.);
#6011=ORIENTED_EDGE('',*,*,#4289,.F.);
#6012=ORIENTED_EDGE('',*,*,#4301,.T.);
#6013=ORIENTED_EDGE('',*,*,#4302,.T.);
#6014=ORIENTED_EDGE('',*,*,#4303,.T.);
#6015=ORIENTED_EDGE('',*,*,#4304,.T.);
#6016=ORIENTED_EDGE('',*,*,#4305,.T.);
#6017=ORIENTED_EDGE('',*,*,#4306,.T.);
#6018=ORIENTED_EDGE('',*,*,#4307,.T.);
#6019=ORIENTED_EDGE('',*,*,#4302,.F.);
#6020=ORIENTED_EDGE('',*,*,#4308,.T.);
#6021=ORIENTED_EDGE('',*,*,#4256,.T.);
#6022=ORIENTED_EDGE('',*,*,#4307,.F.);
#6023=ORIENTED_EDGE('',*,*,#4255,.F.);
#6024=ORIENTED_EDGE('',*,*,#4309,.T.);
#6025=ORIENTED_EDGE('',*,*,#4303,.F.);
#6026=ORIENTED_EDGE('',*,*,#4310,.T.);
#6027=ORIENTED_EDGE('',*,*,#4304,.F.);
#6028=ORIENTED_EDGE('',*,*,#4309,.F.);
#6029=ORIENTED_EDGE('',*,*,#4254,.T.);
#6030=ORIENTED_EDGE('',*,*,#4310,.F.);
#6031=ORIENTED_EDGE('',*,*,#4259,.F.);
#6032=ORIENTED_EDGE('',*,*,#4311,.T.);
#6033=ORIENTED_EDGE('',*,*,#4305,.F.);
#6034=ORIENTED_EDGE('',*,*,#4312,.T.);
#6035=ORIENTED_EDGE('',*,*,#4306,.F.);
#6036=ORIENTED_EDGE('',*,*,#4311,.F.);
#6037=ORIENTED_EDGE('',*,*,#4258,.T.);
#6038=ORIENTED_EDGE('',*,*,#4312,.F.);
#6039=ORIENTED_EDGE('',*,*,#4257,.F.);
#6040=ORIENTED_EDGE('',*,*,#4308,.F.);
#6041=ORIENTED_EDGE('',*,*,#4301,.F.);
#6042=ORIENTED_EDGE('',*,*,#4313,.T.);
#6043=ORIENTED_EDGE('',*,*,#4314,.T.);
#6044=ORIENTED_EDGE('',*,*,#4315,.T.);
#6045=ORIENTED_EDGE('',*,*,#4316,.T.);
#6046=ORIENTED_EDGE('',*,*,#4317,.T.);
#6047=ORIENTED_EDGE('',*,*,#4318,.T.);
#6048=ORIENTED_EDGE('',*,*,#4319,.T.);
#6049=ORIENTED_EDGE('',*,*,#4320,.T.);
#6050=ORIENTED_EDGE('',*,*,#4321,.T.);
#6051=ORIENTED_EDGE('',*,*,#4314,.F.);
#6052=ORIENTED_EDGE('',*,*,#4322,.T.);
#6053=ORIENTED_EDGE('',*,*,#4237,.T.);
#6054=ORIENTED_EDGE('',*,*,#4321,.F.);
#6055=ORIENTED_EDGE('',*,*,#4236,.T.);
#6056=ORIENTED_EDGE('',*,*,#4323,.T.);
#6057=ORIENTED_EDGE('',*,*,#4315,.F.);
#6058=ORIENTED_EDGE('',*,*,#4324,.T.);
#6059=ORIENTED_EDGE('',*,*,#4316,.F.);
#6060=ORIENTED_EDGE('',*,*,#4323,.F.);
#6061=ORIENTED_EDGE('',*,*,#4235,.T.);
#6062=ORIENTED_EDGE('',*,*,#4324,.F.);
#6063=ORIENTED_EDGE('',*,*,#4234,.F.);
#6064=ORIENTED_EDGE('',*,*,#4325,.T.);
#6065=ORIENTED_EDGE('',*,*,#4317,.F.);
#6066=ORIENTED_EDGE('',*,*,#4326,.T.);
#6067=ORIENTED_EDGE('',*,*,#4318,.F.);
#6068=ORIENTED_EDGE('',*,*,#4325,.F.);
#6069=ORIENTED_EDGE('',*,*,#4233,.T.);
#6070=ORIENTED_EDGE('',*,*,#4326,.F.);
#6071=ORIENTED_EDGE('',*,*,#4232,.F.);
#6072=ORIENTED_EDGE('',*,*,#4327,.T.);
#6073=ORIENTED_EDGE('',*,*,#4319,.F.);
#6074=ORIENTED_EDGE('',*,*,#4328,.T.);
#6075=ORIENTED_EDGE('',*,*,#4320,.F.);
#6076=ORIENTED_EDGE('',*,*,#4327,.F.);
#6077=ORIENTED_EDGE('',*,*,#4231,.T.);
#6078=ORIENTED_EDGE('',*,*,#4328,.F.);
#6079=ORIENTED_EDGE('',*,*,#4238,.F.);
#6080=ORIENTED_EDGE('',*,*,#4322,.F.);
#6081=ORIENTED_EDGE('',*,*,#4313,.F.);
#6082=ORIENTED_EDGE('',*,*,#4329,.T.);
#6083=ORIENTED_EDGE('',*,*,#4330,.T.);
#6084=ORIENTED_EDGE('',*,*,#4331,.T.);
#6085=ORIENTED_EDGE('',*,*,#4332,.T.);
#6086=ORIENTED_EDGE('',*,*,#4333,.T.);
#6087=ORIENTED_EDGE('',*,*,#4334,.T.);
#6088=ORIENTED_EDGE('',*,*,#4335,.T.);
#6089=ORIENTED_EDGE('',*,*,#4330,.F.);
#6090=ORIENTED_EDGE('',*,*,#4336,.T.);
#6091=ORIENTED_EDGE('',*,*,#4242,.T.);
#6092=ORIENTED_EDGE('',*,*,#4335,.F.);
#6093=ORIENTED_EDGE('',*,*,#4241,.F.);
#6094=ORIENTED_EDGE('',*,*,#4337,.T.);
#6095=ORIENTED_EDGE('',*,*,#4331,.F.);
#6096=ORIENTED_EDGE('',*,*,#4338,.T.);
#6097=ORIENTED_EDGE('',*,*,#4332,.F.);
#6098=ORIENTED_EDGE('',*,*,#4337,.F.);
#6099=ORIENTED_EDGE('',*,*,#4240,.T.);
#6100=ORIENTED_EDGE('',*,*,#4338,.F.);
#6101=ORIENTED_EDGE('',*,*,#4239,.T.);
#6102=ORIENTED_EDGE('',*,*,#4339,.T.);
#6103=ORIENTED_EDGE('',*,*,#4333,.F.);
#6104=ORIENTED_EDGE('',*,*,#4340,.T.);
#6105=ORIENTED_EDGE('',*,*,#4334,.F.);
#6106=ORIENTED_EDGE('',*,*,#4339,.F.);
#6107=ORIENTED_EDGE('',*,*,#4244,.T.);
#6108=ORIENTED_EDGE('',*,*,#4340,.F.);
#6109=ORIENTED_EDGE('',*,*,#4243,.F.);
#6110=ORIENTED_EDGE('',*,*,#4336,.F.);
#6111=ORIENTED_EDGE('',*,*,#4329,.F.);
#6112=ORIENTED_EDGE('',*,*,#4341,.T.);
#6113=ORIENTED_EDGE('',*,*,#4342,.T.);
#6114=ORIENTED_EDGE('',*,*,#4343,.T.);
#6115=ORIENTED_EDGE('',*,*,#4344,.T.);
#6116=ORIENTED_EDGE('',*,*,#4345,.T.);
#6117=ORIENTED_EDGE('',*,*,#4346,.T.);
#6118=ORIENTED_EDGE('',*,*,#4347,.T.);
#6119=ORIENTED_EDGE('',*,*,#4348,.T.);
#6120=ORIENTED_EDGE('',*,*,#4349,.T.);
#6121=ORIENTED_EDGE('',*,*,#4342,.F.);
#6122=ORIENTED_EDGE('',*,*,#4350,.T.);
#6123=ORIENTED_EDGE('',*,*,#4251,.T.);
#6124=ORIENTED_EDGE('',*,*,#4349,.F.);
#6125=ORIENTED_EDGE('',*,*,#4250,.F.);
#6126=ORIENTED_EDGE('',*,*,#4351,.T.);
#6127=ORIENTED_EDGE('',*,*,#4343,.F.);
#6128=ORIENTED_EDGE('',*,*,#4352,.T.);
#6129=ORIENTED_EDGE('',*,*,#4344,.F.);
#6130=ORIENTED_EDGE('',*,*,#4351,.F.);
#6131=ORIENTED_EDGE('',*,*,#4249,.T.);
#6132=ORIENTED_EDGE('',*,*,#4352,.F.);
#6133=ORIENTED_EDGE('',*,*,#4248,.F.);
#6134=ORIENTED_EDGE('',*,*,#4353,.T.);
#6135=ORIENTED_EDGE('',*,*,#4345,.F.);
#6136=ORIENTED_EDGE('',*,*,#4354,.T.);
#6137=ORIENTED_EDGE('',*,*,#4346,.F.);
#6138=ORIENTED_EDGE('',*,*,#4353,.F.);
#6139=ORIENTED_EDGE('',*,*,#4247,.T.);
#6140=ORIENTED_EDGE('',*,*,#4354,.F.);
#6141=ORIENTED_EDGE('',*,*,#4246,.F.);
#6142=ORIENTED_EDGE('',*,*,#4355,.T.);
#6143=ORIENTED_EDGE('',*,*,#4347,.F.);
#6144=ORIENTED_EDGE('',*,*,#4356,.T.);
#6145=ORIENTED_EDGE('',*,*,#4348,.F.);
#6146=ORIENTED_EDGE('',*,*,#4355,.F.);
#6147=ORIENTED_EDGE('',*,*,#4245,.T.);
#6148=ORIENTED_EDGE('',*,*,#4356,.F.);
#6149=ORIENTED_EDGE('',*,*,#4252,.F.);
#6150=ORIENTED_EDGE('',*,*,#4350,.F.);
#6151=ORIENTED_EDGE('',*,*,#4341,.F.);
#6152=ORIENTED_EDGE('',*,*,#4357,.T.);
#6153=ORIENTED_EDGE('',*,*,#4358,.T.);
#6154=ORIENTED_EDGE('',*,*,#4359,.F.);
#6155=ORIENTED_EDGE('',*,*,#4358,.F.);
#6156=ORIENTED_EDGE('',*,*,#4359,.T.);
#6157=ORIENTED_EDGE('',*,*,#4360,.T.);
#6158=ORIENTED_EDGE('',*,*,#4253,.T.);
#6159=ORIENTED_EDGE('',*,*,#4360,.F.);
#6160=ORIENTED_EDGE('',*,*,#4361,.F.);
#6161=ORIENTED_EDGE('',*,*,#4362,.F.);
#6162=ORIENTED_EDGE('',*,*,#4363,.F.);
#6163=ORIENTED_EDGE('',*,*,#4364,.F.);
#6164=ORIENTED_EDGE('',*,*,#4365,.F.);
#6165=ORIENTED_EDGE('',*,*,#4366,.F.);
#6166=ORIENTED_EDGE('',*,*,#4367,.F.);
#6167=ORIENTED_EDGE('',*,*,#4368,.T.);
#6168=ORIENTED_EDGE('',*,*,#4369,.F.);
#6169=ORIENTED_EDGE('',*,*,#4370,.T.);
#6170=ORIENTED_EDGE('',*,*,#4371,.T.);
#6171=ORIENTED_EDGE('',*,*,#4372,.T.);
#6172=ORIENTED_EDGE('',*,*,#4132,.F.);
#6173=ORIENTED_EDGE('',*,*,#4373,.T.);
#6174=ORIENTED_EDGE('',*,*,#4374,.T.);
#6175=ORIENTED_EDGE('',*,*,#4375,.T.);
#6176=ORIENTED_EDGE('',*,*,#4367,.T.);
#6177=ORIENTED_EDGE('',*,*,#4375,.F.);
#6178=ORIENTED_EDGE('',*,*,#4376,.T.);
#6179=ORIENTED_EDGE('',*,*,#4139,.F.);
#6180=ORIENTED_EDGE('',*,*,#4377,.T.);
#6181=ORIENTED_EDGE('',*,*,#4378,.F.);
#6182=ORIENTED_EDGE('',*,*,#4379,.F.);
#6183=ORIENTED_EDGE('',*,*,#4380,.F.);
#6184=ORIENTED_EDGE('',*,*,#4377,.F.);
#6185=ORIENTED_EDGE('',*,*,#4138,.F.);
#6186=ORIENTED_EDGE('',*,*,#4379,.T.);
#6187=ORIENTED_EDGE('',*,*,#4137,.F.);
#6188=ORIENTED_EDGE('',*,*,#4381,.T.);
#6189=ORIENTED_EDGE('',*,*,#4370,.F.);
#6190=ORIENTED_EDGE('',*,*,#4371,.F.);
#6191=ORIENTED_EDGE('',*,*,#4381,.F.);
#6192=ORIENTED_EDGE('',*,*,#4136,.F.);
#6193=ORIENTED_EDGE('',*,*,#4134,.F.);
#6194=ORIENTED_EDGE('',*,*,#4372,.F.);
#6195=ORIENTED_EDGE('',*,*,#4127,.F.);
#6196=ORIENTED_EDGE('',*,*,#4382,.F.);
#6197=ORIENTED_EDGE('',*,*,#4368,.F.);
#6198=ORIENTED_EDGE('',*,*,#4373,.F.);
#6199=ORIENTED_EDGE('',*,*,#4130,.F.);
#6200=ORIENTED_EDGE('',*,*,#4128,.F.);
#6201=ORIENTED_EDGE('',*,*,#4382,.T.);
#6202=ORIENTED_EDGE('',*,*,#4126,.F.);
#6203=ORIENTED_EDGE('',*,*,#4383,.T.);
#6204=ORIENTED_EDGE('',*,*,#4384,.F.);
#6205=ORIENTED_EDGE('',*,*,#4385,.F.);
#6206=ORIENTED_EDGE('',*,*,#4386,.F.);
#6207=ORIENTED_EDGE('',*,*,#4383,.F.);
#6208=ORIENTED_EDGE('',*,*,#4125,.F.);
#6209=ORIENTED_EDGE('',*,*,#4387,.F.);
#6210=ORIENTED_EDGE('',*,*,#4388,.T.);
#6211=ORIENTED_EDGE('',*,*,#4363,.T.);
#6212=ORIENTED_EDGE('',*,*,#4389,.F.);
#6213=ORIENTED_EDGE('',*,*,#4390,.F.);
#6214=ORIENTED_EDGE('',*,*,#4391,.T.);
#6215=ORIENTED_EDGE('',*,*,#4364,.T.);
#6216=ORIENTED_EDGE('',*,*,#4388,.F.);
#6217=ORIENTED_EDGE('',*,*,#4392,.F.);
#6218=ORIENTED_EDGE('',*,*,#4393,.T.);
#6219=ORIENTED_EDGE('',*,*,#4365,.T.);
#6220=ORIENTED_EDGE('',*,*,#4391,.F.);
#6221=ORIENTED_EDGE('',*,*,#4394,.F.);
#6222=ORIENTED_EDGE('',*,*,#4395,.T.);
#6223=ORIENTED_EDGE('',*,*,#4366,.T.);
#6224=ORIENTED_EDGE('',*,*,#4393,.F.);
#6225=ORIENTED_EDGE('',*,*,#4396,.F.);
#6226=ORIENTED_EDGE('',*,*,#4397,.T.);
#6227=ORIENTED_EDGE('',*,*,#4361,.T.);
#6228=ORIENTED_EDGE('',*,*,#4395,.F.);
#6229=ORIENTED_EDGE('',*,*,#4398,.F.);
#6230=ORIENTED_EDGE('',*,*,#4389,.T.);
#6231=ORIENTED_EDGE('',*,*,#4362,.T.);
#6232=ORIENTED_EDGE('',*,*,#4397,.F.);
#6233=ORIENTED_EDGE('',*,*,#4399,.T.);
#6234=ORIENTED_EDGE('',*,*,#4400,.F.);
#6235=ORIENTED_EDGE('',*,*,#4086,.T.);
#6236=ORIENTED_EDGE('',*,*,#4118,.F.);
#6237=ORIENTED_EDGE('',*,*,#4401,.T.);
#6238=ORIENTED_EDGE('',*,*,#4402,.T.);
#6239=ORIENTED_EDGE('',*,*,#4087,.T.);
#6240=ORIENTED_EDGE('',*,*,#4400,.T.);
#6241=ORIENTED_EDGE('',*,*,#4403,.T.);
#6242=ORIENTED_EDGE('',*,*,#4120,.F.);
#6243=ORIENTED_EDGE('',*,*,#4088,.T.);
#6244=ORIENTED_EDGE('',*,*,#4402,.F.);
#6245=ORIENTED_EDGE('',*,*,#4404,.F.);
#6246=ORIENTED_EDGE('',*,*,#4405,.F.);
#6247=ORIENTED_EDGE('',*,*,#4406,.F.);
#6248=ORIENTED_EDGE('',*,*,#4123,.F.);
#6249=ORIENTED_EDGE('',*,*,#4385,.T.);
#6250=ORIENTED_EDGE('',*,*,#4124,.F.);
#6251=ORIENTED_EDGE('',*,*,#4406,.T.);
#6252=ORIENTED_EDGE('',*,*,#4407,.F.);
#6253=ORIENTED_EDGE('',*,*,#4380,.T.);
#6254=ORIENTED_EDGE('',*,*,#4369,.T.);
#6255=ORIENTED_EDGE('',*,*,#4384,.T.);
#6256=ORIENTED_EDGE('',*,*,#4386,.T.);
#6257=ORIENTED_EDGE('',*,*,#4408,.T.);
#6258=ORIENTED_EDGE('',*,*,#4378,.T.);
#6259=ORIENTED_EDGE('',*,*,#4376,.F.);
#6260=ORIENTED_EDGE('',*,*,#4409,.F.);
#6261=ORIENTED_EDGE('',*,*,#4410,.F.);
#6262=ORIENTED_EDGE('',*,*,#4140,.F.);
#6263=ORIENTED_EDGE('',*,*,#4411,.T.);
#6264=ORIENTED_EDGE('',*,*,#4141,.F.);
#6265=ORIENTED_EDGE('',*,*,#4410,.T.);
#6266=ORIENTED_EDGE('',*,*,#4412,.F.);
#6267=ORIENTED_EDGE('',*,*,#4413,.T.);
#6268=ORIENTED_EDGE('',*,*,#4374,.F.);
#6269=ORIENTED_EDGE('',*,*,#4414,.F.);
#6270=ORIENTED_EDGE('',*,*,#4415,.T.);
#6271=ORIENTED_EDGE('',*,*,#4416,.F.);
#6272=ORIENTED_EDGE('',*,*,#4417,.T.);
#6273=ORIENTED_EDGE('',*,*,#4418,.F.);
#6274=ORIENTED_EDGE('',*,*,#4419,.T.);
#6275=ORIENTED_EDGE('',*,*,#4420,.F.);
#6276=ORIENTED_EDGE('',*,*,#4421,.T.);
#6277=ORIENTED_EDGE('',*,*,#4422,.F.);
#6278=ORIENTED_EDGE('',*,*,#4423,.T.);
#6279=ORIENTED_EDGE('',*,*,#4424,.F.);
#6280=ORIENTED_EDGE('',*,*,#4425,.T.);
#6281=ORIENTED_EDGE('',*,*,#4426,.F.);
#6282=ORIENTED_EDGE('',*,*,#4427,.T.);
#6283=ORIENTED_EDGE('',*,*,#4428,.F.);
#6284=ORIENTED_EDGE('',*,*,#4429,.T.);
#6285=ORIENTED_EDGE('',*,*,#4430,.F.);
#6286=ORIENTED_EDGE('',*,*,#4431,.T.);
#6287=ORIENTED_EDGE('',*,*,#4432,.F.);
#6288=ORIENTED_EDGE('',*,*,#4433,.T.);
#6289=ORIENTED_EDGE('',*,*,#4434,.T.);
#6290=ORIENTED_EDGE('',*,*,#4435,.T.);
#6291=ORIENTED_EDGE('',*,*,#4143,.F.);
#6292=ORIENTED_EDGE('',*,*,#4436,.T.);
#6293=ORIENTED_EDGE('',*,*,#4437,.F.);
#6294=ORIENTED_EDGE('',*,*,#4438,.T.);
#6295=ORIENTED_EDGE('',*,*,#4439,.F.);
#6296=ORIENTED_EDGE('',*,*,#4440,.T.);
#6297=ORIENTED_EDGE('',*,*,#4441,.F.);
#6298=ORIENTED_EDGE('',*,*,#4442,.T.);
#6299=ORIENTED_EDGE('',*,*,#4443,.F.);
#6300=ORIENTED_EDGE('',*,*,#4444,.T.);
#6301=ORIENTED_EDGE('',*,*,#4445,.F.);
#6302=ORIENTED_EDGE('',*,*,#4446,.F.);
#6303=ORIENTED_EDGE('',*,*,#4114,.F.);
#6304=ORIENTED_EDGE('',*,*,#4113,.T.);
#6305=ORIENTED_EDGE('',*,*,#4447,.F.);
#6306=ORIENTED_EDGE('',*,*,#4115,.F.);
#6307=ORIENTED_EDGE('',*,*,#4446,.T.);
#6308=ORIENTED_EDGE('',*,*,#4448,.F.);
#6309=ORIENTED_EDGE('',*,*,#4449,.F.);
#6310=ORIENTED_EDGE('',*,*,#4116,.F.);
#6311=ORIENTED_EDGE('',*,*,#4447,.T.);
#6312=ORIENTED_EDGE('',*,*,#4450,.F.);
#6313=ORIENTED_EDGE('',*,*,#4451,.T.);
#6314=ORIENTED_EDGE('',*,*,#4452,.T.);
#6315=ORIENTED_EDGE('',*,*,#4387,.T.);
#6316=ORIENTED_EDGE('',*,*,#4453,.F.);
#6317=ORIENTED_EDGE('',*,*,#4454,.T.);
#6318=ORIENTED_EDGE('',*,*,#4455,.T.);
#6319=ORIENTED_EDGE('',*,*,#4390,.T.);
#6320=ORIENTED_EDGE('',*,*,#4452,.F.);
#6321=ORIENTED_EDGE('',*,*,#4392,.T.);
#6322=ORIENTED_EDGE('',*,*,#4455,.F.);
#6323=ORIENTED_EDGE('',*,*,#4456,.T.);
#6324=ORIENTED_EDGE('',*,*,#4457,.T.);
#6325=ORIENTED_EDGE('',*,*,#4394,.T.);
#6326=ORIENTED_EDGE('',*,*,#4457,.F.);
#6327=ORIENTED_EDGE('',*,*,#4458,.T.);
#6328=ORIENTED_EDGE('',*,*,#4459,.T.);
#6329=ORIENTED_EDGE('',*,*,#4460,.T.);
#6330=ORIENTED_EDGE('',*,*,#4461,.F.);
#6331=ORIENTED_EDGE('',*,*,#4396,.T.);
#6332=ORIENTED_EDGE('',*,*,#4459,.F.);
#6333=ORIENTED_EDGE('',*,*,#4462,.T.);
#6334=ORIENTED_EDGE('',*,*,#4453,.T.);
#6335=ORIENTED_EDGE('',*,*,#4398,.T.);
#6336=ORIENTED_EDGE('',*,*,#4461,.T.);
#6337=ORIENTED_EDGE('',*,*,#4463,.F.);
#6338=ORIENTED_EDGE('',*,*,#4117,.F.);
#6339=ORIENTED_EDGE('',*,*,#4449,.T.);
#6340=ORIENTED_EDGE('',*,*,#4464,.F.);
#6341=ORIENTED_EDGE('',*,*,#4463,.T.);
#6342=ORIENTED_EDGE('',*,*,#4465,.F.);
#6343=ORIENTED_EDGE('',*,*,#4466,.F.);
#6344=ORIENTED_EDGE('',*,*,#4399,.F.);
#6345=ORIENTED_EDGE('',*,*,#4467,.F.);
#6346=ORIENTED_EDGE('',*,*,#4401,.F.);
#6347=ORIENTED_EDGE('',*,*,#4466,.T.);
#6348=ORIENTED_EDGE('',*,*,#4468,.F.);
#6349=ORIENTED_EDGE('',*,*,#4467,.T.);
#6350=ORIENTED_EDGE('',*,*,#4469,.F.);
#6351=ORIENTED_EDGE('',*,*,#4470,.F.);
#6352=ORIENTED_EDGE('',*,*,#4403,.F.);
#6353=ORIENTED_EDGE('',*,*,#4471,.F.);
#6354=ORIENTED_EDGE('',*,*,#4121,.F.);
#6355=ORIENTED_EDGE('',*,*,#4470,.T.);
#6356=ORIENTED_EDGE('',*,*,#4472,.F.);
#6357=ORIENTED_EDGE('',*,*,#4404,.T.);
#6358=ORIENTED_EDGE('',*,*,#4122,.F.);
#6359=ORIENTED_EDGE('',*,*,#4471,.T.);
#6360=ORIENTED_EDGE('',*,*,#4473,.F.);
#6361=ORIENTED_EDGE('',*,*,#4409,.T.);
#6362=ORIENTED_EDGE('',*,*,#4408,.F.);
#6363=ORIENTED_EDGE('',*,*,#4407,.T.);
#6364=ORIENTED_EDGE('',*,*,#4405,.T.);
#6365=ORIENTED_EDGE('',*,*,#4474,.F.);
#6366=ORIENTED_EDGE('',*,*,#4412,.T.);
#6367=ORIENTED_EDGE('',*,*,#4411,.F.);
#6368=ORIENTED_EDGE('',*,*,#4475,.F.);
#6369=ORIENTED_EDGE('',*,*,#4476,.T.);
#6370=ORIENTED_EDGE('',*,*,#4142,.F.);
#6371=ORIENTED_EDGE('',*,*,#4477,.F.);
#6372=ORIENTED_EDGE('',*,*,#4436,.F.);
#6373=ORIENTED_EDGE('',*,*,#4476,.F.);
#6374=ORIENTED_EDGE('',*,*,#4478,.F.);
#6375=ORIENTED_EDGE('',*,*,#4479,.F.);
#6376=ORIENTED_EDGE('',*,*,#4480,.T.);
#6377=ORIENTED_EDGE('',*,*,#4481,.F.);
#6378=ORIENTED_EDGE('',*,*,#4482,.F.);
#6379=ORIENTED_EDGE('',*,*,#4483,.T.);
#6380=ORIENTED_EDGE('',*,*,#4484,.F.);
#6381=ORIENTED_EDGE('',*,*,#4477,.T.);
#6382=ORIENTED_EDGE('',*,*,#4485,.F.);
#6383=ORIENTED_EDGE('',*,*,#4481,.T.);
#6384=ORIENTED_EDGE('',*,*,#4486,.T.);
#6385=ORIENTED_EDGE('',*,*,#4487,.T.);
#6386=ORIENTED_EDGE('',*,*,#4434,.F.);
#6387=ORIENTED_EDGE('',*,*,#4484,.T.);
#6388=ORIENTED_EDGE('',*,*,#4413,.F.);
#6389=ORIENTED_EDGE('',*,*,#4488,.T.);
#6390=ORIENTED_EDGE('',*,*,#4489,.T.);
#6391=ORIENTED_EDGE('',*,*,#4488,.F.);
#6392=ORIENTED_EDGE('',*,*,#4490,.F.);
#6393=ORIENTED_EDGE('',*,*,#4419,.F.);
#6394=ORIENTED_EDGE('',*,*,#4491,.T.);
#6395=ORIENTED_EDGE('',*,*,#4492,.F.);
#6396=ORIENTED_EDGE('',*,*,#4490,.T.);
#6397=ORIENTED_EDGE('',*,*,#4493,.F.);
#6398=ORIENTED_EDGE('',*,*,#4494,.F.);
#6399=ORIENTED_EDGE('',*,*,#4420,.T.);
#6400=ORIENTED_EDGE('',*,*,#4495,.F.);
#6401=ORIENTED_EDGE('',*,*,#4421,.F.);
#6402=ORIENTED_EDGE('',*,*,#4494,.T.);
#6403=ORIENTED_EDGE('',*,*,#4496,.F.);
#6404=ORIENTED_EDGE('',*,*,#4495,.T.);
#6405=ORIENTED_EDGE('',*,*,#4497,.F.);
#6406=ORIENTED_EDGE('',*,*,#4498,.T.);
#6407=ORIENTED_EDGE('',*,*,#4414,.T.);
#6408=ORIENTED_EDGE('',*,*,#4499,.F.);
#6409=ORIENTED_EDGE('',*,*,#4415,.F.);
#6410=ORIENTED_EDGE('',*,*,#4498,.F.);
#6411=ORIENTED_EDGE('',*,*,#4500,.F.);
#6412=ORIENTED_EDGE('',*,*,#4501,.F.);
#6413=ORIENTED_EDGE('',*,*,#4416,.T.);
#6414=ORIENTED_EDGE('',*,*,#4499,.T.);
#6415=ORIENTED_EDGE('',*,*,#4502,.F.);
#6416=ORIENTED_EDGE('',*,*,#4503,.F.);
#6417=ORIENTED_EDGE('',*,*,#4417,.F.);
#6418=ORIENTED_EDGE('',*,*,#4501,.T.);
#6419=ORIENTED_EDGE('',*,*,#4504,.F.);
#6420=ORIENTED_EDGE('',*,*,#4505,.F.);
#6421=ORIENTED_EDGE('',*,*,#4491,.F.);
#6422=ORIENTED_EDGE('',*,*,#4418,.T.);
#6423=ORIENTED_EDGE('',*,*,#4503,.T.);
#6424=ORIENTED_EDGE('',*,*,#4506,.T.);
#6425=ORIENTED_EDGE('',*,*,#4507,.F.);
#6426=ORIENTED_EDGE('',*,*,#4508,.F.);
#6427=ORIENTED_EDGE('',*,*,#4424,.T.);
#6428=ORIENTED_EDGE('',*,*,#4509,.F.);
#6429=ORIENTED_EDGE('',*,*,#4425,.F.);
#6430=ORIENTED_EDGE('',*,*,#4508,.T.);
#6431=ORIENTED_EDGE('',*,*,#4510,.F.);
#6432=ORIENTED_EDGE('',*,*,#4509,.T.);
#6433=ORIENTED_EDGE('',*,*,#4511,.F.);
#6434=ORIENTED_EDGE('',*,*,#4512,.F.);
#6435=ORIENTED_EDGE('',*,*,#4426,.T.);
#6436=ORIENTED_EDGE('',*,*,#4513,.F.);
#6437=ORIENTED_EDGE('',*,*,#4427,.F.);
#6438=ORIENTED_EDGE('',*,*,#4512,.T.);
#6439=ORIENTED_EDGE('',*,*,#4514,.F.);
#6440=ORIENTED_EDGE('',*,*,#4513,.T.);
#6441=ORIENTED_EDGE('',*,*,#4515,.F.);
#6442=ORIENTED_EDGE('',*,*,#4516,.T.);
#6443=ORIENTED_EDGE('',*,*,#4422,.T.);
#6444=ORIENTED_EDGE('',*,*,#4506,.F.);
#6445=ORIENTED_EDGE('',*,*,#4423,.F.);
#6446=ORIENTED_EDGE('',*,*,#4516,.F.);
#6447=ORIENTED_EDGE('',*,*,#4517,.F.);
#6448=ORIENTED_EDGE('',*,*,#4518,.F.);
#6449=ORIENTED_EDGE('',*,*,#4429,.F.);
#6450=ORIENTED_EDGE('',*,*,#4519,.T.);
#6451=ORIENTED_EDGE('',*,*,#4520,.F.);
#6452=ORIENTED_EDGE('',*,*,#4518,.T.);
#6453=ORIENTED_EDGE('',*,*,#4521,.F.);
#6454=ORIENTED_EDGE('',*,*,#4522,.F.);
#6455=ORIENTED_EDGE('',*,*,#4430,.T.);
#6456=ORIENTED_EDGE('',*,*,#4523,.F.);
#6457=ORIENTED_EDGE('',*,*,#4431,.F.);
#6458=ORIENTED_EDGE('',*,*,#4522,.T.);
#6459=ORIENTED_EDGE('',*,*,#4524,.F.);
#6460=ORIENTED_EDGE('',*,*,#4525,.T.);
#6461=ORIENTED_EDGE('',*,*,#4432,.T.);
#6462=ORIENTED_EDGE('',*,*,#4523,.T.);
#6463=ORIENTED_EDGE('',*,*,#4526,.F.);
#6464=ORIENTED_EDGE('',*,*,#4527,.F.);
#6465=ORIENTED_EDGE('',*,*,#4433,.F.);
#6466=ORIENTED_EDGE('',*,*,#4525,.F.);
#6467=ORIENTED_EDGE('',*,*,#4528,.F.);
#6468=ORIENTED_EDGE('',*,*,#4529,.F.);
#6469=ORIENTED_EDGE('',*,*,#4519,.F.);
#6470=ORIENTED_EDGE('',*,*,#4428,.T.);
#6471=ORIENTED_EDGE('',*,*,#4527,.T.);
#6472=ORIENTED_EDGE('',*,*,#4530,.T.);
#6473=ORIENTED_EDGE('',*,*,#4531,.T.);
#6474=ORIENTED_EDGE('',*,*,#4532,.F.);
#6475=ORIENTED_EDGE('',*,*,#4533,.T.);
#6476=ORIENTED_EDGE('',*,*,#4487,.F.);
#6477=ORIENTED_EDGE('',*,*,#4533,.F.);
#6478=ORIENTED_EDGE('',*,*,#4534,.F.);
#6479=ORIENTED_EDGE('',*,*,#4535,.T.);
#6480=ORIENTED_EDGE('',*,*,#4435,.F.);
#6481=ORIENTED_EDGE('',*,*,#4536,.F.);
#6482=ORIENTED_EDGE('',*,*,#4144,.F.);
#6483=ORIENTED_EDGE('',*,*,#4535,.F.);
#6484=ORIENTED_EDGE('',*,*,#4537,.F.);
#6485=ORIENTED_EDGE('',*,*,#4531,.F.);
#6486=ORIENTED_EDGE('',*,*,#4538,.F.);
#6487=ORIENTED_EDGE('',*,*,#4539,.F.);
#6488=ORIENTED_EDGE('',*,*,#4540,.F.);
#6489=ORIENTED_EDGE('',*,*,#4536,.T.);
#6490=ORIENTED_EDGE('',*,*,#4541,.F.);
#6491=ORIENTED_EDGE('',*,*,#4542,.T.);
#6492=ORIENTED_EDGE('',*,*,#4145,.F.);
#6493=ORIENTED_EDGE('',*,*,#4543,.F.);
#6494=ORIENTED_EDGE('',*,*,#4146,.F.);
#6495=ORIENTED_EDGE('',*,*,#4542,.F.);
#6496=ORIENTED_EDGE('',*,*,#4544,.F.);
#6497=ORIENTED_EDGE('',*,*,#4543,.T.);
#6498=ORIENTED_EDGE('',*,*,#4263,.F.);
#6499=ORIENTED_EDGE('',*,*,#4274,.T.);
#6500=ORIENTED_EDGE('',*,*,#4147,.F.);
#6501=ORIENTED_EDGE('',*,*,#4545,.F.);
#6502=ORIENTED_EDGE('',*,*,#4444,.F.);
#6503=ORIENTED_EDGE('',*,*,#4546,.F.);
#6504=ORIENTED_EDGE('',*,*,#4270,.F.);
#6505=ORIENTED_EDGE('',*,*,#4269,.F.);
#6506=ORIENTED_EDGE('',*,*,#4547,.F.);
#6507=ORIENTED_EDGE('',*,*,#4437,.T.);
#6508=ORIENTED_EDGE('',*,*,#4545,.T.);
#6509=ORIENTED_EDGE('',*,*,#4548,.F.);
#6510=ORIENTED_EDGE('',*,*,#4438,.F.);
#6511=ORIENTED_EDGE('',*,*,#4547,.T.);
#6512=ORIENTED_EDGE('',*,*,#4268,.F.);
#6513=ORIENTED_EDGE('',*,*,#4548,.T.);
#6514=ORIENTED_EDGE('',*,*,#4267,.F.);
#6515=ORIENTED_EDGE('',*,*,#4549,.F.);
#6516=ORIENTED_EDGE('',*,*,#4439,.T.);
#6517=ORIENTED_EDGE('',*,*,#4550,.F.);
#6518=ORIENTED_EDGE('',*,*,#4440,.F.);
#6519=ORIENTED_EDGE('',*,*,#4549,.T.);
#6520=ORIENTED_EDGE('',*,*,#4266,.F.);
#6521=ORIENTED_EDGE('',*,*,#4550,.T.);
#6522=ORIENTED_EDGE('',*,*,#4265,.F.);
#6523=ORIENTED_EDGE('',*,*,#4551,.F.);
#6524=ORIENTED_EDGE('',*,*,#4441,.T.);
#6525=ORIENTED_EDGE('',*,*,#4552,.F.);
#6526=ORIENTED_EDGE('',*,*,#4442,.F.);
#6527=ORIENTED_EDGE('',*,*,#4551,.T.);
#6528=ORIENTED_EDGE('',*,*,#4272,.F.);
#6529=ORIENTED_EDGE('',*,*,#4443,.T.);
#6530=ORIENTED_EDGE('',*,*,#4552,.T.);
#6531=ORIENTED_EDGE('',*,*,#4271,.F.);
#6532=ORIENTED_EDGE('',*,*,#4546,.T.);
#6533=ORIENTED_EDGE('',*,*,#4553,.T.);
#6534=ORIENTED_EDGE('',*,*,#4554,.F.);
#6535=ORIENTED_EDGE('',*,*,#4445,.T.);
#6536=ORIENTED_EDGE('',*,*,#4111,.F.);
#6537=ORIENTED_EDGE('',*,*,#4555,.T.);
#6538=ORIENTED_EDGE('',*,*,#4556,.T.);
#6539=ORIENTED_EDGE('',*,*,#4448,.T.);
#6540=ORIENTED_EDGE('',*,*,#4554,.T.);
#6541=ORIENTED_EDGE('',*,*,#4557,.T.);
#6542=ORIENTED_EDGE('',*,*,#4558,.F.);
#6543=ORIENTED_EDGE('',*,*,#4450,.T.);
#6544=ORIENTED_EDGE('',*,*,#4556,.F.);
#6545=ORIENTED_EDGE('',*,*,#4482,.T.);
#6546=ORIENTED_EDGE('',*,*,#4485,.T.);
#6547=ORIENTED_EDGE('',*,*,#4478,.T.);
#6548=ORIENTED_EDGE('',*,*,#4475,.T.);
#6549=ORIENTED_EDGE('',*,*,#4474,.T.);
#6550=ORIENTED_EDGE('',*,*,#4473,.T.);
#6551=ORIENTED_EDGE('',*,*,#4472,.T.);
#6552=ORIENTED_EDGE('',*,*,#4469,.T.);
#6553=ORIENTED_EDGE('',*,*,#4468,.T.);
#6554=ORIENTED_EDGE('',*,*,#4465,.T.);
#6555=ORIENTED_EDGE('',*,*,#4464,.T.);
#6556=ORIENTED_EDGE('',*,*,#4558,.T.);
#6557=ORIENTED_EDGE('',*,*,#4559,.T.);
#6558=ORIENTED_EDGE('',*,*,#4560,.T.);
#6559=ORIENTED_EDGE('',*,*,#4462,.F.);
#6560=ORIENTED_EDGE('',*,*,#4460,.F.);
#6561=ORIENTED_EDGE('',*,*,#4458,.F.);
#6562=ORIENTED_EDGE('',*,*,#4456,.F.);
#6563=ORIENTED_EDGE('',*,*,#4454,.F.);
#6564=ORIENTED_EDGE('',*,*,#4451,.F.);
#6565=ORIENTED_EDGE('',*,*,#4479,.T.);
#6566=ORIENTED_EDGE('',*,*,#4560,.F.);
#6567=ORIENTED_EDGE('',*,*,#4561,.F.);
#6568=ORIENTED_EDGE('',*,*,#4562,.F.);
#6569=ORIENTED_EDGE('',*,*,#4563,.T.);
#6570=ORIENTED_EDGE('',*,*,#4486,.F.);
#6571=ORIENTED_EDGE('',*,*,#4483,.F.);
#6572=ORIENTED_EDGE('',*,*,#4480,.F.);
#6573=ORIENTED_EDGE('',*,*,#4563,.F.);
#6574=ORIENTED_EDGE('',*,*,#4564,.F.);
#6575=ORIENTED_EDGE('',*,*,#4565,.F.);
#6576=ORIENTED_EDGE('',*,*,#4538,.T.);
#6577=ORIENTED_EDGE('',*,*,#4530,.F.);
#6578=ORIENTED_EDGE('',*,*,#4539,.T.);
#6579=ORIENTED_EDGE('',*,*,#4565,.T.);
#6580=ORIENTED_EDGE('',*,*,#4566,.F.);
#6581=ORIENTED_EDGE('',*,*,#4567,.F.);
#6582=ORIENTED_EDGE('',*,*,#4568,.F.);
#6583=ORIENTED_EDGE('',*,*,#4540,.T.);
#6584=ORIENTED_EDGE('',*,*,#4568,.T.);
#6585=ORIENTED_EDGE('',*,*,#4569,.T.);
#6586=ORIENTED_EDGE('',*,*,#4570,.T.);
#6587=ORIENTED_EDGE('',*,*,#4537,.T.);
#6588=ORIENTED_EDGE('',*,*,#4534,.T.);
#6589=ORIENTED_EDGE('',*,*,#4532,.T.);
#6590=ORIENTED_EDGE('',*,*,#4529,.T.);
#6591=ORIENTED_EDGE('',*,*,#4528,.T.);
#6592=ORIENTED_EDGE('',*,*,#4526,.T.);
#6593=ORIENTED_EDGE('',*,*,#4524,.T.);
#6594=ORIENTED_EDGE('',*,*,#4521,.T.);
#6595=ORIENTED_EDGE('',*,*,#4520,.T.);
#6596=ORIENTED_EDGE('',*,*,#4517,.T.);
#6597=ORIENTED_EDGE('',*,*,#4515,.T.);
#6598=ORIENTED_EDGE('',*,*,#4514,.T.);
#6599=ORIENTED_EDGE('',*,*,#4511,.T.);
#6600=ORIENTED_EDGE('',*,*,#4510,.T.);
#6601=ORIENTED_EDGE('',*,*,#4507,.T.);
#6602=ORIENTED_EDGE('',*,*,#4505,.T.);
#6603=ORIENTED_EDGE('',*,*,#4504,.T.);
#6604=ORIENTED_EDGE('',*,*,#4502,.T.);
#6605=ORIENTED_EDGE('',*,*,#4500,.T.);
#6606=ORIENTED_EDGE('',*,*,#4497,.T.);
#6607=ORIENTED_EDGE('',*,*,#4496,.T.);
#6608=ORIENTED_EDGE('',*,*,#4493,.T.);
#6609=ORIENTED_EDGE('',*,*,#4492,.T.);
#6610=ORIENTED_EDGE('',*,*,#4489,.F.);
#6611=ORIENTED_EDGE('',*,*,#4571,.T.);
#6612=ORIENTED_EDGE('',*,*,#4264,.F.);
#6613=ORIENTED_EDGE('',*,*,#4544,.T.);
#6614=ORIENTED_EDGE('',*,*,#4541,.T.);
#6615=ORIENTED_EDGE('',*,*,#4570,.F.);
#6616=ORIENTED_EDGE('',*,*,#4067,.F.);
#6617=ORIENTED_EDGE('',*,*,#4572,.F.);
#6618=ORIENTED_EDGE('',*,*,#4553,.F.);
#6619=ORIENTED_EDGE('',*,*,#4109,.T.);
#6620=ORIENTED_EDGE('',*,*,#4572,.T.);
#6621=ORIENTED_EDGE('',*,*,#4066,.F.);
#6622=ORIENTED_EDGE('',*,*,#4573,.F.);
#6623=ORIENTED_EDGE('',*,*,#4555,.F.);
#6624=ORIENTED_EDGE('',*,*,#4573,.T.);
#6625=ORIENTED_EDGE('',*,*,#4065,.F.);
#6626=ORIENTED_EDGE('',*,*,#4574,.F.);
#6627=ORIENTED_EDGE('',*,*,#4557,.F.);
#6628=ORIENTED_EDGE('',*,*,#4064,.F.);
#6629=ORIENTED_EDGE('',*,*,#4561,.T.);
#6630=ORIENTED_EDGE('',*,*,#4559,.F.);
#6631=ORIENTED_EDGE('',*,*,#4574,.T.);
#6632=ORIENTED_EDGE('',*,*,#4564,.T.);
#6633=ORIENTED_EDGE('',*,*,#4562,.T.);
#6634=ORIENTED_EDGE('',*,*,#4063,.F.);
#6635=ORIENTED_EDGE('',*,*,#4566,.T.);
#6636=ORIENTED_EDGE('',*,*,#4569,.F.);
#6637=ORIENTED_EDGE('',*,*,#4567,.T.);
#6638=ORIENTED_EDGE('',*,*,#4062,.F.);
#6639=ORIENTED_EDGE('',*,*,#4575,.F.);
#6640=ORIENTED_EDGE('',*,*,#4575,.T.);
#6641=ORIENTED_EDGE('',*,*,#4061,.F.);
#6642=ORIENTED_EDGE('',*,*,#4261,.F.);
#6643=ORIENTED_EDGE('',*,*,#4571,.F.);
#6644=ORIENTED_EDGE('',*,*,#4176,.T.);
#6645=ORIENTED_EDGE('',*,*,#4170,.F.);
#6646=ORIENTED_EDGE('',*,*,#4213,.F.);
#6647=ORIENTED_EDGE('',*,*,#4281,.T.);
#6648=ORIENTED_EDGE('',*,*,#4576,.F.);
#6649=ORIENTED_EDGE('',*,*,#4577,.F.);
#6650=ORIENTED_EDGE('',*,*,#4193,.F.);
#6651=ORIENTED_EDGE('',*,*,#4149,.F.);
#6652=ORIENTED_EDGE('',*,*,#4273,.T.);
#6653=ORIENTED_EDGE('',*,*,#4187,.T.);
#6654=ORIENTED_EDGE('',*,*,#4578,.F.);
#6655=ORIENTED_EDGE('',*,*,#4579,.F.);
#6656=ORIENTED_EDGE('',*,*,#4580,.F.);
#6657=ORIENTED_EDGE('',*,*,#4581,.F.);
#6658=ORIENTED_EDGE('',*,*,#4576,.T.);
#6659=ORIENTED_EDGE('',*,*,#4280,.T.);
#6660=ORIENTED_EDGE('',*,*,#4284,.T.);
#6661=ORIENTED_EDGE('',*,*,#4286,.T.);
#6662=ORIENTED_EDGE('',*,*,#4288,.T.);
#6663=ORIENTED_EDGE('',*,*,#4582,.T.);
#6664=ORIENTED_EDGE('',*,*,#4287,.T.);
#6665=ORIENTED_EDGE('',*,*,#4167,.T.);
#6666=ORIENTED_EDGE('',*,*,#4583,.F.);
#6667=ORIENTED_EDGE('',*,*,#4578,.T.);
#6668=ORIENTED_EDGE('',*,*,#4584,.F.);
#6669=ORIENTED_EDGE('',*,*,#4579,.T.);
#6670=ORIENTED_EDGE('',*,*,#4583,.T.);
#6671=ORIENTED_EDGE('',*,*,#4152,.T.);
#6672=ORIENTED_EDGE('',*,*,#4585,.F.);
#6673=ORIENTED_EDGE('',*,*,#4580,.T.);
#6674=ORIENTED_EDGE('',*,*,#4584,.T.);
#6675=ORIENTED_EDGE('',*,*,#4177,.T.);
#6676=ORIENTED_EDGE('',*,*,#4577,.T.);
#6677=ORIENTED_EDGE('',*,*,#4581,.T.);
#6678=ORIENTED_EDGE('',*,*,#4585,.T.);
#6679=ORIENTED_EDGE('',*,*,#4174,.T.);
#6680=ORIENTED_EDGE('',*,*,#4586,.F.);
#6681=ORIENTED_EDGE('',*,*,#4587,.F.);
#6682=ORIENTED_EDGE('',*,*,#4582,.F.);
#6683=ORIENTED_EDGE('',*,*,#4588,.T.);
#6684=ORIENTED_EDGE('',*,*,#4586,.T.);
#6685=ORIENTED_EDGE('',*,*,#4588,.F.);
#6686=ORIENTED_EDGE('',*,*,#4589,.F.);
#6687=ORIENTED_EDGE('',*,*,#4590,.T.);
#6688=ORIENTED_EDGE('',*,*,#4587,.T.);
#6689=ORIENTED_EDGE('',*,*,#4590,.F.);
#6690=ORIENTED_EDGE('',*,*,#4357,.F.);
#6691=ORIENTED_EDGE('',*,*,#4589,.T.);
#6692=ORIENTED_EDGE('',*,*,#4591,.F.);
#6693=ORIENTED_EDGE('',*,*,#4592,.T.);
#6694=ORIENTED_EDGE('',*,*,#4593,.T.);
#6695=ORIENTED_EDGE('',*,*,#4594,.T.);
#6696=ORIENTED_EDGE('',*,*,#4595,.T.);
#6697=ORIENTED_EDGE('',*,*,#4591,.T.);
#6698=ORIENTED_EDGE('',*,*,#4596,.F.);
#6699=ORIENTED_EDGE('',*,*,#4594,.F.);
#6700=ORIENTED_EDGE('',*,*,#4597,.F.);
#6701=ORIENTED_EDGE('',*,*,#4595,.F.);
#6702=ORIENTED_EDGE('',*,*,#4596,.T.);
#6703=ORIENTED_EDGE('',*,*,#4593,.F.);
#6704=ORIENTED_EDGE('',*,*,#4592,.F.);
#6705=ORIENTED_EDGE('',*,*,#4597,.T.);
#6706=ORIENTED_EDGE('',*,*,#4598,.F.);
#6707=ORIENTED_EDGE('',*,*,#4598,.T.);
#6708=ORIENTED_EDGE('',*,*,#4599,.T.);
#6709=ORIENTED_EDGE('',*,*,#4599,.F.);
#6710=PLANE('',#7365);
#6711=PLANE('',#7368);
#6712=PLANE('',#7371);
#6713=PLANE('',#7372);
#6714=PLANE('',#7373);
#6715=PLANE('',#7377);
#6716=PLANE('',#7384);
#6717=PLANE('',#7392);
#6718=PLANE('',#7399);
#6719=PLANE('',#7407);
#6720=PLANE('',#7428);
#6721=PLANE('',#7429);
#6722=PLANE('',#7434);
#6723=PLANE('',#7435);
#6724=PLANE('',#7436);
#6725=PLANE('',#7437);
#6726=PLANE('',#7440);
#6727=PLANE('',#7449);
#6728=PLANE('',#7451);
#6729=PLANE('',#7455);
#6730=PLANE('',#7457);
#6731=PLANE('',#7459);
#6732=PLANE('',#7461);
#6733=PLANE('',#7465);
#6734=PLANE('',#7467);
#6735=PLANE('',#7469);
#6736=PLANE('',#7471);
#6737=PLANE('',#7477);
#6738=PLANE('',#7481);
#6739=PLANE('',#7483);
#6740=PLANE('',#7485);
#6741=PLANE('',#7489);
#6742=PLANE('',#7491);
#6743=PLANE('',#7493);
#6744=PLANE('',#7495);
#6745=PLANE('',#7500);
#6746=PLANE('',#7502);
#6747=PLANE('',#7504);
#6748=PLANE('',#7506);
#6749=PLANE('',#7512);
#6750=PLANE('',#7517);
#6751=PLANE('',#7518);
#6752=PLANE('',#7519);
#6753=PLANE('',#7520);
#6754=PLANE('',#7521);
#6755=PLANE('',#7522);
#6756=PLANE('',#7523);
#6757=PLANE('',#7524);
#6758=PLANE('',#7531);
#6759=PLANE('',#7532);
#6760=PLANE('',#7534);
#6761=PLANE('',#7540);
#6762=PLANE('',#7544);
#6763=PLANE('',#7551);
#6764=PLANE('',#7559);
#6765=PLANE('',#7563);
#6766=PLANE('',#7564);
#6767=PLANE('',#7565);
#6768=PLANE('',#7566);
#6769=PLANE('',#7567);
#6770=PLANE('',#7568);
#6771=PLANE('',#7569);
#6772=PLANE('',#7576);
#6773=PLANE('',#7578);
#6774=PLANE('',#7584);
#6775=PLANE('',#7586);
#6776=PLANE('',#7593);
#6777=PLANE('',#7596);
#6778=PLANE('',#7599);
#6779=PLANE('',#7604);
#6780=PLANE('',#7607);
#6781=PLANE('',#7610);
#6782=PLANE('',#7611);
#6783=PLANE('',#7614);
#6784=PLANE('',#7617);
#6785=PLANE('',#7620);
#6786=PLANE('',#7624);
#6787=PLANE('',#7628);
#6788=PLANE('',#7630);
#6789=PLANE('',#7632);
#6790=PLANE('',#7634);
#6791=PLANE('',#7638);
#6792=PLANE('',#7641);
#6793=PLANE('',#7642);
#6794=PLANE('',#7646);
#6795=PLANE('',#7647);
#6796=PLANE('',#7652);
#6797=PLANE('',#7655);
#6798=PLANE('',#7656);
#6799=PLANE('',#7657);
#6800=PLANE('',#7660);
#6801=PLANE('',#7662);
#6802=PLANE('',#7663);
#6803=PLANE('',#7667);
#6804=PLANE('',#7672);
#6805=PLANE('',#7673);
#6806=PLANE('',#7679);
#6807=PLANE('',#7680);
#6808=PLANE('',#7698);
#6809=PLANE('',#7699);
#6810=PLANE('',#7700);
#6811=PLANE('',#7703);
#6812=PLANE('',#7704);
#6813=PLANE('',#7707);
#6814=PLANE('',#7708);
#6815=PLANE('',#7709);
#6816=PLANE('',#7710);
#6817=PLANE('',#7713);
#6818=PLANE('',#7714);
#6819=PLANE('',#7715);
#6820=PLANE('',#7716);
#6821=PLANE('',#7717);
#6822=PLANE('',#7720);
#6823=PLANE('',#7724);
#6824=PLANE('',#7728);
#6825=PLANE('',#7732);
#6826=PLANE('',#7738);
#6827=PLANE('',#7745);
#6828=PLANE('',#7753);
#6829=PLANE('',#7774);
#6830=PLANE('',#7775);
#6831=PLANE('',#7780);
#6832=PLANE('',#7781);
#6833=PLANE('',#7782);
#6834=PLANE('',#7783);
#6835=PLANE('',#7785);
#6836=PLANE('',#7794);
#6837=PLANE('',#7795);
#6838=PLANE('',#7799);
#6839=PLANE('',#7801);
#6840=PLANE('',#7803);
#6841=PLANE('',#7805);
#6842=PLANE('',#7809);
#6843=PLANE('',#7811);
#6844=PLANE('',#7813);
#6845=PLANE('',#7815);
#6846=PLANE('',#7821);
#6847=PLANE('',#7825);
#6848=PLANE('',#7827);
#6849=PLANE('',#7829);
#6850=PLANE('',#7833);
#6851=PLANE('',#7835);
#6852=PLANE('',#7837);
#6853=PLANE('',#7839);
#6854=PLANE('',#7844);
#6855=PLANE('',#7846);
#6856=PLANE('',#7848);
#6857=PLANE('',#7850);
#6858=PLANE('',#7856);
#6859=PLANE('',#7861);
#6860=PLANE('',#7862);
#6861=PLANE('',#7863);
#6862=PLANE('',#7864);
#6863=PLANE('',#7865);
#6864=PLANE('',#7866);
#6865=PLANE('',#7867);
#6866=PLANE('',#7868);
#6867=PLANE('',#7875);
#6868=PLANE('',#7876);
#6869=PLANE('',#7878);
#6870=PLANE('',#7884);
#6871=PLANE('',#7888);
#6872=PLANE('',#7895);
#6873=PLANE('',#7902);
#6874=PLANE('',#7905);
#6875=PLANE('',#7906);
#6876=PLANE('',#7907);
#6877=PLANE('',#7908);
#6878=PLANE('',#7909);
#6879=PLANE('',#7910);
#6880=PLANE('',#7911);
#6881=PLANE('',#7918);
#6882=PLANE('',#7920);
#6883=PLANE('',#7926);
#6884=PLANE('',#7928);
#6885=PLANE('',#7935);
#6886=PLANE('',#7938);
#6887=PLANE('',#7941);
#6888=PLANE('',#7946);
#6889=PLANE('',#7949);
#6890=PLANE('',#7952);
#6891=PLANE('',#7953);
#6892=PLANE('',#7956);
#6893=PLANE('',#7959);
#6894=PLANE('',#7962);
#6895=PLANE('',#7966);
#6896=PLANE('',#7970);
#6897=PLANE('',#7972);
#6898=PLANE('',#7974);
#6899=PLANE('',#7976);
#6900=PLANE('',#7980);
#6901=PLANE('',#7983);
#6902=PLANE('',#7984);
#6903=PLANE('',#7988);
#6904=PLANE('',#7989);
#6905=PLANE('',#7993);
#6906=PLANE('',#7995);
#6907=PLANE('',#7996);
#6908=PLANE('',#7997);
#6909=PLANE('',#7999);
#6910=PLANE('',#8000);
#6911=PLANE('',#8001);
#6912=PLANE('',#8005);
#6913=PLANE('',#8008);
#6914=PLANE('',#8009);
#6915=PLANE('',#8015);
#6916=PLANE('',#8016);
#6917=PLANE('',#8017);
#6918=PLANE('',#8018);
#6919=PLANE('',#8022);
#6920=ADVANCED_FACE('',(#1732),#6710,.T.);
#6921=ADVANCED_FACE('',(#1733),#1606,.F.);
#6922=ADVANCED_FACE('',(#1734),#6711,.T.);
#6923=ADVANCED_FACE('',(#1735),#1607,.F.);
#6924=ADVANCED_FACE('',(#1736),#6712,.F.);
#6925=ADVANCED_FACE('',(#1737),#6713,.F.);
#6926=ADVANCED_FACE('',(#1738),#6714,.T.);
#6927=ADVANCED_FACE('',(#1739),#1608,.F.);
#6928=ADVANCED_FACE('',(#1740),#6715,.F.);
#6929=ADVANCED_FACE('',(#1741),#1609,.F.);
#6930=ADVANCED_FACE('',(#1742),#224,.T.);
#6931=ADVANCED_FACE('',(#1743),#225,.F.);
#6932=ADVANCED_FACE('',(#1744),#1610,.F.);
#6933=ADVANCED_FACE('',(#1745),#6716,.F.);
#6934=ADVANCED_FACE('',(#1746),#1611,.F.);
#6935=ADVANCED_FACE('',(#1747),#69,.F.);
#6936=ADVANCED_FACE('',(#1748),#1612,.F.);
#6937=ADVANCED_FACE('',(#1749),#226,.F.);
#6938=ADVANCED_FACE('',(#1750),#227,.F.);
#6939=ADVANCED_FACE('',(#1751),#228,.F.);
#6940=ADVANCED_FACE('',(#1752),#229,.F.);
#6941=ADVANCED_FACE('',(#1753),#230,.F.);
#6942=ADVANCED_FACE('',(#1754),#6717,.F.);
#6943=ADVANCED_FACE('',(#1755),#1613,.F.);
#6944=ADVANCED_FACE('',(#1756),#1614,.T.);
#6945=ADVANCED_FACE('',(#1757),#231,.F.);
#6946=ADVANCED_FACE('',(#1758),#6718,.F.);
#6947=ADVANCED_FACE('',(#1759),#70,.F.);
#6948=ADVANCED_FACE('',(#1760),#71,.T.);
#6949=ADVANCED_FACE('',(#1761),#1615,.F.);
#6950=ADVANCED_FACE('',(#1762,#34,#35,#36,#37,#38),#6719,.T.);
#6951=ADVANCED_FACE('',(#1763),#6720,.T.);
#6952=ADVANCED_FACE('',(#1764,#39),#6721,.F.);
#6953=ADVANCED_FACE('',(#1765),#6722,.T.);
#6954=ADVANCED_FACE('',(#1766),#6723,.T.);
#6955=ADVANCED_FACE('',(#1767),#6724,.T.);
#6956=ADVANCED_FACE('',(#1768),#6725,.T.);
#6957=ADVANCED_FACE('',(#1769),#1616,.T.);
#6958=ADVANCED_FACE('',(#1770),#6726,.T.);
#6959=ADVANCED_FACE('',(#1771),#72,.F.);
#6960=ADVANCED_FACE('',(#1772),#1617,.F.);
#6961=ADVANCED_FACE('',(#1773),#1618,.T.);
#6962=ADVANCED_FACE('',(#1774),#1619,.F.);
#6963=ADVANCED_FACE('',(#1775),#6727,.T.);
#6964=ADVANCED_FACE('',(#1776),#6728,.F.);
#6965=ADVANCED_FACE('',(#1777),#6729,.T.);
#6966=ADVANCED_FACE('',(#1778),#1620,.F.);
#6967=ADVANCED_FACE('',(#1779),#6730,.T.);
#6968=ADVANCED_FACE('',(#1780),#1621,.F.);
#6969=ADVANCED_FACE('',(#1781),#6731,.T.);
#6970=ADVANCED_FACE('',(#1782),#1622,.F.);
#6971=ADVANCED_FACE('',(#1783),#6732,.F.);
#6972=ADVANCED_FACE('',(#1784),#6733,.T.);
#6973=ADVANCED_FACE('',(#1785),#1623,.F.);
#6974=ADVANCED_FACE('',(#1786),#6734,.T.);
#6975=ADVANCED_FACE('',(#1787),#1624,.F.);
#6976=ADVANCED_FACE('',(#1788),#6735,.T.);
#6977=ADVANCED_FACE('',(#1789),#1625,.F.);
#6978=ADVANCED_FACE('',(#1790),#6736,.T.);
#6979=ADVANCED_FACE('',(#1791),#6737,.T.);
#6980=ADVANCED_FACE('',(#1792),#1626,.F.);
#6981=ADVANCED_FACE('',(#1793),#1627,.T.);
#6982=ADVANCED_FACE('',(#1794),#1628,.F.);
#6983=ADVANCED_FACE('',(#1795),#6738,.T.);
#6984=ADVANCED_FACE('',(#1796),#1629,.F.);
#6985=ADVANCED_FACE('',(#1797),#6739,.T.);
#6986=ADVANCED_FACE('',(#1798),#1630,.F.);
#6987=ADVANCED_FACE('',(#1799),#6740,.F.);
#6988=ADVANCED_FACE('',(#1800),#6741,.T.);
#6989=ADVANCED_FACE('',(#1801),#1631,.F.);
#6990=ADVANCED_FACE('',(#1802),#6742,.T.);
#6991=ADVANCED_FACE('',(#1803),#1632,.F.);
#6992=ADVANCED_FACE('',(#1804),#6743,.T.);
#6993=ADVANCED_FACE('',(#1805),#1633,.F.);
#6994=ADVANCED_FACE('',(#1806),#6744,.F.);
#6995=ADVANCED_FACE('',(#1807),#6745,.T.);
#6996=ADVANCED_FACE('',(#1808),#1634,.F.);
#6997=ADVANCED_FACE('',(#1809),#6746,.T.);
#6998=ADVANCED_FACE('',(#1810),#1635,.F.);
#6999=ADVANCED_FACE('',(#1811),#6747,.T.);
#7000=ADVANCED_FACE('',(#1812),#1636,.F.);
#7001=ADVANCED_FACE('',(#1813),#6748,.T.);
#7002=ADVANCED_FACE('',(#1814),#1637,.F.);
#7003=ADVANCED_FACE('',(#1815),#73,.F.);
#7004=ADVANCED_FACE('',(#1816),#1638,.F.);
#7005=ADVANCED_FACE('',(#1817,#40),#6749,.T.);
#7006=ADVANCED_FACE('',(#1818),#74,.F.);
#7007=ADVANCED_FACE('',(#1819),#75,.F.);
#7008=ADVANCED_FACE('',(#1820),#232,.T.);
#7009=ADVANCED_FACE('',(#1821),#6750,.T.);
#7010=ADVANCED_FACE('',(#1822),#233,.T.);
#7011=ADVANCED_FACE('',(#1823),#234,.T.);
#7012=ADVANCED_FACE('',(#1824),#235,.T.);
#7013=ADVANCED_FACE('',(#1825),#236,.T.);
#7014=ADVANCED_FACE('',(#1826),#6751,.T.);
#7015=ADVANCED_FACE('',(#1827),#6752,.T.);
#7016=ADVANCED_FACE('',(#1828),#6753,.T.);
#7017=ADVANCED_FACE('',(#1829),#6754,.T.);
#7018=ADVANCED_FACE('',(#1830),#6755,.T.);
#7019=ADVANCED_FACE('',(#1831),#6756,.T.);
#7020=ADVANCED_FACE('',(#1832),#6757,.T.);
#7021=ADVANCED_FACE('',(#1833),#76,.F.);
#7022=ADVANCED_FACE('',(#1834),#77,.T.);
#7023=ADVANCED_FACE('',(#1835),#78,.F.);
#7024=ADVANCED_FACE('',(#1836),#237,.T.);
#7025=ADVANCED_FACE('',(#1837),#238,.T.);
#7026=ADVANCED_FACE('',(#1838),#6758,.T.);
#7027=ADVANCED_FACE('',(#1839),#239,.T.);
#7028=ADVANCED_FACE('',(#1840),#240,.T.);
#7029=ADVANCED_FACE('',(#1841,#41),#6759,.T.);
#7030=ADVANCED_FACE('',(#1842),#6760,.T.);
#7031=ADVANCED_FACE('',(#1843),#6761,.F.);
#7032=ADVANCED_FACE('',(#1844),#6762,.F.);
#7033=ADVANCED_FACE('',(#1845),#79,.T.);
#7034=ADVANCED_FACE('',(#1846),#6763,.F.);
#7035=ADVANCED_FACE('',(#1847),#1639,.F.);
#7036=ADVANCED_FACE('',(#1848),#6764,.T.);
#7037=ADVANCED_FACE('',(#1849),#1640,.F.);
#7038=ADVANCED_FACE('',(#1850),#6765,.F.);
#7039=ADVANCED_FACE('',(#1851),#6766,.F.);
#7040=ADVANCED_FACE('',(#1852),#6767,.F.);
#7041=ADVANCED_FACE('',(#1853),#6768,.F.);
#7042=ADVANCED_FACE('',(#1854),#6769,.F.);
#7043=ADVANCED_FACE('',(#1855),#6770,.F.);
#7044=ADVANCED_FACE('',(#1856),#6771,.T.);
#7045=ADVANCED_FACE('',(#1857),#1641,.F.);
#7046=ADVANCED_FACE('',(#1858),#1642,.T.);
#7047=ADVANCED_FACE('',(#1859),#1643,.F.);
#7048=ADVANCED_FACE('',(#1860),#6772,.T.);
#7049=ADVANCED_FACE('',(#1861),#241,.T.);
#7050=ADVANCED_FACE('',(#1862),#80,.F.);
#7051=ADVANCED_FACE('',(#1863),#6773,.T.);
#7052=ADVANCED_FACE('',(#1864),#1644,.T.);
#7053=ADVANCED_FACE('',(#1865),#81,.T.);
#7054=ADVANCED_FACE('',(#1866),#6774,.T.);
#7055=ADVANCED_FACE('',(#1867),#6775,.T.);
#7056=ADVANCED_FACE('',(#1868),#1645,.T.);
#7057=ADVANCED_FACE('',(#1869),#1646,.T.);
#7058=ADVANCED_FACE('',(#1870),#1647,.F.);
#7059=ADVANCED_FACE('',(#1871),#6776,.T.);
#7060=ADVANCED_FACE('',(#1872),#1648,.F.);
#7061=ADVANCED_FACE('',(#1873),#6777,.T.);
#7062=ADVANCED_FACE('',(#1874),#1649,.F.);
#7063=ADVANCED_FACE('',(#1875),#6778,.T.);
#7064=ADVANCED_FACE('',(#1876),#1650,.F.);
#7065=ADVANCED_FACE('',(#1877),#1651,.F.);
#7066=ADVANCED_FACE('',(#1878),#6779,.T.);
#7067=ADVANCED_FACE('',(#1879),#1652,.F.);
#7068=ADVANCED_FACE('',(#1880),#6780,.T.);
#7069=ADVANCED_FACE('',(#1881),#1653,.F.);
#7070=ADVANCED_FACE('',(#1882),#6781,.T.);
#7071=ADVANCED_FACE('',(#1883),#6782,.T.);
#7072=ADVANCED_FACE('',(#1884),#1654,.F.);
#7073=ADVANCED_FACE('',(#1885),#6783,.T.);
#7074=ADVANCED_FACE('',(#1886),#1655,.F.);
#7075=ADVANCED_FACE('',(#1887),#6784,.T.);
#7076=ADVANCED_FACE('',(#1888),#1656,.F.);
#7077=ADVANCED_FACE('',(#1889),#6785,.T.);
#7078=ADVANCED_FACE('',(#1890),#1657,.T.);
#7079=ADVANCED_FACE('',(#1891),#6786,.T.);
#7080=ADVANCED_FACE('',(#1892),#82,.T.);
#7081=ADVANCED_FACE('',(#1893),#242,.T.);
#7082=ADVANCED_FACE('',(#1894),#243,.T.);
#7083=ADVANCED_FACE('',(#1895),#244,.T.);
#7084=ADVANCED_FACE('',(#1896),#6787,.T.);
#7085=ADVANCED_FACE('',(#1897),#1658,.F.);
#7086=ADVANCED_FACE('',(#1898),#6788,.T.);
#7087=ADVANCED_FACE('',(#1899),#1659,.F.);
#7088=ADVANCED_FACE('',(#1900),#6789,.T.);
#7089=ADVANCED_FACE('',(#1901),#1660,.F.);
#7090=ADVANCED_FACE('',(#1902),#6790,.T.);
#7091=ADVANCED_FACE('',(#1903),#1661,.F.);
#7092=ADVANCED_FACE('',(#1904),#83,.F.);
#7093=ADVANCED_FACE('',(#1905),#6791,.T.);
#7094=ADVANCED_FACE('',(#1906),#84,.F.);
#7095=ADVANCED_FACE('',(#1907,#42),#6792,.T.);
#7096=ADVANCED_FACE('',(#1908),#6793,.T.);
#7097=ADVANCED_FACE('',(#1909),#85,.T.);
#7098=ADVANCED_FACE('',(#1910),#6794,.T.);
#7099=ADVANCED_FACE('',(#1911,#43,#44,#45,#46),#6795,.T.);
#7100=ADVANCED_FACE('',(#1912),#86,.T.);
#7101=ADVANCED_FACE('',(#1913),#1662,.F.);
#7102=ADVANCED_FACE('',(#1914),#6796,.T.);
#7103=ADVANCED_FACE('',(#1915),#1663,.F.);
#7104=ADVANCED_FACE('',(#1916),#6797,.T.);
#7105=ADVANCED_FACE('',(#1917),#6798,.T.);
#7106=ADVANCED_FACE('',(#1918),#6799,.T.);
#7107=ADVANCED_FACE('',(#1919),#1664,.T.);
#7108=ADVANCED_FACE('',(#1920),#6800,.T.);
#7109=ADVANCED_FACE('',(#1921),#6801,.F.);
#7110=ADVANCED_FACE('',(#1922,#47),#6802,.F.);
#7111=ADVANCED_FACE('',(#1923),#6803,.F.);
#7112=ADVANCED_FACE('',(#1924),#1665,.T.);
#7113=ADVANCED_FACE('',(#1925),#1666,.F.);
#7114=ADVANCED_FACE('',(#1926),#6804,.F.);
#7115=ADVANCED_FACE('',(#1927,#48),#6805,.T.);
#7116=ADVANCED_FACE('',(#1928),#1667,.T.);
#7117=ADVANCED_FACE('',(#1929),#87,.F.);
#7118=ADVANCED_FACE('',(#1930,#49),#6806,.T.);
#7119=ADVANCED_FACE('',(#1931,#50,#51),#6807,.T.);
#7120=ADVANCED_FACE('',(#1932),#1668,.F.);
#7121=ADVANCED_FACE('',(#1933),#88,.F.);
#7122=ADVANCED_FACE('',(#1934),#1669,.F.);
#7123=ADVANCED_FACE('',(#1935),#89,.F.);
#7124=ADVANCED_FACE('',(#1936),#1670,.F.);
#7125=ADVANCED_FACE('',(#1937),#1671,.F.);
#7126=ADVANCED_FACE('',(#1938),#245,.F.);
#7127=ADVANCED_FACE('',(#1939),#246,.T.);
#7128=ADVANCED_FACE('',(#1940),#6808,.T.);
#7129=ADVANCED_FACE('',(#1941),#6809,.T.);
#7130=ADVANCED_FACE('',(#1942),#6810,.F.);
#7131=ADVANCED_FACE('',(#1943),#6811,.F.);
#7132=ADVANCED_FACE('',(#1944),#6812,.F.);
#7133=ADVANCED_FACE('',(#1945),#90,.T.);
#7134=ADVANCED_FACE('',(#1946),#6813,.T.);
#7135=ADVANCED_FACE('',(#1947),#6814,.T.);
#7136=ADVANCED_FACE('',(#1948),#6815,.T.);
#7137=ADVANCED_FACE('',(#1949),#6816,.T.);
#7138=ADVANCED_FACE('',(#1950),#6817,.F.);
#7139=ADVANCED_FACE('',(#1951),#6818,.T.);
#7140=ADVANCED_FACE('',(#1952),#6819,.T.);
#7141=ADVANCED_FACE('',(#1953),#6820,.T.);
#7142=ADVANCED_FACE('',(#1954),#6821,.T.);
#7143=ADVANCED_FACE('',(#1955),#91,.T.);
#7144=ADVANCED_FACE('',(#1956,#52),#6822,.F.);
#7145=ADVANCED_FACE('',(#1957),#1672,.F.);
#7146=ADVANCED_FACE('',(#1958),#6823,.T.);
#7147=ADVANCED_FACE('',(#1959),#1673,.F.);
#7148=ADVANCED_FACE('',(#1960),#92,.T.);
#7149=ADVANCED_FACE('',(#1961),#6824,.T.);
#7150=ADVANCED_FACE('',(#1962),#93,.T.);
#7151=ADVANCED_FACE('',(#1963),#94,.T.);
#7152=ADVANCED_FACE('',(#1964),#6825,.T.);
#7153=ADVANCED_FACE('',(#1965),#95,.F.);
#7154=ADVANCED_FACE('',(#1966),#96,.F.);
#7155=ADVANCED_FACE('',(#1967),#1674,.F.);
#7156=ADVANCED_FACE('',(#1968),#247,.T.);
#7157=ADVANCED_FACE('',(#1969),#248,.T.);
#7158=ADVANCED_FACE('',(#1970),#249,.T.);
#7159=ADVANCED_FACE('',(#1971),#250,.T.);
#7160=ADVANCED_FACE('',(#1972),#251,.T.);
#7161=ADVANCED_FACE('',(#1973),#6826,.T.);
#7162=ADVANCED_FACE('',(#1974),#1675,.F.);
#7163=ADVANCED_FACE('',(#1975),#1676,.T.);
#7164=ADVANCED_FACE('',(#1976),#252,.T.);
#7165=ADVANCED_FACE('',(#1977),#6827,.T.);
#7166=ADVANCED_FACE('',(#1978),#97,.F.);
#7167=ADVANCED_FACE('',(#1979),#98,.T.);
#7168=ADVANCED_FACE('',(#1980),#1677,.F.);
#7169=ADVANCED_FACE('',(#1981,#53,#54,#55,#56,#57),#6828,.F.);
#7170=ADVANCED_FACE('',(#1982),#6829,.F.);
#7171=ADVANCED_FACE('',(#1983,#58),#6830,.T.);
#7172=ADVANCED_FACE('',(#1984),#6831,.F.);
#7173=ADVANCED_FACE('',(#1985),#6832,.F.);
#7174=ADVANCED_FACE('',(#1986),#6833,.F.);
#7175=ADVANCED_FACE('',(#1987),#6834,.F.);
#7176=ADVANCED_FACE('',(#1988),#1678,.T.);
#7177=ADVANCED_FACE('',(#1989),#6835,.F.);
#7178=ADVANCED_FACE('',(#1990),#99,.F.);
#7179=ADVANCED_FACE('',(#1991),#1679,.F.);
#7180=ADVANCED_FACE('',(#1992),#1680,.T.);
#7181=ADVANCED_FACE('',(#1993),#1681,.F.);
#7182=ADVANCED_FACE('',(#1994),#6836,.F.);
#7183=ADVANCED_FACE('',(#1995),#6837,.T.);
#7184=ADVANCED_FACE('',(#1996),#6838,.F.);
#7185=ADVANCED_FACE('',(#1997),#1682,.F.);
#7186=ADVANCED_FACE('',(#1998),#6839,.F.);
#7187=ADVANCED_FACE('',(#1999),#1683,.F.);
#7188=ADVANCED_FACE('',(#2000),#6840,.F.);
#7189=ADVANCED_FACE('',(#2001),#1684,.F.);
#7190=ADVANCED_FACE('',(#2002),#6841,.T.);
#7191=ADVANCED_FACE('',(#2003),#6842,.F.);
#7192=ADVANCED_FACE('',(#2004),#1685,.F.);
#7193=ADVANCED_FACE('',(#2005),#6843,.F.);
#7194=ADVANCED_FACE('',(#2006),#1686,.F.);
#7195=ADVANCED_FACE('',(#2007),#6844,.F.);
#7196=ADVANCED_FACE('',(#2008),#1687,.F.);
#7197=ADVANCED_FACE('',(#2009),#6845,.F.);
#7198=ADVANCED_FACE('',(#2010),#6846,.F.);
#7199=ADVANCED_FACE('',(#2011),#1688,.F.);
#7200=ADVANCED_FACE('',(#2012),#1689,.T.);
#7201=ADVANCED_FACE('',(#2013),#1690,.F.);
#7202=ADVANCED_FACE('',(#2014),#6847,.F.);
#7203=ADVANCED_FACE('',(#2015),#1691,.F.);
#7204=ADVANCED_FACE('',(#2016),#6848,.F.);
#7205=ADVANCED_FACE('',(#2017),#1692,.F.);
#7206=ADVANCED_FACE('',(#2018),#6849,.T.);
#7207=ADVANCED_FACE('',(#2019),#6850,.F.);
#7208=ADVANCED_FACE('',(#2020),#1693,.F.);
#7209=ADVANCED_FACE('',(#2021),#6851,.F.);
#7210=ADVANCED_FACE('',(#2022),#1694,.F.);
#7211=ADVANCED_FACE('',(#2023),#6852,.F.);
#7212=ADVANCED_FACE('',(#2024),#1695,.F.);
#7213=ADVANCED_FACE('',(#2025),#6853,.T.);
#7214=ADVANCED_FACE('',(#2026),#6854,.F.);
#7215=ADVANCED_FACE('',(#2027),#1696,.F.);
#7216=ADVANCED_FACE('',(#2028),#6855,.F.);
#7217=ADVANCED_FACE('',(#2029),#1697,.F.);
#7218=ADVANCED_FACE('',(#2030),#6856,.F.);
#7219=ADVANCED_FACE('',(#2031),#1698,.F.);
#7220=ADVANCED_FACE('',(#2032),#6857,.F.);
#7221=ADVANCED_FACE('',(#2033),#1699,.F.);
#7222=ADVANCED_FACE('',(#2034),#100,.F.);
#7223=ADVANCED_FACE('',(#2035),#1700,.F.);
#7224=ADVANCED_FACE('',(#2036,#59),#6858,.F.);
#7225=ADVANCED_FACE('',(#2037),#101,.F.);
#7226=ADVANCED_FACE('',(#2038),#102,.F.);
#7227=ADVANCED_FACE('',(#2039),#253,.F.);
#7228=ADVANCED_FACE('',(#2040),#6859,.F.);
#7229=ADVANCED_FACE('',(#2041),#254,.F.);
#7230=ADVANCED_FACE('',(#2042),#255,.F.);
#7231=ADVANCED_FACE('',(#2043),#256,.F.);
#7232=ADVANCED_FACE('',(#2044),#257,.F.);
#7233=ADVANCED_FACE('',(#2045),#6860,.F.);
#7234=ADVANCED_FACE('',(#2046),#6861,.F.);
#7235=ADVANCED_FACE('',(#2047),#6862,.F.);
#7236=ADVANCED_FACE('',(#2048),#6863,.F.);
#7237=ADVANCED_FACE('',(#2049),#6864,.F.);
#7238=ADVANCED_FACE('',(#2050),#6865,.F.);
#7239=ADVANCED_FACE('',(#2051),#6866,.F.);
#7240=ADVANCED_FACE('',(#2052),#103,.F.);
#7241=ADVANCED_FACE('',(#2053),#104,.T.);
#7242=ADVANCED_FACE('',(#2054),#105,.F.);
#7243=ADVANCED_FACE('',(#2055),#258,.F.);
#7244=ADVANCED_FACE('',(#2056),#259,.F.);
#7245=ADVANCED_FACE('',(#2057),#6867,.F.);
#7246=ADVANCED_FACE('',(#2058),#260,.F.);
#7247=ADVANCED_FACE('',(#2059),#261,.F.);
#7248=ADVANCED_FACE('',(#2060,#60),#6868,.F.);
#7249=ADVANCED_FACE('',(#2061),#6869,.F.);
#7250=ADVANCED_FACE('',(#2062),#6870,.T.);
#7251=ADVANCED_FACE('',(#2063),#6871,.T.);
#7252=ADVANCED_FACE('',(#2064),#106,.T.);
#7253=ADVANCED_FACE('',(#2065),#6872,.T.);
#7254=ADVANCED_FACE('',(#2066),#1701,.F.);
#7255=ADVANCED_FACE('',(#2067),#6873,.F.);
#7256=ADVANCED_FACE('',(#2068),#1702,.F.);
#7257=ADVANCED_FACE('',(#2069),#6874,.T.);
#7258=ADVANCED_FACE('',(#2070),#6875,.T.);
#7259=ADVANCED_FACE('',(#2071),#6876,.T.);
#7260=ADVANCED_FACE('',(#2072),#6877,.T.);
#7261=ADVANCED_FACE('',(#2073),#6878,.T.);
#7262=ADVANCED_FACE('',(#2074),#6879,.T.);
#7263=ADVANCED_FACE('',(#2075),#6880,.F.);
#7264=ADVANCED_FACE('',(#2076),#1703,.F.);
#7265=ADVANCED_FACE('',(#2077),#1704,.T.);
#7266=ADVANCED_FACE('',(#2078),#1705,.F.);
#7267=ADVANCED_FACE('',(#2079),#6881,.F.);
#7268=ADVANCED_FACE('',(#2080),#262,.F.);
#7269=ADVANCED_FACE('',(#2081),#107,.F.);
#7270=ADVANCED_FACE('',(#2082),#6882,.F.);
#7271=ADVANCED_FACE('',(#2083),#1706,.T.);
#7272=ADVANCED_FACE('',(#2084),#108,.T.);
#7273=ADVANCED_FACE('',(#2085),#6883,.F.);
#7274=ADVANCED_FACE('',(#2086),#6884,.F.);
#7275=ADVANCED_FACE('',(#2087),#1707,.T.);
#7276=ADVANCED_FACE('',(#2088),#1708,.T.);
#7277=ADVANCED_FACE('',(#2089),#1709,.F.);
#7278=ADVANCED_FACE('',(#2090),#6885,.F.);
#7279=ADVANCED_FACE('',(#2091),#1710,.F.);
#7280=ADVANCED_FACE('',(#2092),#6886,.F.);
#7281=ADVANCED_FACE('',(#2093),#1711,.F.);
#7282=ADVANCED_FACE('',(#2094),#6887,.F.);
#7283=ADVANCED_FACE('',(#2095),#1712,.F.);
#7284=ADVANCED_FACE('',(#2096),#1713,.F.);
#7285=ADVANCED_FACE('',(#2097),#6888,.F.);
#7286=ADVANCED_FACE('',(#2098),#1714,.F.);
#7287=ADVANCED_FACE('',(#2099),#6889,.F.);
#7288=ADVANCED_FACE('',(#2100),#1715,.F.);
#7289=ADVANCED_FACE('',(#2101),#6890,.F.);
#7290=ADVANCED_FACE('',(#2102),#6891,.F.);
#7291=ADVANCED_FACE('',(#2103),#1716,.F.);
#7292=ADVANCED_FACE('',(#2104),#6892,.F.);
#7293=ADVANCED_FACE('',(#2105),#1717,.F.);
#7294=ADVANCED_FACE('',(#2106),#6893,.F.);
#7295=ADVANCED_FACE('',(#2107),#1718,.F.);
#7296=ADVANCED_FACE('',(#2108),#6894,.F.);
#7297=ADVANCED_FACE('',(#2109),#1719,.T.);
#7298=ADVANCED_FACE('',(#2110),#6895,.F.);
#7299=ADVANCED_FACE('',(#2111),#109,.T.);
#7300=ADVANCED_FACE('',(#2112),#263,.F.);
#7301=ADVANCED_FACE('',(#2113),#264,.F.);
#7302=ADVANCED_FACE('',(#2114),#265,.F.);
#7303=ADVANCED_FACE('',(#2115),#6896,.F.);
#7304=ADVANCED_FACE('',(#2116),#1720,.F.);
#7305=ADVANCED_FACE('',(#2117),#6897,.F.);
#7306=ADVANCED_FACE('',(#2118),#1721,.F.);
#7307=ADVANCED_FACE('',(#2119),#6898,.F.);
#7308=ADVANCED_FACE('',(#2120),#1722,.F.);
#7309=ADVANCED_FACE('',(#2121),#6899,.F.);
#7310=ADVANCED_FACE('',(#2122),#1723,.F.);
#7311=ADVANCED_FACE('',(#2123),#110,.F.);
#7312=ADVANCED_FACE('',(#2124),#6900,.F.);
#7313=ADVANCED_FACE('',(#2125),#111,.F.);
#7314=ADVANCED_FACE('',(#2126,#61),#6901,.F.);
#7315=ADVANCED_FACE('',(#2127),#6902,.F.);
#7316=ADVANCED_FACE('',(#2128),#112,.T.);
#7317=ADVANCED_FACE('',(#2129),#6903,.F.);
#7318=ADVANCED_FACE('',(#2130,#62,#63,#64,#65),#6904,.F.);
#7319=ADVANCED_FACE('',(#2131),#113,.T.);
#7320=ADVANCED_FACE('',(#2132),#1724,.F.);
#7321=ADVANCED_FACE('',(#2133),#6905,.F.);
#7322=ADVANCED_FACE('',(#2134),#1725,.F.);
#7323=ADVANCED_FACE('',(#2135),#6906,.F.);
#7324=ADVANCED_FACE('',(#2136),#6907,.F.);
#7325=ADVANCED_FACE('',(#2137),#6908,.F.);
#7326=ADVANCED_FACE('',(#2138),#1726,.T.);
#7327=ADVANCED_FACE('',(#2139),#6909,.F.);
#7328=ADVANCED_FACE('',(#2140),#6910,.T.);
#7329=ADVANCED_FACE('',(#2141,#66),#6911,.T.);
#7330=ADVANCED_FACE('',(#2142),#6912,.T.);
#7331=ADVANCED_FACE('',(#2143),#1727,.T.);
#7332=ADVANCED_FACE('',(#2144),#1728,.F.);
#7333=ADVANCED_FACE('',(#2145),#6913,.T.);
#7334=ADVANCED_FACE('',(#2146,#67),#6914,.F.);
#7335=ADVANCED_FACE('',(#2147),#1729,.T.);
#7336=ADVANCED_FACE('',(#2148),#114,.F.);
#7337=ADVANCED_FACE('',(#2149,#68),#6915,.F.);
#7338=ADVANCED_FACE('',(#2150),#6916,.T.);
#7339=ADVANCED_FACE('',(#2151),#6917,.T.);
#7340=ADVANCED_FACE('',(#2152),#6918,.F.);
#7341=ADVANCED_FACE('',(#2153),#1730,.F.);
#7342=ADVANCED_FACE('',(#2154),#6919,.F.);
#7343=ADVANCED_FACE('',(#2155),#1731,.F.);
#7344=CLOSED_SHELL('',(#6920,#6921));
#7345=CLOSED_SHELL('',(#6922,#6923));
#7346=CLOSED_SHELL('',(#6924,#6925,#6926,#6927));
#7347=CLOSED_SHELL('',(#6928,#6929));
#7348=CLOSED_SHELL('',(#6930,#6931,#6932,#6933,#6934,#6935,#6936,#6937,
#6938,#6939,#6940,#6941,#6942,#6943,#6944,#6945,#6946,#6947,#6948,#6949,
#6950,#6951,#6952,#6953,#6954,#6955,#6956,#6957,#6958,#6959,#6960,#6961,
#6962,#6963,#6964,#6965,#6966,#6967,#6968,#6969,#6970,#6971,#6972,#6973,
#6974,#6975,#6976,#6977,#6978,#6979,#6980,#6981,#6982,#6983,#6984,#6985,
#6986,#6987,#6988,#6989,#6990,#6991,#6992,#6993,#6994,#6995,#6996,#6997,
#6998,#6999,#7000,#7001,#7002,#7003,#7004,#7005,#7006,#7007,#7008,#7009,
#7010,#7011,#7012,#7013,#7014,#7015,#7016,#7017,#7018,#7019,#7020,#7021,
#7022,#7023,#7024,#7025,#7026,#7027,#7028,#7029,#7030,#7031,#7032,#7033,
#7034,#7035,#7036,#7037,#7038,#7039,#7040,#7041,#7042,#7043,#7044,#7045,
#7046,#7047,#7048,#7049,#7050,#7051,#7052,#7053,#7054,#7055,#7056,#7057,
#7058,#7059,#7060,#7061,#7062,#7063,#7064,#7065,#7066,#7067,#7068,#7069,
#7070,#7071,#7072,#7073,#7074,#7075,#7076,#7077,#7078,#7079,#7080,#7081,
#7082,#7083,#7084,#7085,#7086,#7087,#7088,#7089,#7090,#7091,#7092,#7093,
#7094,#7095,#7096,#7097,#7098,#7099,#7100,#7101,#7102,#7103,#7104,#7105,
#7106,#7107,#7108,#7109,#7110,#7111,#7112,#7113,#7114,#7115,#7116,#7117,
#7118,#7119,#7120,#7121,#7122,#7123,#7124,#7125,#7126,#7127,#7128,#7129,
#7130,#7131,#7132,#7133,#7134,#7135,#7136,#7137,#7138,#7139,#7140,#7141,
#7142,#7143,#7144,#7145,#7146,#7147,#7148,#7149,#7150,#7151,#7152,#7153,
#7154,#7155,#7156,#7157,#7158,#7159,#7160,#7161,#7162,#7163,#7164,#7165,
#7166,#7167,#7168,#7169,#7170,#7171,#7172,#7173,#7174,#7175,#7176,#7177,
#7178,#7179,#7180,#7181,#7182,#7183,#7184,#7185,#7186,#7187,#7188,#7189,
#7190,#7191,#7192,#7193,#7194,#7195,#7196,#7197,#7198,#7199,#7200,#7201,
#7202,#7203,#7204,#7205,#7206,#7207,#7208,#7209,#7210,#7211,#7212,#7213,
#7214,#7215,#7216,#7217,#7218,#7219,#7220,#7221,#7222,#7223,#7224,#7225,
#7226,#7227,#7228,#7229,#7230,#7231,#7232,#7233,#7234,#7235,#7236,#7237,
#7238,#7239,#7240,#7241,#7242,#7243,#7244,#7245,#7246,#7247,#7248,#7249,
#7250,#7251,#7252,#7253,#7254,#7255,#7256,#7257,#7258,#7259,#7260,#7261,
#7262,#7263,#7264,#7265,#7266,#7267,#7268,#7269,#7270,#7271,#7272,#7273,
#7274,#7275,#7276,#7277,#7278,#7279,#7280,#7281,#7282,#7283,#7284,#7285,
#7286,#7287,#7288,#7289,#7290,#7291,#7292,#7293,#7294,#7295,#7296,#7297,
#7298,#7299,#7300,#7301,#7302,#7303,#7304,#7305,#7306,#7307,#7308,#7309,
#7310,#7311,#7312,#7313,#7314,#7315,#7316,#7317,#7318,#7319,#7320,#7321,
#7322,#7323,#7324,#7325,#7326,#7327,#7328,#7329,#7330,#7331,#7332,#7333,
#7334,#7335,#7336,#7337));
#7349=CLOSED_SHELL('',(#7338,#7339,#7340,#7341));
#7350=CLOSED_SHELL('',(#7342,#7343));
#7351=BREP_WITH_VOIDS('Arm V3',#7348,(#268,#269,#270,#271,#272,#273));
#7352=DERIVED_UNIT_ELEMENT(#7354,1.);
#7353=DERIVED_UNIT_ELEMENT(#13519,-3.);
#7354=(
MASS_UNIT()
NAMED_UNIT(*)
SI_UNIT(.KILO.,.GRAM.)
);
#7355=DERIVED_UNIT((#7352,#7353));
#7356=MEASURE_REPRESENTATION_ITEM('density measure',
POSITIVE_RATIO_MEASURE(7850.),#7355);
#7357=PROPERTY_DEFINITION_REPRESENTATION(#7362,#7359);
#7358=PROPERTY_DEFINITION_REPRESENTATION(#7363,#7360);
#7359=REPRESENTATION('material name',(#7361),#13516);
#7360=REPRESENTATION('density',(#7356),#13516);
#7361=DESCRIPTIVE_REPRESENTATION_ITEM('Steel','Steel');
#7362=PROPERTY_DEFINITION('material property','material name',#13526);
#7363=PROPERTY_DEFINITION('material property','density of part',#13526);
#7364=AXIS2_PLACEMENT_3D('',#10013,#8025,#8026);
#7365=AXIS2_PLACEMENT_3D('',#10014,#8027,#8028);
#7366=AXIS2_PLACEMENT_3D('',#10016,#8029,#8030);
#7367=AXIS2_PLACEMENT_3D('',#10017,#8031,#8032);
#7368=AXIS2_PLACEMENT_3D('',#10020,#8034,#8035);
#7369=AXIS2_PLACEMENT_3D('',#10022,#8036,#8037);
#7370=AXIS2_PLACEMENT_3D('',#10023,#8038,#8039);
#7371=AXIS2_PLACEMENT_3D('',#10026,#8041,#8042);
#7372=AXIS2_PLACEMENT_3D('',#10033,#8046,#8047);
#7373=AXIS2_PLACEMENT_3D('',#10040,#8049,#8050);
#7374=AXIS2_PLACEMENT_3D('',#10041,#8051,#8052);
#7375=AXIS2_PLACEMENT_3D('',#10042,#8053,#8054);
#7376=AXIS2_PLACEMENT_3D('',#10043,#8055,#8056);
#7377=AXIS2_PLACEMENT_3D('',#10044,#8057,#8058);
#7378=AXIS2_PLACEMENT_3D('',#10046,#8059,#8060);
#7379=AXIS2_PLACEMENT_3D('',#10047,#8061,#8062);
#7380=AXIS2_PLACEMENT_3D('',#10220,#8064,#8065);
#7381=AXIS2_PLACEMENT_3D('',#10306,#8067,#8068);
#7382=AXIS2_PLACEMENT_3D('',#10309,#8069,#8070);
#7383=AXIS2_PLACEMENT_3D('',#10313,#8072,#8073);
#7384=AXIS2_PLACEMENT_3D('',#10315,#8075,#8076);
#7385=AXIS2_PLACEMENT_3D('',#10321,#8080,#8081);
#7386=AXIS2_PLACEMENT_3D('',#10323,#8082,#8083);
#7387=AXIS2_PLACEMENT_3D('',#10326,#8085,#8086);
#7388=AXIS2_PLACEMENT_3D('',#10327,#8087,#8088);
#7389=AXIS2_PLACEMENT_3D('',#10341,#8090,#8091);
#7390=AXIS2_PLACEMENT_3D('',#10383,#8096,#8097);
#7391=AXIS2_PLACEMENT_3D('',#10387,#8099,#8100);
#7392=AXIS2_PLACEMENT_3D('',#10507,#8107,#8108);
#7393=AXIS2_PLACEMENT_3D('',#10516,#8113,#8114);
#7394=AXIS2_PLACEMENT_3D('',#10520,#8116,#8117);
#7395=AXIS2_PLACEMENT_3D('',#10521,#8118,#8119);
#7396=AXIS2_PLACEMENT_3D('',#10522,#8120,#8121);
#7397=AXIS2_PLACEMENT_3D('',#10526,#8123,#8124);
#7398=AXIS2_PLACEMENT_3D('',#10527,#8125,#8126);
#7399=AXIS2_PLACEMENT_3D('',#10552,#8127,#8128);
#7400=AXIS2_PLACEMENT_3D('',#10558,#8132,#8133);
#7401=AXIS2_PLACEMENT_3D('',#10560,#8134,#8135);
#7402=AXIS2_PLACEMENT_3D('',#10562,#8137,#8138);
#7403=AXIS2_PLACEMENT_3D('',#10564,#8139,#8140);
#7404=AXIS2_PLACEMENT_3D('',#10566,#8142,#8143);
#7405=AXIS2_PLACEMENT_3D('',#10568,#8144,#8145);
#7406=AXIS2_PLACEMENT_3D('',#10571,#8147,#8148);
#7407=AXIS2_PLACEMENT_3D('',#10572,#8149,#8150);
#7408=AXIS2_PLACEMENT_3D('',#10576,#8152,#8153);
#7409=AXIS2_PLACEMENT_3D('',#10583,#8157,#8158);
#7410=AXIS2_PLACEMENT_3D('',#10587,#8160,#8161);
#7411=AXIS2_PLACEMENT_3D('',#10590,#8163,#8164);
#7412=AXIS2_PLACEMENT_3D('',#10595,#8166,#8167);
#7413=AXIS2_PLACEMENT_3D('',#10599,#8169,#8170);
#7414=AXIS2_PLACEMENT_3D('',#10601,#8171,#8172);
#7415=AXIS2_PLACEMENT_3D('',#10603,#8173,#8174);
#7416=AXIS2_PLACEMENT_3D('',#10606,#8176,#8177);
#7417=AXIS2_PLACEMENT_3D('',#10609,#8178,#8179);
#7418=AXIS2_PLACEMENT_3D('',#10613,#8181,#8182);
#7419=AXIS2_PLACEMENT_3D('',#10617,#8184,#8185);
#7420=AXIS2_PLACEMENT_3D('',#10623,#8188,#8189);
#7421=AXIS2_PLACEMENT_3D('',#10627,#8191,#8192);
#7422=AXIS2_PLACEMENT_3D('',#10631,#8194,#8195);
#7423=AXIS2_PLACEMENT_3D('',#10634,#8197,#8198);
#7424=AXIS2_PLACEMENT_3D('',#10636,#8199,#8200);
#7425=AXIS2_PLACEMENT_3D('',#10641,#8202,#8203);
#7426=AXIS2_PLACEMENT_3D('',#10645,#8205,#8206);
#7427=AXIS2_PLACEMENT_3D('',#10648,#8208,#8209);
#7428=AXIS2_PLACEMENT_3D('',#10649,#8210,#8211);
#7429=AXIS2_PLACEMENT_3D('',#10655,#8215,#8216);
#7430=AXIS2_PLACEMENT_3D('',#10666,#8219,#8220);
#7431=AXIS2_PLACEMENT_3D('',#10670,#8222,#8223);
#7432=AXIS2_PLACEMENT_3D('',#10674,#8225,#8226);
#7433=AXIS2_PLACEMENT_3D('',#10678,#8228,#8229);
#7434=AXIS2_PLACEMENT_3D('',#10680,#8231,#8232);
#7435=AXIS2_PLACEMENT_3D('',#10686,#8236,#8237);
#7436=AXIS2_PLACEMENT_3D('',#10690,#8240,#8241);
#7437=AXIS2_PLACEMENT_3D('',#10694,#8244,#8245);
#7438=AXIS2_PLACEMENT_3D('',#10698,#8248,#8249);
#7439=AXIS2_PLACEMENT_3D('',#10701,#8251,#8252);
#7440=AXIS2_PLACEMENT_3D('',#10702,#8253,#8254);
#7441=AXIS2_PLACEMENT_3D('',#10704,#8256,#8257);
#7442=AXIS2_PLACEMENT_3D('',#10706,#8258,#8259);
#7443=AXIS2_PLACEMENT_3D('',#10708,#8261,#8262);
#7444=AXIS2_PLACEMENT_3D('',#10711,#8263,#8264);
#7445=AXIS2_PLACEMENT_3D('',#10714,#8267,#8268);
#7446=AXIS2_PLACEMENT_3D('',#10717,#8270,#8271);
#7447=AXIS2_PLACEMENT_3D('',#10718,#8272,#8273);
#7448=AXIS2_PLACEMENT_3D('',#10720,#8274,#8275);
#7449=AXIS2_PLACEMENT_3D('',#10722,#8277,#8278);
#7450=AXIS2_PLACEMENT_3D('',#10727,#8280,#8281);
#7451=AXIS2_PLACEMENT_3D('',#10732,#8285,#8286);
#7452=AXIS2_PLACEMENT_3D('',#10735,#8287,#8288);
#7453=AXIS2_PLACEMENT_3D('',#10739,#8290,#8291);
#7454=AXIS2_PLACEMENT_3D('',#10743,#8293,#8294);
#7455=AXIS2_PLACEMENT_3D('',#10745,#8296,#8297);
#7456=AXIS2_PLACEMENT_3D('',#10748,#8300,#8301);
#7457=AXIS2_PLACEMENT_3D('',#10750,#8303,#8304);
#7458=AXIS2_PLACEMENT_3D('',#10752,#8306,#8307);
#7459=AXIS2_PLACEMENT_3D('',#10754,#8309,#8310);
#7460=AXIS2_PLACEMENT_3D('',#10756,#8312,#8313);
#7461=AXIS2_PLACEMENT_3D('',#10757,#8314,#8315);
#7462=AXIS2_PLACEMENT_3D('',#10760,#8316,#8317);
#7463=AXIS2_PLACEMENT_3D('',#10764,#8319,#8320);
#7464=AXIS2_PLACEMENT_3D('',#10768,#8322,#8323);
#7465=AXIS2_PLACEMENT_3D('',#10770,#8325,#8326);
#7466=AXIS2_PLACEMENT_3D('',#10773,#8329,#8330);
#7467=AXIS2_PLACEMENT_3D('',#10775,#8332,#8333);
#7468=AXIS2_PLACEMENT_3D('',#10777,#8335,#8336);
#7469=AXIS2_PLACEMENT_3D('',#10779,#8338,#8339);
#7470=AXIS2_PLACEMENT_3D('',#10781,#8341,#8342);
#7471=AXIS2_PLACEMENT_3D('',#10782,#8343,#8344);
#7472=AXIS2_PLACEMENT_3D('',#10785,#8345,#8346);
#7473=AXIS2_PLACEMENT_3D('',#10789,#8348,#8349);
#7474=AXIS2_PLACEMENT_3D('',#10793,#8351,#8352);
#7475=AXIS2_PLACEMENT_3D('',#10795,#8353,#8354);
#7476=AXIS2_PLACEMENT_3D('',#10797,#8355,#8356);
#7477=AXIS2_PLACEMENT_3D('',#10799,#8358,#8359);
#7478=AXIS2_PLACEMENT_3D('',#10802,#8362,#8363);
#7479=AXIS2_PLACEMENT_3D('',#10804,#8365,#8366);
#7480=AXIS2_PLACEMENT_3D('',#10806,#8368,#8369);
#7481=AXIS2_PLACEMENT_3D('',#10808,#8371,#8372);
#7482=AXIS2_PLACEMENT_3D('',#10810,#8374,#8375);
#7483=AXIS2_PLACEMENT_3D('',#10812,#8377,#8378);
#7484=AXIS2_PLACEMENT_3D('',#10814,#8380,#8381);
#7485=AXIS2_PLACEMENT_3D('',#10815,#8382,#8383);
#7486=AXIS2_PLACEMENT_3D('',#10818,#8384,#8385);
#7487=AXIS2_PLACEMENT_3D('',#10822,#8387,#8388);
#7488=AXIS2_PLACEMENT_3D('',#10826,#8390,#8391);
#7489=AXIS2_PLACEMENT_3D('',#10828,#8393,#8394);
#7490=AXIS2_PLACEMENT_3D('',#10831,#8397,#8398);
#7491=AXIS2_PLACEMENT_3D('',#10833,#8400,#8401);
#7492=AXIS2_PLACEMENT_3D('',#10835,#8403,#8404);
#7493=AXIS2_PLACEMENT_3D('',#10837,#8406,#8407);
#7494=AXIS2_PLACEMENT_3D('',#10839,#8409,#8410);
#7495=AXIS2_PLACEMENT_3D('',#10840,#8411,#8412);
#7496=AXIS2_PLACEMENT_3D('',#10843,#8413,#8414);
#7497=AXIS2_PLACEMENT_3D('',#10847,#8416,#8417);
#7498=AXIS2_PLACEMENT_3D('',#10851,#8419,#8420);
#7499=AXIS2_PLACEMENT_3D('',#10855,#8422,#8423);
#7500=AXIS2_PLACEMENT_3D('',#10857,#8425,#8426);
#7501=AXIS2_PLACEMENT_3D('',#10860,#8429,#8430);
#7502=AXIS2_PLACEMENT_3D('',#10862,#8432,#8433);
#7503=AXIS2_PLACEMENT_3D('',#10864,#8435,#8436);
#7504=AXIS2_PLACEMENT_3D('',#10866,#8438,#8439);
#7505=AXIS2_PLACEMENT_3D('',#10868,#8441,#8442);
#7506=AXIS2_PLACEMENT_3D('',#10870,#8444,#8445);
#7507=AXIS2_PLACEMENT_3D('',#10872,#8447,#8448);
#7508=AXIS2_PLACEMENT_3D('',#10873,#8449,#8450);
#7509=AXIS2_PLACEMENT_3D('',#10875,#8451,#8452);
#7510=AXIS2_PLACEMENT_3D('',#10878,#8454,#8455);
#7511=AXIS2_PLACEMENT_3D('',#10879,#8456,#8457);
#7512=AXIS2_PLACEMENT_3D('',#10881,#8459,#8460);
#7513=AXIS2_PLACEMENT_3D('',#10895,#8467,#8468);
#7514=AXIS2_PLACEMENT_3D('',#10896,#8469,#8470);
#7515=AXIS2_PLACEMENT_3D('',#10926,#8473,#8474);
#7516=AXIS2_PLACEMENT_3D('',#10928,#8475,#8476);
#7517=AXIS2_PLACEMENT_3D('',#10960,#8480,#8481);
#7518=AXIS2_PLACEMENT_3D('',#11065,#8490,#8491);
#7519=AXIS2_PLACEMENT_3D('',#11071,#8495,#8496);
#7520=AXIS2_PLACEMENT_3D('',#11077,#8500,#8501);
#7521=AXIS2_PLACEMENT_3D('',#11081,#8504,#8505);
#7522=AXIS2_PLACEMENT_3D('',#11085,#8508,#8509);
#7523=AXIS2_PLACEMENT_3D('',#11089,#8512,#8513);
#7524=AXIS2_PLACEMENT_3D('',#11093,#8516,#8517);
#7525=AXIS2_PLACEMENT_3D('',#11095,#8519,#8520);
#7526=AXIS2_PLACEMENT_3D('',#11098,#8521,#8522);
#7527=AXIS2_PLACEMENT_3D('',#11101,#8525,#8526);
#7528=AXIS2_PLACEMENT_3D('',#11103,#8527,#8528);
#7529=AXIS2_PLACEMENT_3D('',#11105,#8530,#8531);
#7530=AXIS2_PLACEMENT_3D('',#11107,#8532,#8533);
#7531=AXIS2_PLACEMENT_3D('',#11169,#8537,#8538);
#7532=AXIS2_PLACEMENT_3D('',#11231,#8542,#8543);
#7533=AXIS2_PLACEMENT_3D('',#11233,#8544,#8545);
#7534=AXIS2_PLACEMENT_3D('',#11234,#8546,#8547);
#7535=AXIS2_PLACEMENT_3D('',#11237,#8548,#8549);
#7536=AXIS2_PLACEMENT_3D('',#11241,#8551,#8552);
#7537=AXIS2_PLACEMENT_3D('',#11243,#8553,#8554);
#7538=AXIS2_PLACEMENT_3D('',#11245,#8555,#8556);
#7539=AXIS2_PLACEMENT_3D('',#11249,#8558,#8559);
#7540=AXIS2_PLACEMENT_3D('',#11251,#8561,#8562);
#7541=AXIS2_PLACEMENT_3D('',#11254,#8563,#8564);
#7542=AXIS2_PLACEMENT_3D('',#11258,#8566,#8567);
#7543=AXIS2_PLACEMENT_3D('',#11262,#8569,#8570);
#7544=AXIS2_PLACEMENT_3D('',#11264,#8572,#8573);
#7545=AXIS2_PLACEMENT_3D('',#11267,#8574,#8575);
#7546=AXIS2_PLACEMENT_3D('',#11271,#8577,#8578);
#7547=AXIS2_PLACEMENT_3D('',#11275,#8580,#8581);
#7548=AXIS2_PLACEMENT_3D('',#11277,#8583,#8584);
#7549=AXIS2_PLACEMENT_3D('',#11282,#8586,#8587);
#7550=AXIS2_PLACEMENT_3D('',#11285,#8589,#8590);
#7551=AXIS2_PLACEMENT_3D('',#11286,#8591,#8592);
#7552=AXIS2_PLACEMENT_3D('',#11289,#8593,#8594);
#7553=AXIS2_PLACEMENT_3D('',#11293,#8596,#8597);
#7554=AXIS2_PLACEMENT_3D('',#11297,#8599,#8600);
#7555=AXIS2_PLACEMENT_3D('',#11301,#8602,#8603);
#7556=AXIS2_PLACEMENT_3D('',#11303,#8605,#8606);
#7557=AXIS2_PLACEMENT_3D('',#11306,#8607,#8608);
#7558=AXIS2_PLACEMENT_3D('',#11310,#8610,#8611);
#7559=AXIS2_PLACEMENT_3D('',#11312,#8613,#8614);
#7560=AXIS2_PLACEMENT_3D('',#11318,#8618,#8619);
#7561=AXIS2_PLACEMENT_3D('',#11322,#8621,#8622);
#7562=AXIS2_PLACEMENT_3D('',#11323,#8623,#8624);
#7563=AXIS2_PLACEMENT_3D('',#11324,#8625,#8626);
#7564=AXIS2_PLACEMENT_3D('',#11330,#8630,#8631);
#7565=AXIS2_PLACEMENT_3D('',#11334,#8634,#8635);
#7566=AXIS2_PLACEMENT_3D('',#11338,#8638,#8639);
#7567=AXIS2_PLACEMENT_3D('',#11342,#8642,#8643);
#7568=AXIS2_PLACEMENT_3D('',#11346,#8646,#8647);
#7569=AXIS2_PLACEMENT_3D('',#11348,#8649,#8650);
#7570=AXIS2_PLACEMENT_3D('',#11353,#8654,#8655);
#7571=AXIS2_PLACEMENT_3D('',#11356,#8657,#8658);
#7572=AXIS2_PLACEMENT_3D('',#11357,#8659,#8660);
#7573=AXIS2_PLACEMENT_3D('',#11360,#8662,#8663);
#7574=AXIS2_PLACEMENT_3D('',#11361,#8664,#8665);
#7575=AXIS2_PLACEMENT_3D('',#11364,#8667,#8668);
#7576=AXIS2_PLACEMENT_3D('',#11365,#8669,#8670);
#7577=AXIS2_PLACEMENT_3D('',#11395,#8674,#8675);
#7578=AXIS2_PLACEMENT_3D('',#11397,#8677,#8678);
#7579=AXIS2_PLACEMENT_3D('',#11402,#8682,#8683);
#7580=AXIS2_PLACEMENT_3D('',#11405,#8685,#8686);
#7581=AXIS2_PLACEMENT_3D('',#11406,#8687,#8688);
#7582=AXIS2_PLACEMENT_3D('',#11411,#8690,#8691);
#7583=AXIS2_PLACEMENT_3D('',#11414,#8693,#8694);
#7584=AXIS2_PLACEMENT_3D('',#11415,#8695,#8696);
#7585=AXIS2_PLACEMENT_3D('',#11417,#8697,#8698);
#7586=AXIS2_PLACEMENT_3D('',#11420,#8701,#8702);
#7587=AXIS2_PLACEMENT_3D('',#11424,#8705,#8706);
#7588=AXIS2_PLACEMENT_3D('',#11427,#8708,#8709);
#7589=AXIS2_PLACEMENT_3D('',#11428,#8710,#8711);
#7590=AXIS2_PLACEMENT_3D('',#11432,#8713,#8714);
#7591=AXIS2_PLACEMENT_3D('',#11434,#8716,#8717);
#7592=AXIS2_PLACEMENT_3D('',#11437,#8719,#8720);
#7593=AXIS2_PLACEMENT_3D('',#11438,#8721,#8722);
#7594=AXIS2_PLACEMENT_3D('',#11442,#8725,#8726);
#7595=AXIS2_PLACEMENT_3D('',#11445,#8728,#8729);
#7596=AXIS2_PLACEMENT_3D('',#11446,#8730,#8731);
#7597=AXIS2_PLACEMENT_3D('',#11450,#8734,#8735);
#7598=AXIS2_PLACEMENT_3D('',#11453,#8737,#8738);
#7599=AXIS2_PLACEMENT_3D('',#11454,#8739,#8740);
#7600=AXIS2_PLACEMENT_3D('',#11458,#8743,#8744);
#7601=AXIS2_PLACEMENT_3D('',#11459,#8745,#8746);
#7602=AXIS2_PLACEMENT_3D('',#11460,#8747,#8748);
#7603=AXIS2_PLACEMENT_3D('',#11465,#8751,#8752);
#7604=AXIS2_PLACEMENT_3D('',#11466,#8753,#8754);
#7605=AXIS2_PLACEMENT_3D('',#11470,#8757,#8758);
#7606=AXIS2_PLACEMENT_3D('',#11473,#8760,#8761);
#7607=AXIS2_PLACEMENT_3D('',#11474,#8762,#8763);
#7608=AXIS2_PLACEMENT_3D('',#11478,#8766,#8767);
#7609=AXIS2_PLACEMENT_3D('',#11481,#8769,#8770);
#7610=AXIS2_PLACEMENT_3D('',#11482,#8771,#8772);
#7611=AXIS2_PLACEMENT_3D('',#11484,#8774,#8775);
#7612=AXIS2_PLACEMENT_3D('',#11490,#8779,#8780);
#7613=AXIS2_PLACEMENT_3D('',#11493,#8782,#8783);
#7614=AXIS2_PLACEMENT_3D('',#11494,#8784,#8785);
#7615=AXIS2_PLACEMENT_3D('',#11498,#8788,#8789);
#7616=AXIS2_PLACEMENT_3D('',#11501,#8791,#8792);
#7617=AXIS2_PLACEMENT_3D('',#11502,#8793,#8794);
#7618=AXIS2_PLACEMENT_3D('',#11506,#8797,#8798);
#7619=AXIS2_PLACEMENT_3D('',#11507,#8799,#8800);
#7620=AXIS2_PLACEMENT_3D('',#11508,#8801,#8802);
#7621=AXIS2_PLACEMENT_3D('',#11510,#8803,#8804);
#7622=AXIS2_PLACEMENT_3D('',#11516,#8808,#8809);
#7623=AXIS2_PLACEMENT_3D('',#11519,#8811,#8812);
#7624=AXIS2_PLACEMENT_3D('',#11520,#8813,#8814);
#7625=AXIS2_PLACEMENT_3D('',#11526,#8818,#8819);
#7626=AXIS2_PLACEMENT_3D('',#11528,#8820,#8821);
#7627=AXIS2_PLACEMENT_3D('',#11531,#8823,#8824);
#7628=AXIS2_PLACEMENT_3D('',#11611,#8827,#8828);
#7629=AXIS2_PLACEMENT_3D('',#11614,#8831,#8832);
#7630=AXIS2_PLACEMENT_3D('',#11616,#8834,#8835);
#7631=AXIS2_PLACEMENT_3D('',#11618,#8837,#8838);
#7632=AXIS2_PLACEMENT_3D('',#11620,#8840,#8841);
#7633=AXIS2_PLACEMENT_3D('',#11622,#8843,#8844);
#7634=AXIS2_PLACEMENT_3D('',#11624,#8846,#8847);
#7635=AXIS2_PLACEMENT_3D('',#11626,#8849,#8850);
#7636=AXIS2_PLACEMENT_3D('',#11627,#8851,#8852);
#7637=AXIS2_PLACEMENT_3D('',#11630,#8853,#8854);
#7638=AXIS2_PLACEMENT_3D('',#11633,#8857,#8858);
#7639=AXIS2_PLACEMENT_3D('',#11637,#8861,#8862);
#7640=AXIS2_PLACEMENT_3D('',#11639,#8863,#8864);
#7641=AXIS2_PLACEMENT_3D('',#11641,#8866,#8867);
#7642=AXIS2_PLACEMENT_3D('',#11645,#8870,#8871);
#7643=AXIS2_PLACEMENT_3D('',#11647,#8872,#8873);
#7644=AXIS2_PLACEMENT_3D('',#11651,#8876,#8877);
#7645=AXIS2_PLACEMENT_3D('',#11653,#8878,#8879);
#7646=AXIS2_PLACEMENT_3D('',#11655,#8881,#8882);
#7647=AXIS2_PLACEMENT_3D('',#11661,#8886,#8887);
#7648=AXIS2_PLACEMENT_3D('',#11665,#8890,#8891);
#7649=AXIS2_PLACEMENT_3D('',#11666,#8892,#8893);
#7650=AXIS2_PLACEMENT_3D('',#11667,#8894,#8895);
#7651=AXIS2_PLACEMENT_3D('',#11670,#8896,#8897);
#7652=AXIS2_PLACEMENT_3D('',#11673,#8900,#8901);
#7653=AXIS2_PLACEMENT_3D('',#11677,#8904,#8905);
#7654=AXIS2_PLACEMENT_3D('',#11680,#8907,#8908);
#7655=AXIS2_PLACEMENT_3D('',#11681,#8909,#8910);
#7656=AXIS2_PLACEMENT_3D('',#11683,#8912,#8913);
#7657=AXIS2_PLACEMENT_3D('',#11685,#8915,#8916);
#7658=AXIS2_PLACEMENT_3D('',#11689,#8919,#8920);
#7659=AXIS2_PLACEMENT_3D('',#11690,#8921,#8922);
#7660=AXIS2_PLACEMENT_3D('',#11691,#8923,#8924);
#7661=AXIS2_PLACEMENT_3D('',#11698,#8928,#8929);
#7662=AXIS2_PLACEMENT_3D('',#11699,#8930,#8931);
#7663=AXIS2_PLACEMENT_3D('',#11701,#8933,#8934);
#7664=AXIS2_PLACEMENT_3D('',#11707,#8937,#8938);
#7665=AXIS2_PLACEMENT_3D('',#11708,#8939,#8940);
#7666=AXIS2_PLACEMENT_3D('',#11710,#8941,#8942);
#7667=AXIS2_PLACEMENT_3D('',#11711,#8943,#8944);
#7668=AXIS2_PLACEMENT_3D('',#11715,#8947,#8948);
#7669=AXIS2_PLACEMENT_3D('',#11718,#8950,#8951);
#7670=AXIS2_PLACEMENT_3D('',#11719,#8952,#8953);
#7671=AXIS2_PLACEMENT_3D('',#11722,#8955,#8956);
#7672=AXIS2_PLACEMENT_3D('',#11723,#8957,#8958);
#7673=AXIS2_PLACEMENT_3D('',#11725,#8960,#8961);
#7674=AXIS2_PLACEMENT_3D('',#11727,#8962,#8963);
#7675=AXIS2_PLACEMENT_3D('',#11729,#8964,#8965);
#7676=AXIS2_PLACEMENT_3D('',#11730,#8966,#8967);
#7677=AXIS2_PLACEMENT_3D('',#11732,#8969,#8970);
#7678=AXIS2_PLACEMENT_3D('',#11734,#8971,#8972);
#7679=AXIS2_PLACEMENT_3D('',#11736,#8974,#8975);
#7680=AXIS2_PLACEMENT_3D('',#11737,#8976,#8977);
#7681=AXIS2_PLACEMENT_3D('',#11743,#8980,#8981);
#7682=AXIS2_PLACEMENT_3D('',#11747,#8983,#8984);
#7683=AXIS2_PLACEMENT_3D('',#11755,#8988,#8989);
#7684=AXIS2_PLACEMENT_3D('',#11759,#8991,#8992);
#7685=AXIS2_PLACEMENT_3D('',#11762,#8994,#8995);
#7686=AXIS2_PLACEMENT_3D('',#11764,#8996,#8997);
#7687=AXIS2_PLACEMENT_3D('',#11765,#8998,#8999);
#7688=AXIS2_PLACEMENT_3D('',#11768,#9001,#9002);
#7689=AXIS2_PLACEMENT_3D('',#11769,#9003,#9004);
#7690=AXIS2_PLACEMENT_3D('',#11772,#9006,#9007);
#7691=AXIS2_PLACEMENT_3D('',#11773,#9008,#9009);
#7692=AXIS2_PLACEMENT_3D('',#11776,#9011,#9012);
#7693=AXIS2_PLACEMENT_3D('',#11777,#9013,#9014);
#7694=AXIS2_PLACEMENT_3D('',#11780,#9016,#9017);
#7695=AXIS2_PLACEMENT_3D('',#11781,#9018,#9019);
#7696=AXIS2_PLACEMENT_3D('',#11784,#9021,#9022);
#7697=AXIS2_PLACEMENT_3D('',#11936,#9025,#9026);
#7698=AXIS2_PLACEMENT_3D('',#12035,#9027,#9028);
#7699=AXIS2_PLACEMENT_3D('',#12041,#9032,#9033);
#7700=AXIS2_PLACEMENT_3D('',#12047,#9037,#9038);
#7701=AXIS2_PLACEMENT_3D('',#12049,#9039,#9040);
#7702=AXIS2_PLACEMENT_3D('',#12052,#9042,#9043);
#7703=AXIS2_PLACEMENT_3D('',#12053,#9044,#9045);
#7704=AXIS2_PLACEMENT_3D('',#12057,#9048,#9049);
#7705=AXIS2_PLACEMENT_3D('',#12061,#9052,#9053);
#7706=AXIS2_PLACEMENT_3D('',#12064,#9055,#9056);
#7707=AXIS2_PLACEMENT_3D('',#12065,#9057,#9058);
#7708=AXIS2_PLACEMENT_3D('',#12069,#9061,#9062);
#7709=AXIS2_PLACEMENT_3D('',#12073,#9065,#9066);
#7710=AXIS2_PLACEMENT_3D('',#12077,#9069,#9070);
#7711=AXIS2_PLACEMENT_3D('',#12079,#9071,#9072);
#7712=AXIS2_PLACEMENT_3D('',#12083,#9074,#9075);
#7713=AXIS2_PLACEMENT_3D('',#12087,#9078,#9079);
#7714=AXIS2_PLACEMENT_3D('',#12126,#9084,#9085);
#7715=AXIS2_PLACEMENT_3D('',#12130,#9088,#9089);
#7716=AXIS2_PLACEMENT_3D('',#12134,#9092,#9093);
#7717=AXIS2_PLACEMENT_3D('',#12138,#9096,#9097);
#7718=AXIS2_PLACEMENT_3D('',#12204,#9105,#9106);
#7719=AXIS2_PLACEMENT_3D('',#12207,#9107,#9108);
#7720=AXIS2_PLACEMENT_3D('',#12210,#9111,#9112);
#7721=AXIS2_PLACEMENT_3D('',#12219,#9117,#9118);
#7722=AXIS2_PLACEMENT_3D('',#12222,#9120,#9121);
#7723=AXIS2_PLACEMENT_3D('',#12223,#9122,#9123);
#7724=AXIS2_PLACEMENT_3D('',#12225,#9125,#9126);
#7725=AXIS2_PLACEMENT_3D('',#12227,#9128,#9129);
#7726=AXIS2_PLACEMENT_3D('',#12228,#9130,#9131);
#7727=AXIS2_PLACEMENT_3D('',#12231,#9133,#9134);
#7728=AXIS2_PLACEMENT_3D('',#12232,#9135,#9136);
#7729=AXIS2_PLACEMENT_3D('',#12236,#9139,#9140);
#7730=AXIS2_PLACEMENT_3D('',#12241,#9143,#9144);
#7731=AXIS2_PLACEMENT_3D('',#12242,#9145,#9146);
#7732=AXIS2_PLACEMENT_3D('',#12254,#9148,#9149);
#7733=AXIS2_PLACEMENT_3D('',#12260,#9153,#9154);
#7734=AXIS2_PLACEMENT_3D('',#12261,#9155,#9156);
#7735=AXIS2_PLACEMENT_3D('',#12262,#9157,#9158);
#7736=AXIS2_PLACEMENT_3D('',#12316,#9163,#9164);
#7737=AXIS2_PLACEMENT_3D('',#12318,#9166,#9167);
#7738=AXIS2_PLACEMENT_3D('',#12418,#9175,#9176);
#7739=AXIS2_PLACEMENT_3D('',#12427,#9181,#9182);
#7740=AXIS2_PLACEMENT_3D('',#12431,#9184,#9185);
#7741=AXIS2_PLACEMENT_3D('',#12432,#9186,#9187);
#7742=AXIS2_PLACEMENT_3D('',#12433,#9188,#9189);
#7743=AXIS2_PLACEMENT_3D('',#12437,#9191,#9192);
#7744=AXIS2_PLACEMENT_3D('',#12438,#9193,#9194);
#7745=AXIS2_PLACEMENT_3D('',#12463,#9195,#9196);
#7746=AXIS2_PLACEMENT_3D('',#12467,#9199,#9200);
#7747=AXIS2_PLACEMENT_3D('',#12470,#9202,#9203);
#7748=AXIS2_PLACEMENT_3D('',#12471,#9204,#9205);
#7749=AXIS2_PLACEMENT_3D('',#12474,#9207,#9208);
#7750=AXIS2_PLACEMENT_3D('',#12475,#9209,#9210);
#7751=AXIS2_PLACEMENT_3D('',#12477,#9211,#9212);
#7752=AXIS2_PLACEMENT_3D('',#12479,#9214,#9215);
#7753=AXIS2_PLACEMENT_3D('',#12480,#9216,#9217);
#7754=AXIS2_PLACEMENT_3D('',#12482,#9218,#9219);
#7755=AXIS2_PLACEMENT_3D('',#12486,#9221,#9222);
#7756=AXIS2_PLACEMENT_3D('',#12489,#9224,#9225);
#7757=AXIS2_PLACEMENT_3D('',#12497,#9229,#9230);
#7758=AXIS2_PLACEMENT_3D('',#12503,#9233,#9234);
#7759=AXIS2_PLACEMENT_3D('',#12507,#9236,#9237);
#7760=AXIS2_PLACEMENT_3D('',#12509,#9238,#9239);
#7761=AXIS2_PLACEMENT_3D('',#12511,#9240,#9241);
#7762=AXIS2_PLACEMENT_3D('',#12514,#9243,#9244);
#7763=AXIS2_PLACEMENT_3D('',#12517,#9245,#9246);
#7764=AXIS2_PLACEMENT_3D('',#12521,#9248,#9249);
#7765=AXIS2_PLACEMENT_3D('',#12525,#9251,#9252);
#7766=AXIS2_PLACEMENT_3D('',#12531,#9255,#9256);
#7767=AXIS2_PLACEMENT_3D('',#12535,#9258,#9259);
#7768=AXIS2_PLACEMENT_3D('',#12539,#9261,#9262);
#7769=AXIS2_PLACEMENT_3D('',#12542,#9264,#9265);
#7770=AXIS2_PLACEMENT_3D('',#12544,#9266,#9267);
#7771=AXIS2_PLACEMENT_3D('',#12549,#9269,#9270);
#7772=AXIS2_PLACEMENT_3D('',#12553,#9272,#9273);
#7773=AXIS2_PLACEMENT_3D('',#12556,#9275,#9276);
#7774=AXIS2_PLACEMENT_3D('',#12557,#9277,#9278);
#7775=AXIS2_PLACEMENT_3D('',#12561,#9281,#9282);
#7776=AXIS2_PLACEMENT_3D('',#12572,#9285,#9286);
#7777=AXIS2_PLACEMENT_3D('',#12576,#9288,#9289);
#7778=AXIS2_PLACEMENT_3D('',#12580,#9291,#9292);
#7779=AXIS2_PLACEMENT_3D('',#12584,#9294,#9295);
#7780=AXIS2_PLACEMENT_3D('',#12586,#9297,#9298);
#7781=AXIS2_PLACEMENT_3D('',#12589,#9301,#9302);
#7782=AXIS2_PLACEMENT_3D('',#12591,#9304,#9305);
#7783=AXIS2_PLACEMENT_3D('',#12593,#9307,#9308);
#7784=AXIS2_PLACEMENT_3D('',#12595,#9310,#9311);
#7785=AXIS2_PLACEMENT_3D('',#12597,#9313,#9314);
#7786=AXIS2_PLACEMENT_3D('',#12598,#9315,#9316);
#7787=AXIS2_PLACEMENT_3D('',#12599,#9317,#9318);
#7788=AXIS2_PLACEMENT_3D('',#12600,#9319,#9320);
#7789=AXIS2_PLACEMENT_3D('',#12603,#9321,#9322);
#7790=AXIS2_PLACEMENT_3D('',#12606,#9325,#9326);
#7791=AXIS2_PLACEMENT_3D('',#12609,#9328,#9329);
#7792=AXIS2_PLACEMENT_3D('',#12610,#9330,#9331);
#7793=AXIS2_PLACEMENT_3D('',#12613,#9333,#9334);
#7794=AXIS2_PLACEMENT_3D('',#12614,#9335,#9336);
#7795=AXIS2_PLACEMENT_3D('',#12618,#9339,#9340);
#7796=AXIS2_PLACEMENT_3D('',#12621,#9341,#9342);
#7797=AXIS2_PLACEMENT_3D('',#12625,#9344,#9345);
#7798=AXIS2_PLACEMENT_3D('',#12629,#9347,#9348);
#7799=AXIS2_PLACEMENT_3D('',#12631,#9350,#9351);
#7800=AXIS2_PLACEMENT_3D('',#12634,#9354,#9355);
#7801=AXIS2_PLACEMENT_3D('',#12636,#9357,#9358);
#7802=AXIS2_PLACEMENT_3D('',#12638,#9360,#9361);
#7803=AXIS2_PLACEMENT_3D('',#12640,#9363,#9364);
#7804=AXIS2_PLACEMENT_3D('',#12642,#9366,#9367);
#7805=AXIS2_PLACEMENT_3D('',#12643,#9368,#9369);
#7806=AXIS2_PLACEMENT_3D('',#12646,#9370,#9371);
#7807=AXIS2_PLACEMENT_3D('',#12650,#9373,#9374);
#7808=AXIS2_PLACEMENT_3D('',#12654,#9376,#9377);
#7809=AXIS2_PLACEMENT_3D('',#12656,#9379,#9380);
#7810=AXIS2_PLACEMENT_3D('',#12659,#9383,#9384);
#7811=AXIS2_PLACEMENT_3D('',#12661,#9386,#9387);
#7812=AXIS2_PLACEMENT_3D('',#12663,#9389,#9390);
#7813=AXIS2_PLACEMENT_3D('',#12665,#9392,#9393);
#7814=AXIS2_PLACEMENT_3D('',#12667,#9395,#9396);
#7815=AXIS2_PLACEMENT_3D('',#12668,#9397,#9398);
#7816=AXIS2_PLACEMENT_3D('',#12671,#9399,#9400);
#7817=AXIS2_PLACEMENT_3D('',#12675,#9402,#9403);
#7818=AXIS2_PLACEMENT_3D('',#12677,#9404,#9405);
#7819=AXIS2_PLACEMENT_3D('',#12679,#9406,#9407);
#7820=AXIS2_PLACEMENT_3D('',#12683,#9409,#9410);
#7821=AXIS2_PLACEMENT_3D('',#12685,#9412,#9413);
#7822=AXIS2_PLACEMENT_3D('',#12688,#9416,#9417);
#7823=AXIS2_PLACEMENT_3D('',#12690,#9419,#9420);
#7824=AXIS2_PLACEMENT_3D('',#12692,#9422,#9423);
#7825=AXIS2_PLACEMENT_3D('',#12694,#9425,#9426);
#7826=AXIS2_PLACEMENT_3D('',#12696,#9428,#9429);
#7827=AXIS2_PLACEMENT_3D('',#12698,#9431,#9432);
#7828=AXIS2_PLACEMENT_3D('',#12700,#9434,#9435);
#7829=AXIS2_PLACEMENT_3D('',#12701,#9436,#9437);
#7830=AXIS2_PLACEMENT_3D('',#12704,#9438,#9439);
#7831=AXIS2_PLACEMENT_3D('',#12708,#9441,#9442);
#7832=AXIS2_PLACEMENT_3D('',#12712,#9444,#9445);
#7833=AXIS2_PLACEMENT_3D('',#12714,#9447,#9448);
#7834=AXIS2_PLACEMENT_3D('',#12717,#9451,#9452);
#7835=AXIS2_PLACEMENT_3D('',#12719,#9454,#9455);
#7836=AXIS2_PLACEMENT_3D('',#12721,#9457,#9458);
#7837=AXIS2_PLACEMENT_3D('',#12723,#9460,#9461);
#7838=AXIS2_PLACEMENT_3D('',#12725,#9463,#9464);
#7839=AXIS2_PLACEMENT_3D('',#12726,#9465,#9466);
#7840=AXIS2_PLACEMENT_3D('',#12729,#9467,#9468);
#7841=AXIS2_PLACEMENT_3D('',#12733,#9470,#9471);
#7842=AXIS2_PLACEMENT_3D('',#12737,#9473,#9474);
#7843=AXIS2_PLACEMENT_3D('',#12741,#9476,#9477);
#7844=AXIS2_PLACEMENT_3D('',#12743,#9479,#9480);
#7845=AXIS2_PLACEMENT_3D('',#12746,#9483,#9484);
#7846=AXIS2_PLACEMENT_3D('',#12748,#9486,#9487);
#7847=AXIS2_PLACEMENT_3D('',#12750,#9489,#9490);
#7848=AXIS2_PLACEMENT_3D('',#12752,#9492,#9493);
#7849=AXIS2_PLACEMENT_3D('',#12754,#9495,#9496);
#7850=AXIS2_PLACEMENT_3D('',#12756,#9498,#9499);
#7851=AXIS2_PLACEMENT_3D('',#12758,#9501,#9502);
#7852=AXIS2_PLACEMENT_3D('',#12759,#9503,#9504);
#7853=AXIS2_PLACEMENT_3D('',#12761,#9505,#9506);
#7854=AXIS2_PLACEMENT_3D('',#12764,#9508,#9509);
#7855=AXIS2_PLACEMENT_3D('',#12765,#9510,#9511);
#7856=AXIS2_PLACEMENT_3D('',#12767,#9513,#9514);
#7857=AXIS2_PLACEMENT_3D('',#12781,#9521,#9522);
#7858=AXIS2_PLACEMENT_3D('',#12782,#9523,#9524);
#7859=AXIS2_PLACEMENT_3D('',#12809,#9526,#9527);
#7860=AXIS2_PLACEMENT_3D('',#12811,#9528,#9529);
#7861=AXIS2_PLACEMENT_3D('',#12837,#9533,#9534);
#7862=AXIS2_PLACEMENT_3D('',#12912,#9540,#9541);
#7863=AXIS2_PLACEMENT_3D('',#12916,#9544,#9545);
#7864=AXIS2_PLACEMENT_3D('',#12922,#9549,#9550);
#7865=AXIS2_PLACEMENT_3D('',#12926,#9553,#9554);
#7866=AXIS2_PLACEMENT_3D('',#12930,#9557,#9558);
#7867=AXIS2_PLACEMENT_3D('',#12934,#9561,#9562);
#7868=AXIS2_PLACEMENT_3D('',#12938,#9565,#9566);
#7869=AXIS2_PLACEMENT_3D('',#12940,#9568,#9569);
#7870=AXIS2_PLACEMENT_3D('',#12942,#9570,#9571);
#7871=AXIS2_PLACEMENT_3D('',#12944,#9573,#9574);
#7872=AXIS2_PLACEMENT_3D('',#12946,#9575,#9576);
#7873=AXIS2_PLACEMENT_3D('',#12948,#9578,#9579);
#7874=AXIS2_PLACEMENT_3D('',#12949,#9580,#9581);
#7875=AXIS2_PLACEMENT_3D('',#12999,#9584,#9585);
#7876=AXIS2_PLACEMENT_3D('',#13050,#9589,#9590);
#7877=AXIS2_PLACEMENT_3D('',#13052,#9591,#9592);
#7878=AXIS2_PLACEMENT_3D('',#13053,#9593,#9594);
#7879=AXIS2_PLACEMENT_3D('',#13056,#9595,#9596);
#7880=AXIS2_PLACEMENT_3D('',#13060,#9598,#9599);
#7881=AXIS2_PLACEMENT_3D('',#13064,#9601,#9602);
#7882=AXIS2_PLACEMENT_3D('',#13066,#9603,#9604);
#7883=AXIS2_PLACEMENT_3D('',#13068,#9605,#9606);
#7884=AXIS2_PLACEMENT_3D('',#13070,#9608,#9609);
#7885=AXIS2_PLACEMENT_3D('',#13073,#9610,#9611);
#7886=AXIS2_PLACEMENT_3D('',#13077,#9613,#9614);
#7887=AXIS2_PLACEMENT_3D('',#13081,#9616,#9617);
#7888=AXIS2_PLACEMENT_3D('',#13083,#9619,#9620);
#7889=AXIS2_PLACEMENT_3D('',#13086,#9621,#9622);
#7890=AXIS2_PLACEMENT_3D('',#13090,#9624,#9625);
#7891=AXIS2_PLACEMENT_3D('',#13094,#9627,#9628);
#7892=AXIS2_PLACEMENT_3D('',#13096,#9630,#9631);
#7893=AXIS2_PLACEMENT_3D('',#13100,#9633,#9634);
#7894=AXIS2_PLACEMENT_3D('',#13101,#9635,#9636);
#7895=AXIS2_PLACEMENT_3D('',#13102,#9637,#9638);
#7896=AXIS2_PLACEMENT_3D('',#13105,#9639,#9640);
#7897=AXIS2_PLACEMENT_3D('',#13109,#9642,#9643);
#7898=AXIS2_PLACEMENT_3D('',#13113,#9645,#9646);
#7899=AXIS2_PLACEMENT_3D('',#13117,#9648,#9649);
#7900=AXIS2_PLACEMENT_3D('',#13119,#9651,#9652);
#7901=AXIS2_PLACEMENT_3D('',#13121,#9653,#9654);
#7902=AXIS2_PLACEMENT_3D('',#13123,#9656,#9657);
#7903=AXIS2_PLACEMENT_3D('',#13127,#9660,#9661);
#7904=AXIS2_PLACEMENT_3D('',#13130,#9663,#9664);
#7905=AXIS2_PLACEMENT_3D('',#13131,#9665,#9666);
#7906=AXIS2_PLACEMENT_3D('',#13137,#9670,#9671);
#7907=AXIS2_PLACEMENT_3D('',#13141,#9674,#9675);
#7908=AXIS2_PLACEMENT_3D('',#13145,#9678,#9679);
#7909=AXIS2_PLACEMENT_3D('',#13149,#9682,#9683);
#7910=AXIS2_PLACEMENT_3D('',#13153,#9686,#9687);
#7911=AXIS2_PLACEMENT_3D('',#13155,#9689,#9690);
#7912=AXIS2_PLACEMENT_3D('',#13159,#9693,#9694);
#7913=AXIS2_PLACEMENT_3D('',#13161,#9695,#9696);
#7914=AXIS2_PLACEMENT_3D('',#13163,#9698,#9699);
#7915=AXIS2_PLACEMENT_3D('',#13166,#9701,#9702);
#7916=AXIS2_PLACEMENT_3D('',#13167,#9703,#9704);
#7917=AXIS2_PLACEMENT_3D('',#13169,#9705,#9706);
#7918=AXIS2_PLACEMENT_3D('',#13171,#9708,#9709);
#7919=AXIS2_PLACEMENT_3D('',#13195,#9712,#9713);
#7920=AXIS2_PLACEMENT_3D('',#13197,#9715,#9716);
#7921=AXIS2_PLACEMENT_3D('',#13201,#9719,#9720);
#7922=AXIS2_PLACEMENT_3D('',#13204,#9722,#9723);
#7923=AXIS2_PLACEMENT_3D('',#13205,#9724,#9725);
#7924=AXIS2_PLACEMENT_3D('',#13210,#9727,#9728);
#7925=AXIS2_PLACEMENT_3D('',#13213,#9730,#9731);
#7926=AXIS2_PLACEMENT_3D('',#13214,#9732,#9733);
#7927=AXIS2_PLACEMENT_3D('',#13216,#9734,#9735);
#7928=AXIS2_PLACEMENT_3D('',#13219,#9738,#9739);
#7929=AXIS2_PLACEMENT_3D('',#13223,#9742,#9743);
#7930=AXIS2_PLACEMENT_3D('',#13226,#9745,#9746);
#7931=AXIS2_PLACEMENT_3D('',#13227,#9747,#9748);
#7932=AXIS2_PLACEMENT_3D('',#13232,#9751,#9752);
#7933=AXIS2_PLACEMENT_3D('',#13233,#9753,#9754);
#7934=AXIS2_PLACEMENT_3D('',#13235,#9755,#9756);
#7935=AXIS2_PLACEMENT_3D('',#13237,#9758,#9759);
#7936=AXIS2_PLACEMENT_3D('',#13241,#9762,#9763);
#7937=AXIS2_PLACEMENT_3D('',#13243,#9764,#9765);
#7938=AXIS2_PLACEMENT_3D('',#13245,#9767,#9768);
#7939=AXIS2_PLACEMENT_3D('',#13249,#9771,#9772);
#7940=AXIS2_PLACEMENT_3D('',#13252,#9774,#9775);
#7941=AXIS2_PLACEMENT_3D('',#13253,#9776,#9777);
#7942=AXIS2_PLACEMENT_3D('',#13257,#9780,#9781);
#7943=AXIS2_PLACEMENT_3D('',#13258,#9782,#9783);
#7944=AXIS2_PLACEMENT_3D('',#13259,#9784,#9785);
#7945=AXIS2_PLACEMENT_3D('',#13263,#9787,#9788);
#7946=AXIS2_PLACEMENT_3D('',#13265,#9790,#9791);
#7947=AXIS2_PLACEMENT_3D('',#13269,#9794,#9795);
#7948=AXIS2_PLACEMENT_3D('',#13271,#9796,#9797);
#7949=AXIS2_PLACEMENT_3D('',#13273,#9799,#9800);
#7950=AXIS2_PLACEMENT_3D('',#13277,#9803,#9804);
#7951=AXIS2_PLACEMENT_3D('',#13279,#9805,#9806);
#7952=AXIS2_PLACEMENT_3D('',#13281,#9808,#9809);
#7953=AXIS2_PLACEMENT_3D('',#13283,#9811,#9812);
#7954=AXIS2_PLACEMENT_3D('',#13289,#9816,#9817);
#7955=AXIS2_PLACEMENT_3D('',#13291,#9818,#9819);
#7956=AXIS2_PLACEMENT_3D('',#13293,#9821,#9822);
#7957=AXIS2_PLACEMENT_3D('',#13297,#9825,#9826);
#7958=AXIS2_PLACEMENT_3D('',#13300,#9828,#9829);
#7959=AXIS2_PLACEMENT_3D('',#13301,#9830,#9831);
#7960=AXIS2_PLACEMENT_3D('',#13305,#9834,#9835);
#7961=AXIS2_PLACEMENT_3D('',#13306,#9836,#9837);
#7962=AXIS2_PLACEMENT_3D('',#13307,#9838,#9839);
#7963=AXIS2_PLACEMENT_3D('',#13309,#9840,#9841);
#7964=AXIS2_PLACEMENT_3D('',#13315,#9845,#9846);
#7965=AXIS2_PLACEMENT_3D('',#13317,#9847,#9848);
#7966=AXIS2_PLACEMENT_3D('',#13319,#9850,#9851);
#7967=AXIS2_PLACEMENT_3D('',#13323,#9854,#9855);
#7968=AXIS2_PLACEMENT_3D('',#13325,#9856,#9857);
#7969=AXIS2_PLACEMENT_3D('',#13328,#9859,#9860);
#7970=AXIS2_PLACEMENT_3D('',#13393,#9863,#9864);
#7971=AXIS2_PLACEMENT_3D('',#13396,#9867,#9868);
#7972=AXIS2_PLACEMENT_3D('',#13398,#9870,#9871);
#7973=AXIS2_PLACEMENT_3D('',#13400,#9873,#9874);
#7974=AXIS2_PLACEMENT_3D('',#13402,#9876,#9877);
#7975=AXIS2_PLACEMENT_3D('',#13404,#9879,#9880);
#7976=AXIS2_PLACEMENT_3D('',#13406,#9882,#9883);
#7977=AXIS2_PLACEMENT_3D('',#13408,#9885,#9886);
#7978=AXIS2_PLACEMENT_3D('',#13409,#9887,#9888);
#7979=AXIS2_PLACEMENT_3D('',#13411,#9889,#9890);
#7980=AXIS2_PLACEMENT_3D('',#13413,#9892,#9893);
#7981=AXIS2_PLACEMENT_3D('',#13417,#9896,#9897);
#7982=AXIS2_PLACEMENT_3D('',#13419,#9898,#9899);
#7983=AXIS2_PLACEMENT_3D('',#13421,#9901,#9902);
#7984=AXIS2_PLACEMENT_3D('',#13425,#9905,#9906);
#7985=AXIS2_PLACEMENT_3D('',#13429,#9909,#9910);
#7986=AXIS2_PLACEMENT_3D('',#13430,#9911,#9912);
#7987=AXIS2_PLACEMENT_3D('',#13433,#9914,#9915);
#7988=AXIS2_PLACEMENT_3D('',#13434,#9916,#9917);
#7989=AXIS2_PLACEMENT_3D('',#13439,#9921,#9922);
#7990=AXIS2_PLACEMENT_3D('',#13443,#9925,#9926);
#7991=AXIS2_PLACEMENT_3D('',#13444,#9927,#9928);
#7992=AXIS2_PLACEMENT_3D('',#13445,#9929,#9930);
#7993=AXIS2_PLACEMENT_3D('',#13447,#9932,#9933);
#7994=AXIS2_PLACEMENT_3D('',#13449,#9935,#9936);
#7995=AXIS2_PLACEMENT_3D('',#13451,#9938,#9939);
#7996=AXIS2_PLACEMENT_3D('',#13452,#9940,#9941);
#7997=AXIS2_PLACEMENT_3D('',#13453,#9942,#9943);
#7998=AXIS2_PLACEMENT_3D('',#13455,#9945,#9946);
#7999=AXIS2_PLACEMENT_3D('',#13456,#9947,#9948);
#8000=AXIS2_PLACEMENT_3D('',#13460,#9951,#9952);
#8001=AXIS2_PLACEMENT_3D('',#13461,#9953,#9954);
#8002=AXIS2_PLACEMENT_3D('',#13465,#9956,#9957);
#8003=AXIS2_PLACEMENT_3D('',#13467,#9958,#9959);
#8004=AXIS2_PLACEMENT_3D('',#13470,#9961,#9962);
#8005=AXIS2_PLACEMENT_3D('',#13471,#9963,#9964);
#8006=AXIS2_PLACEMENT_3D('',#13473,#9966,#9967);
#8007=AXIS2_PLACEMENT_3D('',#13475,#9969,#9970);
#8008=AXIS2_PLACEMENT_3D('',#13477,#9972,#9973);
#8009=AXIS2_PLACEMENT_3D('',#13478,#9974,#9975);
#8010=AXIS2_PLACEMENT_3D('',#13480,#9976,#9977);
#8011=AXIS2_PLACEMENT_3D('',#13482,#9978,#9979);
#8012=AXIS2_PLACEMENT_3D('',#13483,#9980,#9981);
#8013=AXIS2_PLACEMENT_3D('',#13485,#9983,#9984);
#8014=AXIS2_PLACEMENT_3D('',#13487,#9985,#9986);
#8015=AXIS2_PLACEMENT_3D('',#13489,#9988,#9989);
#8016=AXIS2_PLACEMENT_3D('',#13490,#9990,#9991);
#8017=AXIS2_PLACEMENT_3D('',#13497,#9995,#9996);
#8018=AXIS2_PLACEMENT_3D('',#13504,#9998,#9999);
#8019=AXIS2_PLACEMENT_3D('',#13505,#10000,#10001);
#8020=AXIS2_PLACEMENT_3D('',#13506,#10002,#10003);
#8021=AXIS2_PLACEMENT_3D('',#13507,#10004,#10005);
#8022=AXIS2_PLACEMENT_3D('',#13508,#10006,#10007);
#8023=AXIS2_PLACEMENT_3D('',#13510,#10008,#10009);
#8024=AXIS2_PLACEMENT_3D('',#13511,#10010,#10011);
#8025=DIRECTION('axis',(0.,0.,1.));
#8026=DIRECTION('refdir',(1.,0.,0.));
#8027=DIRECTION('center_axis',(1.,2.48465628975414E-14,-7.47492506255762E-15));
#8028=DIRECTION('ref_axis',(-7.47492506255763E-15,8.32667268467608E-17,
-1.));
#8029=DIRECTION('center_axis',(1.,2.48465628975414E-14,-7.47492506255762E-15));
#8030=DIRECTION('ref_axis',(-7.40775488221821E-15,1.38777878077978E-16,
-1.));
#8031=DIRECTION('center_axis',(-1.,-1.34850288660681E-14,7.4077548822182E-15));
#8032=DIRECTION('ref_axis',(-7.40775488221821E-15,1.38777878077978E-16,
-1.));
#8033=DIRECTION('',(0.707106781186563,9.7200817399845E-15,-0.707106781186532));
#8034=DIRECTION('center_axis',(1.,2.48465628975414E-14,-7.47492506255762E-15));
#8035=DIRECTION('ref_axis',(-7.47492506255763E-15,8.32667268467608E-17,
-1.));
#8036=DIRECTION('center_axis',(1.,2.48465628975414E-14,-7.47492506255762E-15));
#8037=DIRECTION('ref_axis',(-7.4077548822182E-15,1.38777878077978E-16,-1.));
#8038=DIRECTION('center_axis',(-1.,-1.34850288660681E-14,7.4077548822182E-15));
#8039=DIRECTION('ref_axis',(-7.4077548822182E-15,1.38777878077978E-16,-1.));
#8040=DIRECTION('',(0.707106781186563,9.7200817399845E-15,-0.707106781186532));
#8041=DIRECTION('center_axis',(1.,-5.97806556583466E-13,5.94825214803472E-15));
#8042=DIRECTION('ref_axis',(-4.17781280155743E-13,-0.691670861398953,0.722212863006213));
#8043=DIRECTION('',(-5.97795590931895E-13,-0.999766769336184,0.0215964564475047));
#8044=DIRECTION('',(-4.27741506867711E-13,-0.72221286300621,-0.691670861398956));
#8045=DIRECTION('',(-4.17781280155743E-13,-0.691670861398953,0.722212863006213));
#8046=DIRECTION('center_axis',(-1.,-1.13615340314731E-14,-6.17244803304588E-15));
#8047=DIRECTION('ref_axis',(-6.17244803304588E-15,-1.28824683608084E-28,
1.));
#8048=DIRECTION('',(1.12255811682288E-14,-0.999766769336184,0.0215964564475047));
#8049=DIRECTION('center_axis',(7.11479832803026E-15,0.0215964564475047,
0.999766769336184));
#8050=DIRECTION('ref_axis',(1.,1.34850288660681E-14,-7.4077548822182E-15));
#8051=DIRECTION('center_axis',(7.11479832803026E-15,0.0215964564475047,
0.999766769336184));
#8052=DIRECTION('ref_axis',(5.97597340595875E-13,0.999766769336184,-0.0215964564474996));
#8053=DIRECTION('center_axis',(7.11479832803026E-15,0.0215964564475047,
0.999766769336184));
#8054=DIRECTION('ref_axis',(5.97597340595875E-13,0.999766769336184,-0.0215964564474996));
#8055=DIRECTION('center_axis',(-7.04294385018925E-15,-0.0215964564474954,
-0.999766769336184));
#8056=DIRECTION('ref_axis',(5.97597340595875E-13,0.999766769336184,-0.0215964564474996));
#8057=DIRECTION('center_axis',(1.,-2.12327949496157E-15,7.35055344260291E-15));
#8058=DIRECTION('ref_axis',(7.35055344260291E-15,8.32667268469292E-17,-1.));
#8059=DIRECTION('center_axis',(1.,-2.12327949496157E-15,7.35055344260291E-15));
#8060=DIRECTION('ref_axis',(7.28338326226349E-15,1.38777878078145E-16,-1.));
#8061=DIRECTION('center_axis',(1.,9.23825453651173E-15,7.28338326226349E-15));
#8062=DIRECTION('ref_axis',(7.28338326226349E-15,1.38777878078145E-16,-1.));
#8063=DIRECTION('',(-0.707106781186563,-6.34770604480374E-15,-0.707106781186532));
#8064=DIRECTION('center_axis',(-1.,-1.3702655478049E-14,7.34058470187878E-15));
#8065=DIRECTION('ref_axis',(-5.33382833344949E-15,-0.141091300237193,-0.989996588376636));
#8066=DIRECTION('',(8.1465833318941E-15,-0.0207079109648935,-0.999785568221241));
#8067=DIRECTION('center_axis',(9.11408832807375E-15,0.38091702077574,0.924609227340575));
#8068=DIRECTION('ref_axis',(-0.707106781187064,0.653797454599702,-0.269349008459695));
#8069=DIRECTION('center_axis',(-1.56759764801744E-15,-0.380917020775737,
-0.924609227340576));
#8070=DIRECTION('ref_axis',(-0.707106781187064,0.653797454599701,-0.269349008459697));
#8071=DIRECTION('',(-0.707106781186649,0.269349008458932,0.653797454600464));
#8072=DIRECTION('center_axis',(9.24140854980219E-15,0.380917020775727,0.92460922734058));
#8073=DIRECTION('ref_axis',(-0.707106781187064,0.653797454599704,-0.269349008459691));
#8074=DIRECTION('',(8.66526209774941E-16,0.923146463060106,0.384448446140202));
#8075=DIRECTION('center_axis',(-0.707106781186521,-0.26934900846084,-0.653797454599817));
#8076=DIRECTION('ref_axis',(-0.678887343786113,-9.2567120368815E-15,0.734242449363312));
#8077=DIRECTION('',(1.44343733326156E-12,-0.924609227340576,0.380917020775737));
#8078=DIRECTION('',(-0.707106781186586,0.269349008458947,0.653797454600527));
#8079=DIRECTION('',(1.43149613939076E-12,-0.92460922734058,0.380917020775727));
#8080=DIRECTION('center_axis',(9.11408832807325E-15,0.380917020775727,0.92460922734058));
#8081=DIRECTION('ref_axis',(-0.707106781186041,-0.653797454600644,0.269349008460093));
#8082=DIRECTION('center_axis',(-1.56759764801744E-15,-0.380917020775737,
-0.924609227340576));
#8083=DIRECTION('ref_axis',(-0.707106781186041,-0.653797454600644,0.269349008460093));
#8084=DIRECTION('',(1.2022741112453E-14,-0.384448446140333,0.923146463060052));
#8085=DIRECTION('center_axis',(9.24140854980219E-15,0.380917020775727,0.92460922734058));
#8086=DIRECTION('ref_axis',(-0.707106781186041,-0.653797454600644,0.269349008460093));
#8087=DIRECTION('center_axis',(-6.9365839673159E-15,-0.0215964564483231,
-0.999766769336167));
#8088=DIRECTION('ref_axis',(1.,2.48465628975414E-14,-7.47492506255762E-15));
#8089=DIRECTION('',(6.9365839673159E-15,0.0215964564483231,0.999766769336167));
#8090=DIRECTION('center_axis',(-6.9365839673159E-15,-0.021596456448323,
-0.999766769336167));
#8091=DIRECTION('ref_axis',(1.,2.48465628975414E-14,-7.47492506255762E-15));
#8092=DIRECTION('',(6.9365839673159E-15,0.0215964564483231,0.999766769336167));
#8093=DIRECTION('',(6.9365839673159E-15,0.0215964564483231,0.999766769336167));
#8094=DIRECTION('',(6.9365839673159E-15,0.0215964564483231,0.999766769336167));
#8095=DIRECTION('',(6.9365839673159E-15,0.0215964564483231,0.999766769336167));
#8096=DIRECTION('center_axis',(-6.93658396731589E-15,-0.0215964564483239,
-0.999766769336167));
#8097=DIRECTION('ref_axis',(1.,2.48465628975414E-14,-7.47492506255762E-15));
#8098=DIRECTION('',(-0.707106781186556,0.0152710008041914,0.706941862202562));
#8099=DIRECTION('center_axis',(6.9365839673159E-15,0.021596456448323,0.999766769336167));
#8100=DIRECTION('ref_axis',(1.,2.48465628975414E-14,-7.47492506255762E-15));
#8101=DIRECTION('',(0.463105824922725,-0.549499248236076,-0.69540173361204));
#8102=DIRECTION('',(0.504888822108851,-0.547582444276688,0.667263624086841));
#8103=DIRECTION('',(-0.577844332109183,0.441915907109168,-0.686153232808221));
#8104=DIRECTION('',(0.619167590901812,-0.348401030952948,0.703738741300896));
#8105=DIRECTION('',(-0.638691879932524,0.295886376429339,-0.710298482858984));
#8106=DIRECTION('',(0.707088461172667,-0.00254450726964384,0.707120522654537));
#8107=DIRECTION('center_axis',(0.707106781187145,8.03381775834316E-15,-0.70710678118595));
#8108=DIRECTION('ref_axis',(-0.70710678118595,-1.7510294646814E-14,-0.707106781187145));
#8109=DIRECTION('',(-0.70710678118595,-4.94955497733192E-15,-0.707106781187145));
#8110=DIRECTION('',(1.13615340314731E-14,-1.,-5.86961817291009E-29));
#8111=DIRECTION('',(0.707106781185962,4.949554977332E-15,0.707106781187133));
#8112=DIRECTION('',(-1.13615340314731E-14,1.,5.86961817291009E-29));
#8113=DIRECTION('center_axis',(-1.,-7.08299450354116E-15,-1.02886433314426E-14));
#8114=DIRECTION('ref_axis',(2.41719847597868E-15,0.347532300791721,-0.937668011561882));
#8115=DIRECTION('',(0.707106781186645,-0.460849662465442,0.536299905468339));
#8116=DIRECTION('center_axis',(1.,1.13615340314731E-14,6.17244803304588E-15));
#8117=DIRECTION('ref_axis',(1.83920701113391E-15,0.347532300791721,-0.937668011561881));
#8118=DIRECTION('center_axis',(-1.,-1.13615340314731E-14,-6.17244803304588E-15));
#8119=DIRECTION('ref_axis',(3.09152185163088E-15,0.347532300791721,-0.937668011561882));
#8120=DIRECTION('center_axis',(1.,7.08299450353849E-15,-7.47492506255762E-15));
#8121=DIRECTION('ref_axis',(6.34058406277751E-15,-0.865415592287068,0.501054740149639));
#8122=DIRECTION('',(0.707106781186531,0.60498076643957,0.366057744404095));
#8123=DIRECTION('center_axis',(-1.,-1.13615340314731E-14,-6.17244803304588E-15));
#8124=DIRECTION('ref_axis',(6.73971435785198E-15,-0.865415592287069,0.501054740149639));
#8125=DIRECTION('center_axis',(1.,1.13615340314731E-14,6.17244803304588E-15));
#8126=DIRECTION('ref_axis',(6.00910297025805E-15,-0.865415592287068,0.501054740149639));
#8127=DIRECTION('center_axis',(7.35055344260292E-15,1.42210667093553E-28,
-1.));
#8128=DIRECTION('ref_axis',(-1.,-2.48465628975414E-14,-7.35055344260292E-15));
#8129=DIRECTION('',(1.,1.01572510356838E-13,7.35055344260292E-15));
#8130=DIRECTION('',(1.13615340314731E-14,-1.,-5.86838557774568E-29));
#8131=DIRECTION('',(1.,1.11993968005403E-14,7.35055344260292E-15));
#8132=DIRECTION('center_axis',(1.,1.11993968005403E-14,7.35055344260292E-15));
#8133=DIRECTION('ref_axis',(3.09152185163089E-15,0.347532300791721,-0.937668011561882));
#8134=DIRECTION('center_axis',(-1.,-1.13615340314731E-14,-6.17244803304588E-15));
#8135=DIRECTION('ref_axis',(3.09152185163089E-15,0.347532300791721,-0.937668011561882));
#8136=DIRECTION('',(-1.,-1.11993968005403E-14,-7.35055344260292E-15));
#8137=DIRECTION('center_axis',(1.,1.11993968005403E-14,7.35055344260292E-15));
#8138=DIRECTION('ref_axis',(6.00910297025805E-15,-0.865415592287068,0.501054740149639));
#8139=DIRECTION('center_axis',(1.,1.13615340314731E-14,6.17244803304588E-15));
#8140=DIRECTION('ref_axis',(6.00910297025805E-15,-0.865415592287068,0.501054740149639));
#8141=DIRECTION('',(1.,1.11993968005403E-14,7.35055344260292E-15));
#8142=DIRECTION('center_axis',(-1.,-1.56402888990414E-14,-7.35055344260292E-15));
#8143=DIRECTION('ref_axis',(1.23988208201262E-14,-0.650863540267643,-0.759194739148178));
#8144=DIRECTION('center_axis',(1.,1.13615340314731E-14,6.17244803304588E-15));
#8145=DIRECTION('ref_axis',(1.27697303838321E-14,-0.650863540267643,-0.759194739148178));
#8146=DIRECTION('',(-0.707106781186525,-0.269349008459918,-0.653797454600192));
#8147=DIRECTION('center_axis',(-1.,-1.13615340314731E-14,-6.17244803304588E-15));
#8148=DIRECTION('ref_axis',(1.20808983369498E-14,-0.650863540267643,-0.759194739148178));
#8149=DIRECTION('center_axis',(-1.,-1.13615340314731E-14,-6.17244803304588E-15));
#8150=DIRECTION('ref_axis',(-6.17244803304588E-15,-1.28824683608084E-28,
1.));
#8151=DIRECTION('',(8.15378868660308E-15,-0.924609227340577,0.380917020775735));
#8152=DIRECTION('center_axis',(1.,1.13615340314731E-14,6.17244803304588E-15));
#8153=DIRECTION('ref_axis',(-1.00349041013435E-14,0.380917020775531,0.924609227340661));
#8154=DIRECTION('',(-6.41637730378148E-15,0.0215964564475191,0.999766769336184));
#8155=DIRECTION('',(-1.247474846897E-14,0.722212863006248,0.691670861398916));
#8156=DIRECTION('',(-1.12255811682235E-14,0.999766769336166,-0.0215964564483235));
#8157=DIRECTION('center_axis',(-1.,-1.13615340314731E-14,-6.17244803304588E-15));
#8158=DIRECTION('ref_axis',(5.8739734139842E-15,-0.402546702940746,-0.91539944939438));
#8159=DIRECTION('',(-1.24747484689698E-14,0.722212863006211,0.691670861398955));
#8160=DIRECTION('center_axis',(-1.,-1.13615340314731E-14,-6.17244803304588E-15));
#8161=DIRECTION('ref_axis',(-7.69121046979608E-16,0.927958205687694,0.37268427455002));
#8162=DIRECTION('',(1.1361534031473E-14,-1.,1.72185920458127E-15));
#8163=DIRECTION('center_axis',(-1.,-1.13615340314731E-14,-6.17244803304588E-15));
#8164=DIRECTION('ref_axis',(-6.73853607862291E-15,-0.699429604589517,0.714701495887446));
#8165=DIRECTION('',(-1.23983976190246E-14,0.707106781186548,0.707106781186548));
#8166=DIRECTION('center_axis',(-1.,-1.13615340314731E-14,-6.17244803304588E-15));
#8167=DIRECTION('ref_axis',(6.41174101123372E-16,0.980598404817197,0.196027468661838));
#8168=DIRECTION('',(8.15378868660315E-15,-0.924609227340579,0.380917020775729));
#8169=DIRECTION('center_axis',(-1.,-1.13615340314731E-14,-6.17244803304588E-15));
#8170=DIRECTION('ref_axis',(5.98759623959576E-15,-0.380917020775729,-0.924609227340579));
#8171=DIRECTION('center_axis',(-1.,-1.13615340314731E-14,-6.17244803304588E-15));
#8172=DIRECTION('ref_axis',(-7.35055344260291E-15,-8.32667268469292E-17,
1.));
#8173=DIRECTION('center_axis',(-1.,-1.13615340314731E-14,-6.17244803304588E-15));
#8174=DIRECTION('ref_axis',(-3.01492160375423E-15,-0.992342756645502,0.123514587532024));
#8175=DIRECTION('',(-3.66923789764798E-15,0.707106781186545,-0.707106781186549));
#8176=DIRECTION('center_axis',(-1.,-1.13615340314731E-14,-6.17244803304588E-15));
#8177=DIRECTION('ref_axis',(7.35055344260291E-15,8.32667268469292E-17,-1.));
#8178=DIRECTION('center_axis',(-1.,-1.13615340314731E-14,-6.17244803304588E-15));
#8179=DIRECTION('ref_axis',(7.30298375500528E-15,-0.021596456447499,-0.999766769336184));
#8180=DIRECTION('',(-1.12255811682288E-14,0.999766769336184,-0.0215964564475006));
#8181=DIRECTION('center_axis',(-1.,-1.13615340314731E-14,-6.17244803304588E-15));
#8182=DIRECTION('ref_axis',(5.40767051380605E-15,0.875783947384398,-0.482703301732857));
#8183=DIRECTION('',(1.12671620880718E-15,-0.552130037233711,0.833758011646246));
#8184=DIRECTION('center_axis',(-1.,-1.13615340314731E-14,-6.17244803304588E-15));
#8185=DIRECTION('ref_axis',(-7.10117177618607E-15,0.100072880121415,0.994980109682704));
#8186=DIRECTION('',(1.23983976190246E-14,-0.707106781186548,-0.707106781186548));
#8187=DIRECTION('',(-6.41637730378299E-15,0.0215964564476536,0.999766769336181));
#8188=DIRECTION('center_axis',(-1.,-1.13615340314731E-14,-6.17244803304588E-15));
#8189=DIRECTION('ref_axis',(-2.24642254728705E-15,0.836897981284317,0.547358903209069));
#8190=DIRECTION('',(8.15378868660315E-15,-0.924609227340579,0.380917020775729));
#8191=DIRECTION('center_axis',(-1.,-1.13615340314731E-14,-6.17244803304588E-15));
#8192=DIRECTION('ref_axis',(-6.30926831832909E-15,-0.772305609611265,0.63525116714806));
#8193=DIRECTION('',(-1.12671620880718E-15,0.552130037233711,-0.833758011646246));
#8194=DIRECTION('center_axis',(-1.,-1.13615340314731E-14,-6.17244803304588E-15));
#8195=DIRECTION('ref_axis',(5.41258268670292E-15,-0.482703301732891,-0.875783947384379));
#8196=DIRECTION('',(-1.12255811682288E-14,0.999766769336184,-0.0215964564475006));
#8197=DIRECTION('center_axis',(-1.,-1.13615340314731E-14,-6.17244803304588E-15));
#8198=DIRECTION('ref_axis',(6.77727480373349E-15,0.6916708613989,-0.722212863006264));
#8199=DIRECTION('center_axis',(1.,1.13615340314731E-14,6.17244803304588E-15));
#8200=DIRECTION('ref_axis',(-6.17244803304588E-15,-1.27616740346968E-28,
1.));
#8201=DIRECTION('',(1.24747484689698E-14,-0.722212863006211,-0.691670861398955));
#8202=DIRECTION('center_axis',(-1.,-1.13615340314731E-14,-6.17244803304588E-15));
#8203=DIRECTION('ref_axis',(6.86871846036051E-16,-0.931928661554887,-0.362641654767508));
#8204=DIRECTION('',(-1.12255811682288E-14,0.999766769336184,-0.0215964564475006));
#8205=DIRECTION('center_axis',(-1.,-1.13615340314731E-14,-6.17244803304588E-15));
#8206=DIRECTION('ref_axis',(4.83887186260115E-15,0.919693117675391,-0.392637962123531));
#8207=DIRECTION('',(3.66923789764802E-15,-0.707106781186548,0.707106781186548));
#8208=DIRECTION('center_axis',(-1.,-1.13615340314731E-14,-6.17244803304588E-15));
#8209=DIRECTION('ref_axis',(-7.32719584294785E-15,0.0107988578983069,0.999941690634055));
#8210=DIRECTION('center_axis',(-0.463105824920977,0.518957246630356,-0.718481990793159));
#8211=DIRECTION('ref_axis',(-0.809307813493318,0.0828748803371909,0.581508914142991));
#8212=DIRECTION('',(0.755689082790369,0.654777788532977,-0.0141441788490734));
#8213=DIRECTION('',(0.46310582492108,-0.549499248237765,-0.6954017336118));
#8214=DIRECTION('',(-0.755689082790369,-0.654777788532977,0.0141441788490734));
#8215=DIRECTION('center_axis',(0.654930538417206,-0.755512832923951,0.0163202063643324));
#8216=DIRECTION('ref_axis',(0.755689082790369,0.654777788532977,-0.0141441788490757));
#8217=DIRECTION('',(-7.04294385018929E-15,-0.0215964564474919,-0.999766769336184));
#8218=DIRECTION('',(-0.749936809068948,-0.65245325553974,-0.109084974854832));
#8219=DIRECTION('center_axis',(-0.654930538417205,0.755512832923952,-0.0163202063643227));
#8220=DIRECTION('ref_axis',(0.534352874909705,0.447726813638375,-0.716943306981076));
#8221=DIRECTION('',(-2.17928821967588E-14,-0.0215964564475047,-0.999766769336184));
#8222=DIRECTION('center_axis',(-0.654930538417205,0.755512832923952,-0.0163202063643227));
#8223=DIRECTION('ref_axis',(0.500369409828004,0.449736367788791,0.739842992260196));
#8224=DIRECTION('',(0.749936809068948,0.65245325553974,0.109084974854834));
#8225=DIRECTION('center_axis',(-0.654930538417205,0.755512832923952,-0.0163202063643227));
#8226=DIRECTION('ref_axis',(-0.566300665333287,-0.476379637238377,0.672581591829355));
#8227=DIRECTION('',(7.69519987715656E-15,0.0215964564474925,0.999766769336184));
#8228=DIRECTION('center_axis',(-0.654930538417205,0.755512832923952,-0.0163202063643227));
#8229=DIRECTION('ref_axis',(-0.534352874909715,-0.478268815245618,-0.696940417424098));
#8230=DIRECTION('',(-0.75568908279037,-0.654777788532976,0.0141441788490818));
#8231=DIRECTION('center_axis',(-0.499578330778559,0.450514669943094,0.739904063769469));
#8232=DIRECTION('ref_axis',(0.847022785175841,0.074998009506479,0.526239204129668));
#8233=DIRECTION('',(-0.492981630101072,0.554474549378134,-0.670467811661981));
#8234=DIRECTION('',(0.433608433750999,-0.609377782251419,0.663809042329454));
#8235=DIRECTION('',(0.749936809068948,0.65245325553974,0.109084974854832));
#8236=DIRECTION('center_axis',(-0.707106781186539,-0.0152710008042176,-0.706941862202579));
#8237=DIRECTION('ref_axis',(-0.707024307268824,1.44232488033032E-15,0.707189245485987));
#8238=DIRECTION('',(-0.678598344545722,-0.266363760564604,0.684510506740173));
#8239=DIRECTION('',(1.12255811682235E-14,-0.999766769336166,0.0215964564483235));
#8240=DIRECTION('center_axis',(-0.707106781186604,0.489085156444269,-0.510681612891834));
#8241=DIRECTION('ref_axis',(-0.58548556741691,1.17564659415335E-15,0.810682829685259));
#8242=DIRECTION('',(1.247474846897E-14,-0.722212863006248,-0.691670861398916));
#8243=DIRECTION('',(-0.678598344545782,-0.672369642467056,0.295674399751564));
#8244=DIRECTION('center_axis',(-0.707106781186596,0.706941862202534,-0.0152710008036442));
#8245=DIRECTION('ref_axis',(-0.021591421840099,-3.74026922874415E-17,0.999766878078546));
#8246=DIRECTION('',(-0.707106781186507,-0.706941862202623,0.0152710008036659));
#8247=DIRECTION('',(6.41637730378148E-15,-0.0215964564475191,-0.999766769336184));
#8248=DIRECTION('center_axis',(1.,1.56402888990425E-14,7.35055344260292E-15));
#8249=DIRECTION('ref_axis',(-1.06771080397764E-14,0.380917020775531,0.924609227340661));
#8250=DIRECTION('',(-0.707106781186514,-0.269349008459922,-0.653797454600203));
#8251=DIRECTION('center_axis',(-1.,-1.13615340314731E-14,-6.17244803304588E-15));
#8252=DIRECTION('ref_axis',(-1.10624304028361E-14,0.380917020775531,0.924609227340661));
#8253=DIRECTION('center_axis',(-0.707106781186595,0.269349008459876,0.653797454600135));
#8254=DIRECTION('ref_axis',(0.678887343786254,-1.50260554192083E-15,0.734242449363181));
#8255=DIRECTION('',(-8.15378868660308E-15,0.924609227340577,-0.380917020775735));
#8256=DIRECTION('center_axis',(1.,1.11993968005403E-14,7.35055344260292E-15));
#8257=DIRECTION('ref_axis',(1.27697303838321E-14,-0.650863540267643,-0.759194739148178));
#8258=DIRECTION('center_axis',(-1.,-1.13615340314731E-14,-6.17244803304588E-15));
#8259=DIRECTION('ref_axis',(1.27697303838321E-14,-0.650863540267643,-0.759194739148178));
#8260=DIRECTION('',(-1.,-1.11993968005403E-14,-7.35055344260292E-15));
#8261=DIRECTION('center_axis',(1.,1.56402888990403E-14,7.35055344260292E-15));
#8262=DIRECTION('ref_axis',(2.41719847597867E-15,0.347532300791721,-0.937668011561881));
#8263=DIRECTION('center_axis',(1.,1.13615340314731E-14,6.17244803304588E-15));
#8264=DIRECTION('ref_axis',(1.83920701113391E-15,0.347532300791721,-0.937668011561881));
#8265=DIRECTION('',(0.707106781186549,0.460849662465525,-0.536299905468395));
#8266=DIRECTION('',(0.70710678118656,1.11182328074289E-14,-0.707106781186535));
#8267=DIRECTION('center_axis',(-1.,-1.56402888990411E-14,-7.35055344260292E-15));
#8268=DIRECTION('ref_axis',(6.34058406277752E-15,-0.865415592287069,0.501054740149639));
#8269=DIRECTION('',(0.70710678118656,-0.604980766439543,-0.366057744404084));
#8270=DIRECTION('center_axis',(-1.,-1.13615340314731E-14,-6.17244803304588E-15));
#8271=DIRECTION('ref_axis',(6.73971435785198E-15,-0.865415592287069,0.501054740149639));
#8272=DIRECTION('center_axis',(1.,1.56402888990405E-14,7.35055344260292E-15));
#8273=DIRECTION('ref_axis',(1.23988208201262E-14,-0.650863540267643,-0.759194739148178));
#8274=DIRECTION('center_axis',(1.,1.13615340314731E-14,6.17244803304588E-15));
#8275=DIRECTION('ref_axis',(1.20808983369498E-14,-0.650863540267643,-0.759194739148178));
#8276=DIRECTION('',(0.707106781186556,-0.269349008459892,-0.653797454600169));
#8277=DIRECTION('center_axis',(0.707106781186539,0.269349008459908,0.653797454600182));
#8278=DIRECTION('ref_axis',(0.678887343786311,-1.38032961097985E-15,-0.734242449363129));
#8279=DIRECTION('',(0.339435414575909,-0.940409979811166,0.0203142610804018));
#8280=DIRECTION('center_axis',(0.707106781186539,0.269349008459908,0.653797454600182));
#8281=DIRECTION('ref_axis',(-0.707106781186556,0.269349008459881,0.653797454600174));
#8282=DIRECTION('',(8.15378868660308E-15,-0.924609227340577,0.380917020775735));
#8283=DIRECTION('',(-8.15378868660308E-15,0.924609227340577,-0.380917020775735));
#8284=DIRECTION('',(0.701022964695914,-0.146004483855951,-0.698032587823024));
#8285=DIRECTION('center_axis',(1.,-2.12327949496157E-15,7.35055344260291E-15));
#8286=DIRECTION('ref_axis',(7.35055344260291E-15,8.32667268469292E-17,-1.));
#8287=DIRECTION('center_axis',(1.,-2.12327949496157E-15,7.35055344260291E-15));
#8288=DIRECTION('ref_axis',(-7.69121046979606E-16,0.927958205687694,0.37268427455002));
#8289=DIRECTION('',(-3.55070386838564E-15,0.722212863006211,0.691670861398955));
#8290=DIRECTION('center_axis',(1.,-2.12327949496157E-15,7.35055344260291E-15));
#8291=DIRECTION('ref_axis',(5.8739734139842E-15,-0.402546702940747,-0.91539944939438));
#8292=DIRECTION('',(7.30298375500528E-15,-0.0215964564475005,-0.999766769336184));
#8293=DIRECTION('center_axis',(1.,-2.12327949496157E-15,7.35055344260291E-15));
#8294=DIRECTION('ref_axis',(-6.73853607862292E-15,-0.699429604589517,0.714701495887446));
#8295=DIRECTION('',(-2.12327949496158E-15,-1.,1.72185920458117E-15));
#8296=DIRECTION('center_axis',(-0.707106781186539,2.83847009433825E-16,
-0.707106781186556));
#8297=DIRECTION('ref_axis',(-0.707106781186556,1.44250686204101E-15,0.707106781186539));
#8298=DIRECTION('',(0.707106781186362,-1.44250686204058E-15,-0.707106781186733));
#8299=DIRECTION('',(-0.707106781186447,1.44250686204077E-15,0.707106781186648));
#8300=DIRECTION('center_axis',(-1.,2.12327949496157E-15,-7.35055344260291E-15));
#8301=DIRECTION('ref_axis',(-6.73853607862291E-15,-0.699429604589517,0.714701495887446));
#8302=DIRECTION('',(0.707106781186344,0.706941862202787,-0.0152710008036111));
#8303=DIRECTION('center_axis',(-0.707106781186546,0.706941862202585,-0.0152710008036328));
#8304=DIRECTION('ref_axis',(-0.0215914218400844,-3.74026922874727E-17,0.999766878078547));
#8305=DIRECTION('',(0.707106781186352,0.706941862202778,-0.0152710008036446));
#8306=DIRECTION('center_axis',(-1.,2.12327949496157E-15,-7.35055344260291E-15));
#8307=DIRECTION('ref_axis',(5.8739734139842E-15,-0.402546702940746,-0.91539944939438));
#8308=DIRECTION('',(0.707106781186404,-0.489085156444437,0.51068161289195));
#8309=DIRECTION('center_axis',(-0.707106781186511,-0.489085156444369,0.510681612891867));
#8310=DIRECTION('ref_axis',(0.585485567416986,-1.31065240563133E-15,0.810682829685204));
#8311=DIRECTION('',(0.707106781186436,-0.489085156444428,0.510681612891914));
#8312=DIRECTION('center_axis',(-1.,2.12327949496157E-15,-7.35055344260291E-15));
#8313=DIRECTION('ref_axis',(-7.69121046979608E-16,0.927958205687694,0.37268427455002));
#8314=DIRECTION('center_axis',(1.,-2.12327949496157E-15,7.35055344260291E-15));
#8315=DIRECTION('ref_axis',(7.35055344260291E-15,8.32667268469292E-17,-1.));
#8316=DIRECTION('center_axis',(1.,-2.12327949496157E-15,7.35055344260291E-15));
#8317=DIRECTION('ref_axis',(4.83887186260115E-15,0.919693117675391,-0.392637962123531));
#8318=DIRECTION('',(2.28153018836369E-15,0.999766769336184,-0.0215964564475006));
#8319=DIRECTION('center_axis',(1.,-2.12327949496157E-15,7.35055344260291E-15));
#8320=DIRECTION('ref_axis',(6.8687184603605E-16,-0.931928661554887,-0.362641654767508));
#8321=DIRECTION('',(3.55070386838564E-15,-0.722212863006211,-0.691670861398955));
#8322=DIRECTION('center_axis',(1.,-2.12327949496157E-15,7.35055344260291E-15));
#8323=DIRECTION('ref_axis',(-7.32719584294785E-15,0.0107988578983069,0.999941690634055));
#8324=DIRECTION('',(-6.69901151398032E-15,-0.707106781186548,0.707106781186548));
#8325=DIRECTION('center_axis',(-0.707106781186539,-0.500000000000003,-0.50000000000001));
#8326=DIRECTION('ref_axis',(-0.577350269189639,1.15788899020533E-15,0.816496580927717));
#8327=DIRECTION('',(0.707106781186466,-0.500000000000049,-0.500000000000067));
#8328=DIRECTION('',(-0.707106781186566,0.49999999999999,0.499999999999983));
#8329=DIRECTION('center_axis',(-1.,2.12327949496157E-15,-7.35055344260291E-15));
#8330=DIRECTION('ref_axis',(-7.32719584294785E-15,0.0107988578983069,0.999941690634055));
#8331=DIRECTION('',(0.707106781186449,0.489085156444415,-0.510681612891909));
#8332=DIRECTION('center_axis',(-0.707106781186549,0.489085156444339,-0.510681612891843));
#8333=DIRECTION('ref_axis',(-0.585485567416946,1.17564659415344E-15,0.810682829685233));
#8334=DIRECTION('',(0.707106781186392,0.489085156444467,-0.510681612891938));
#8335=DIRECTION('center_axis',(-1.,2.12327949496157E-15,-7.35055344260291E-15));
#8336=DIRECTION('ref_axis',(6.8687184603605E-16,-0.931928661554887,-0.362641654767508));
#8337=DIRECTION('',(0.707106781186374,0.0152710008036302,0.706941862202756));
#8338=DIRECTION('center_axis',(-0.707106781186565,0.0152710008036289,0.706941862202565));
#8339=DIRECTION('ref_axis',(0.707024307268804,-1.56009554779624E-15,0.707189245486007));
#8340=DIRECTION('',(0.707106781186549,0.0152710008036104,0.706941862202582));
#8341=DIRECTION('center_axis',(-1.,2.12327949496157E-15,-7.35055344260291E-15));
#8342=DIRECTION('ref_axis',(4.83887186260115E-15,0.919693117675391,-0.392637962123531));
#8343=DIRECTION('center_axis',(-1.,2.12327949496157E-15,-7.35055344260291E-15));
#8344=DIRECTION('ref_axis',(-7.35055344260291E-15,-8.32667268469292E-17,
1.));
#8345=DIRECTION('center_axis',(1.,-2.12327949496157E-15,7.35055344260291E-15));
#8346=DIRECTION('ref_axis',(6.41174101123367E-16,0.980598404817197,0.196027468661838));
#8347=DIRECTION('',(-3.69624085549697E-15,0.707106781186548,0.707106781186548));
#8348=DIRECTION('center_axis',(1.,-2.12327949496157E-15,7.35055344260291E-15));
#8349=DIRECTION('ref_axis',(7.35055344260291E-15,8.32667268469292E-17,-1.));
#8350=DIRECTION('',(6.69901151398032E-15,0.707106781186545,-0.707106781186549));
#8351=DIRECTION('center_axis',(1.,-2.12327949496157E-15,7.35055344260291E-15));
#8352=DIRECTION('ref_axis',(-3.01492160375423E-15,-0.992342756645502,0.123514587532024));
#8353=DIRECTION('center_axis',(-1.,2.12327949496157E-15,-7.35055344260291E-15));
#8354=DIRECTION('ref_axis',(7.35055344260292E-15,8.32667268469292E-17,-1.));
#8355=DIRECTION('center_axis',(1.,-2.12327949496157E-15,7.35055344260291E-15));
#8356=DIRECTION('ref_axis',(-5.98759623959576E-15,0.380917020775729,0.924609227340579));
#8357=DIRECTION('',(-4.76315473167359E-15,-0.924609227340579,0.380917020775729));
#8358=DIRECTION('center_axis',(-0.707106781186524,-0.269349008459901,-0.653797454600201));
#8359=DIRECTION('ref_axis',(-0.678887343786329,1.38032961097989E-15,0.734242449363112));
#8360=DIRECTION('',(0.707106781186544,-0.269349008459901,-0.653797454600179));
#8361=DIRECTION('',(-0.707106781186631,0.269349008459865,0.6537974546001));
#8362=DIRECTION('center_axis',(-1.,2.12327949496157E-15,-7.35055344260291E-15));
#8363=DIRECTION('ref_axis',(-5.98759623959576E-15,0.380917020775729,0.924609227340579));
#8364=DIRECTION('',(0.707106781186591,0.617537671816005,-0.344452063265714));
#8365=DIRECTION('center_axis',(1.,-2.12327949496157E-15,7.35055344260291E-15));
#8366=DIRECTION('ref_axis',(7.35055344260291E-15,8.32667268469292E-17,-1.));
#8367=DIRECTION('',(0.707106781186569,0.362175340389303,-0.607312952944248));
#8368=DIRECTION('center_axis',(-1.,2.12327949496157E-15,-7.35055344260291E-15));
#8369=DIRECTION('ref_axis',(-3.01492160375423E-15,-0.992342756645502,0.123514587532024));
#8370=DIRECTION('',(0.707106781186528,0.500000000000019,0.500000000000009));
#8371=DIRECTION('center_axis',(-0.70710678118655,0.500000000000003,0.499999999999994));
#8372=DIRECTION('ref_axis',(0.577350269189619,-1.29386298575644E-15,0.816496580927731));
#8373=DIRECTION('',(0.707106781186577,0.499999999999984,0.499999999999974));
#8374=DIRECTION('center_axis',(-1.,2.12327949496157E-15,-7.35055344260291E-15));
#8375=DIRECTION('ref_axis',(7.35055344260291E-15,8.32667268469293E-17,-1.));
#8376=DIRECTION('',(0.707106781186593,-0.499999999999974,0.499999999999961));
#8377=DIRECTION('center_axis',(-0.707106781186552,-0.499999999999999,0.499999999999995));
#8378=DIRECTION('ref_axis',(0.57735026918962,-1.29386298575643E-15,0.81649658092773));
#8379=DIRECTION('',(0.707106781186633,-0.499999999999938,0.499999999999941));
#8380=DIRECTION('center_axis',(-1.,2.12327949496157E-15,-7.35055344260291E-15));
#8381=DIRECTION('ref_axis',(6.4117410112337E-16,0.980598404817198,0.196027468661838));
#8382=DIRECTION('center_axis',(1.,-2.12327949496157E-15,7.35055344260291E-15));
#8383=DIRECTION('ref_axis',(7.35055344260291E-15,8.32667268469292E-17,-1.));
#8384=DIRECTION('center_axis',(1.,-2.12327949496157E-15,7.35055344260291E-15));
#8385=DIRECTION('ref_axis',(5.40767051380604E-15,0.875783947384398,-0.482703301732858));
#8386=DIRECTION('',(2.28153018836369E-15,0.999766769336184,-0.0215964564475006));
#8387=DIRECTION('center_axis',(1.,-2.12327949496157E-15,7.35055344260291E-15));
#8388=DIRECTION('ref_axis',(7.30298375500528E-15,-0.021596456447499,-0.999766769336184));
#8389=DIRECTION('',(3.69624085549697E-15,-0.707106781186548,-0.707106781186548));
#8390=DIRECTION('center_axis',(1.,-2.12327949496157E-15,7.35055344260291E-15));
#8391=DIRECTION('ref_axis',(-7.10117177618607E-15,0.100072880121415,0.994980109682704));
#8392=DIRECTION('',(-7.30090920941478E-15,-0.552130037233711,0.833758011646246));
#8393=DIRECTION('center_axis',(-0.707106781186544,-0.589555943903673,-0.390414893424745));
#8394=DIRECTION('ref_axis',(-0.483349732501133,9.53392606317796E-16,0.875427344838556));
#8395=DIRECTION('',(0.707106781186663,-0.589555943903576,-0.390414893424675));
#8396=DIRECTION('',(-0.707106781186659,0.589555943903574,0.390414893424685));
#8397=DIRECTION('center_axis',(-1.,2.12327949496157E-15,-7.35055344260291E-15));
#8398=DIRECTION('ref_axis',(-7.10117177618608E-15,0.100072880121415,0.994980109682704));
#8399=DIRECTION('',(0.707106781186662,0.499999999999904,-0.499999999999934));
#8400=DIRECTION('center_axis',(-0.70710678118653,0.50000000000001,-0.500000000000014));
#8401=DIRECTION('ref_axis',(-0.577350269189645,1.15788899020534E-15,0.816496580927712));
#8402=DIRECTION('',(0.707106781186628,0.499999999999945,-0.499999999999941));
#8403=DIRECTION('center_axis',(-1.,2.12327949496157E-15,-7.35055344260291E-15));
#8404=DIRECTION('ref_axis',(7.30298375500528E-15,-0.021596456447499,-0.999766769336184));
#8405=DIRECTION('',(0.707106781186643,0.0152710008036258,0.706941862202487));
#8406=DIRECTION('center_axis',(-0.707106781186548,0.0152710008036292,0.706941862202582));
#8407=DIRECTION('ref_axis',(0.70702430726882,-1.56009554779627E-15,0.70718924548599));
#8408=DIRECTION('',(0.707106781186669,0.0152710008036245,0.706941862202462));
#8409=DIRECTION('center_axis',(-1.,2.12327949496157E-15,-7.35055344260291E-15));
#8410=DIRECTION('ref_axis',(5.40767051380604E-15,0.875783947384398,-0.482703301732857));
#8411=DIRECTION('center_axis',(1.,-2.12327949496157E-15,7.35055344260291E-15));
#8412=DIRECTION('ref_axis',(7.35055344260291E-15,8.32667268469292E-17,-1.));
#8413=DIRECTION('center_axis',(1.,-2.12327949496157E-15,7.35055344260291E-15));
#8414=DIRECTION('ref_axis',(-2.24642254728705E-15,0.836897981284317,0.547358903209068));
#8415=DIRECTION('',(-7.30298375500493E-15,0.0215964564476536,0.999766769336181));
#8416=DIRECTION('center_axis',(1.,-2.12327949496157E-15,7.35055344260291E-15));
#8417=DIRECTION('ref_axis',(6.77727480373349E-15,0.691670861398899,-0.722212863006264));
#8418=DIRECTION('',(2.28153018836369E-15,0.999766769336184,-0.0215964564475006));
#8419=DIRECTION('center_axis',(1.,-2.12327949496157E-15,7.35055344260291E-15));
#8420=DIRECTION('ref_axis',(5.41258268670292E-15,-0.482703301732891,-0.875783947384379));
#8421=DIRECTION('',(7.30090920941478E-15,0.552130037233711,-0.833758011646246));
#8422=DIRECTION('center_axis',(1.,-2.12327949496157E-15,7.35055344260291E-15));
#8423=DIRECTION('ref_axis',(-6.30926831832909E-15,-0.772305609611265,0.63525116714806));
#8424=DIRECTION('',(-4.76315473167359E-15,-0.924609227340579,0.380917020775729));
#8425=DIRECTION('center_axis',(-0.707106781186543,-0.269349008459894,-0.653797454600184));
#8426=DIRECTION('ref_axis',(-0.67888734378631,1.38032961097985E-15,0.73424244936313));
#8427=DIRECTION('',(0.707106781186685,-0.269349008459847,-0.653797454600049));
#8428=DIRECTION('',(-0.707106781186746,0.269349008459824,0.653797454599992));
#8429=DIRECTION('center_axis',(-1.,2.12327949496157E-15,-7.35055344260291E-15));
#8430=DIRECTION('ref_axis',(-6.30926831832909E-15,-0.772305609611265,0.63525116714806));
#8431=DIRECTION('',(0.707106781186679,0.589555943903562,0.390414893424667));
#8432=DIRECTION('center_axis',(-0.707106781186554,0.58955594390367,0.390414893424731));
#8433=DIRECTION('ref_axis',(0.483349732501112,-1.09918054551179E-15,0.875427344838567));
#8434=DIRECTION('',(0.70710678118669,0.589555943903557,0.390414893424653));
#8435=DIRECTION('center_axis',(-1.,2.12327949496157E-15,-7.35055344260291E-15));
#8436=DIRECTION('ref_axis',(5.41258268670292E-15,-0.482703301732891,-0.875783947384379));
#8437=DIRECTION('',(0.707106781186713,0.0152710008036236,0.706941862202417));
#8438=DIRECTION('center_axis',(-0.707106781186548,0.0152710008036292,0.706941862202582));
#8439=DIRECTION('ref_axis',(0.70702430726882,-1.56009554779627E-15,0.70718924548599));
#8440=DIRECTION('',(0.707106781186775,0.015271000803623,0.706941862202355));
#8441=DIRECTION('center_axis',(-1.,2.12327949496157E-15,-7.35055344260291E-15));
#8442=DIRECTION('ref_axis',(6.77727480373349E-15,0.691670861398899,-0.722212863006264));
#8443=DIRECTION('',(0.707106781186758,-0.70694186220237,0.0152710008037462));
#8444=DIRECTION('center_axis',(-0.707106781186555,-0.706941862202574,0.0152710008037305));
#8445=DIRECTION('ref_axis',(0.0215914218402223,-1.29091938807998E-16,0.999766878078544));
#8446=DIRECTION('',(0.707106781186749,-0.706941862202378,0.015271000803746));
#8447=DIRECTION('center_axis',(-1.,2.12327949496157E-15,-7.35055344260291E-15));
#8448=DIRECTION('ref_axis',(-2.24642254728705E-15,0.836897981284317,0.547358903209068));
#8449=DIRECTION('center_axis',(1.,1.11993968005403E-14,7.35055344260292E-15));
#8450=DIRECTION('ref_axis',(-7.35055344260291E-15,-1.40988343555519E-28,
1.));
#8451=DIRECTION('center_axis',(-1.,1.10243514501403E-14,1.87878078068154E-14));
#8452=DIRECTION('ref_axis',(-7.35055344260291E-15,-1.40988343555519E-28,
1.));
#8453=DIRECTION('',(-1.,-1.11993968005403E-14,-7.35055344260292E-15));
#8454=DIRECTION('center_axis',(-1.,-1.13615340314731E-14,-6.17244803304588E-15));
#8455=DIRECTION('ref_axis',(-7.35055344260292E-15,-1.40988343555519E-28,
1.));
#8456=DIRECTION('center_axis',(-1.,-2.48465628975414E-14,7.47492506255762E-15));
#8457=DIRECTION('ref_axis',(-6.73049796388869E-15,-1.33963632342223E-28,
1.));
#8458=DIRECTION('',(-0.707106781186543,-1.7655768719653E-14,-0.707106781186552));
#8459=DIRECTION('center_axis',(1.,1.3702655478049E-14,-7.34058470187878E-15));
#8460=DIRECTION('ref_axis',(-1.34714680921371E-14,0.528275334121314,-0.849073124859699));
#8461=DIRECTION('',(-7.78828025926597E-15,0.0329632971119069,-0.999456562859793));
#8462=DIRECTION('',(-1.55449869288583E-14,0.882036421971616,-0.471181228738485));
#8463=DIRECTION('',(-7.75670666959222E-15,0.849073124859704,0.528275334121306));
#8464=DIRECTION('',(7.78828025926602E-15,-0.0329632971119108,0.999456562859793));
#8465=DIRECTION('',(1.55449869288583E-14,-0.882036421971615,0.471181228738488));
#8466=DIRECTION('',(7.75670666959222E-15,-0.849073124859704,-0.528275334121306));
#8467=DIRECTION('center_axis',(-1.,-1.3702655478049E-14,7.34058470187878E-15));
#8468=DIRECTION('ref_axis',(5.33382833344949E-15,0.141091300237193,0.989996588376636));
#8469=DIRECTION('center_axis',(2.16850330683459E-14,0.0215964564475046,
0.999766769336184));
#8470=DIRECTION('ref_axis',(-0.349507451429021,0.936715062661568,-0.0202344453476105));
#8471=DIRECTION('',(2.16850330683459E-14,0.0215964564475046,0.999766769336184));
#8472=DIRECTION('',(-2.16941220553869E-14,-0.0215964564475046,-0.999766769336184));
#8473=DIRECTION('center_axis',(1.,1.3702655478049E-14,-7.34058470187878E-15));
#8474=DIRECTION('ref_axis',(5.33382833344949E-15,0.141091300237193,0.989996588376636));
#8475=DIRECTION('center_axis',(1.,1.3702655478049E-14,-7.34058470187878E-15));
#8476=DIRECTION('ref_axis',(5.33382833344949E-15,0.141091300237193,0.989996588376636));
#8477=DIRECTION('',(1.,1.3702655478049E-14,-7.34058470187878E-15));
#8478=DIRECTION('',(-0.516973908420339,0.433904605329327,0.73787856147648));
#8479=DIRECTION('',(0.499578330778208,-0.450514669943422,-0.739904063769506));
#8480=DIRECTION('center_axis',(0.433608433750672,-0.609377782251684,0.663809042329425));
#8481=DIRECTION('ref_axis',(0.796495647151452,-0.0853100451647772,-0.598595756970239));
#8482=DIRECTION('',(-0.499578330778206,0.450514669943423,0.739904063769507));
#8483=DIRECTION('',(-0.74993680906937,-0.652453255539267,-0.109084974854753));
#8484=DIRECTION('',(0.74993680906937,0.652453255539267,0.109084974854753));
#8485=DIRECTION('',(0.49998920829808,-0.4510922155808,-0.739274377094097));
#8486=DIRECTION('',(5.05477842227814E-13,0.654383732262868,0.756162635250989));
#8487=DIRECTION('',(-3.79644509014743E-13,-0.756162635251,0.654383732262854));
#8488=DIRECTION('',(-0.422148557842541,0.618522340754229,-0.662737285128407));
#8489=DIRECTION('',(0.433608433750662,-0.609377782251686,0.663809042329429));
#8490=DIRECTION('center_axis',(0.499578330778212,-0.450514669943427,-0.7399040637695));
#8491=DIRECTION('ref_axis',(-0.847022785176031,-0.0749980095064364,-0.526239204129369));
#8492=DIRECTION('',(-0.43360843375066,0.609377782251685,-0.663809042329432));
#8493=DIRECTION('',(0.74993680906937,0.652453255539267,0.109084974854755));
#8494=DIRECTION('',(-0.74993680906937,-0.652453255539267,-0.109084974854755));
#8495=DIRECTION('center_axis',(1.8229020497453E-17,0.471181228738488,0.882036421971615));
#8496=DIRECTION('ref_axis',(-1.55449869288583E-14,0.882036421971615,-0.471181228738488));
#8497=DIRECTION('',(-1.54631862817419E-14,0.882036421971615,-0.471181228738488));
#8498=DIRECTION('',(1.,1.3702655478049E-14,-7.34058470187878E-15));
#8499=DIRECTION('',(-1.,-1.3702655478049E-14,7.34058470187878E-15));
#8500=DIRECTION('center_axis',(-1.34532390716396E-14,0.999456562859793,
0.0329632971119108));
#8501=DIRECTION('ref_axis',(-7.78828025926602E-15,0.0329632971119108,-0.999456562859793));
#8502=DIRECTION('',(-7.7942683178973E-15,0.0329632971119108,-0.999456562859793));
#8503=DIRECTION('',(-1.,-1.3702655478049E-14,7.34058470187878E-15));
#8504=DIRECTION('center_axis',(-1.3471468092137E-14,0.528275334121306,-0.849073124859704));
#8505=DIRECTION('ref_axis',(7.75670666959222E-15,-0.849073124859704,-0.528275334121306));
#8506=DIRECTION('',(7.61494603557735E-15,-0.849073124859704,-0.528275334121306));
#8507=DIRECTION('',(-1.,-1.3702655478049E-14,7.34058470187878E-15));
#8508=DIRECTION('center_axis',(-1.82290204974926E-17,-0.471181228738485,
-0.882036421971616));
#8509=DIRECTION('ref_axis',(1.55449869288583E-14,-0.882036421971616,0.471181228738485));
#8510=DIRECTION('',(1.56201955276103E-14,-0.882036421971616,0.471181228738485));
#8511=DIRECTION('',(1.,1.3702655478049E-14,-7.34058470187878E-15));
#8512=DIRECTION('center_axis',(1.34532390716396E-14,-0.999456562859794,
-0.0329632971119069));
#8513=DIRECTION('ref_axis',(7.78828025926597E-15,-0.0329632971119069,0.999456562859793));
#8514=DIRECTION('',(7.80408139576402E-15,-0.0329632971119069,0.999456562859793));
#8515=DIRECTION('',(1.,1.3702655478049E-14,-7.34058470187878E-15));
#8516=DIRECTION('center_axis',(1.3471468092137E-14,-0.528275334121306,0.849073124859704));
#8517=DIRECTION('ref_axis',(-7.75670666959222E-15,0.849073124859704,0.528275334121306));
#8518=DIRECTION('',(-7.85045990437992E-15,0.849073124859704,0.528275334121306));
#8519=DIRECTION('center_axis',(1.,1.3702655478049E-14,-7.34058470187878E-15));
#8520=DIRECTION('ref_axis',(7.06118778711846E-15,-0.821092924960597,-0.570794541476748));
#8521=DIRECTION('center_axis',(-1.,-1.3702655478049E-14,7.34058470187878E-15));
#8522=DIRECTION('ref_axis',(7.06118778711845E-15,-0.821092924960597,-0.570794541476748));
#8523=DIRECTION('',(-1.,-1.32983269781358E-14,2.60582015984882E-14));
#8524=DIRECTION('',(1.,1.3702655478049E-14,-7.34058470187878E-15));
#8525=DIRECTION('center_axis',(-1.,-1.3702655478049E-14,7.34058470187878E-15));
#8526=DIRECTION('ref_axis',(-5.33382833344949E-15,-0.141091300237193,-0.989996588376636));
#8527=DIRECTION('center_axis',(1.,1.3702655478049E-14,-7.34058470187878E-15));
#8528=DIRECTION('ref_axis',(5.33382833344949E-15,0.141091300237193,0.989996588376636));
#8529=DIRECTION('',(-1.,-1.3702655478049E-14,7.34058470187878E-15));
#8530=DIRECTION('center_axis',(-1.,-1.3702655478049E-14,7.34058470187878E-15));
#8531=DIRECTION('ref_axis',(1.55364976039505E-14,-0.896615136830557,0.44281067783684));
#8532=DIRECTION('center_axis',(-1.,-1.3702655478049E-14,7.34058470187878E-15));
#8533=DIRECTION('ref_axis',(1.55364976039505E-14,-0.896615136830557,0.44281067783684));
#8534=DIRECTION('',(1.,1.32563834920408E-14,-4.67136641114064E-15));
#8535=DIRECTION('',(-0.70555578495904,0.140499670685276,-0.694586838954037));
#8536=DIRECTION('',(0.433961156480435,-0.609695809573163,0.663286314086978));
#8537=DIRECTION('center_axis',(0.654930538416723,-0.75551283292437,0.0163202063643317));
#8538=DIRECTION('ref_axis',(0.755689082790787,0.654777788532495,-0.014144178849074));
#8539=DIRECTION('',(7.04294385018929E-15,0.0215964564474919,0.999766769336185));
#8540=DIRECTION('',(0.708637588645425,0.116351130616948,-0.695913200308024));
#8541=DIRECTION('',(-0.70710678118656,-0.116604113220957,0.697426326417304));
#8542=DIRECTION('center_axis',(-1.,-1.3702655478049E-14,7.34058470187878E-15));
#8543=DIRECTION('ref_axis',(5.33382833344949E-15,0.141091300237193,0.989996588376636));
#8544=DIRECTION('center_axis',(1.,1.3702655478049E-14,-7.34058470187878E-15));
#8545=DIRECTION('ref_axis',(5.33382833344949E-15,0.141091300237193,0.989996588376636));
#8546=DIRECTION('center_axis',(-1.,-1.3702655478049E-14,7.34058470187878E-15));
#8547=DIRECTION('ref_axis',(5.33382833344949E-15,0.141091300237193,0.989996588376636));
#8548=DIRECTION('center_axis',(-1.,-1.3702655478049E-14,7.34058470187878E-15));
#8549=DIRECTION('ref_axis',(-1.54983314492455E-14,0.91539944939438,-0.402546702940747));
#8550=DIRECTION('',(-1.38579902164291E-14,0.999766769336184,-0.0215964564475053));
#8551=DIRECTION('center_axis',(-1.,-1.3702655478049E-14,7.34058470187878E-15));
#8552=DIRECTION('ref_axis',(7.15081503370807E-15,-0.824775905257251,-0.565459729872148));
#8553=DIRECTION('center_axis',(-1.,-1.3702655478049E-14,7.34058470187878E-15));
#8554=DIRECTION('ref_axis',(5.33382833344949E-15,0.141091300237193,0.989996588376636));
#8555=DIRECTION('center_axis',(-1.,-1.3702655478049E-14,7.34058470187878E-15));
#8556=DIRECTION('ref_axis',(1.55330110886619E-14,-0.899344131093072,0.437241505198725));
#8557=DIRECTION('',(1.23045776593063E-14,-0.986309769575416,-0.16490311834556));
#8558=DIRECTION('center_axis',(-1.,-1.3702655478049E-14,7.34058470187878E-15));
#8559=DIRECTION('ref_axis',(2.64731006068015E-15,0.315200823961943,0.949024994704414));
#8560=DIRECTION('',(1.47791922116387E-14,-0.691670861398952,0.722212863006213));
#8561=DIRECTION('center_axis',(1.,1.3702655478049E-14,-7.34058470187878E-15));
#8562=DIRECTION('ref_axis',(-5.33382833344949E-15,-0.141091300237193,-0.989996588376636));
#8563=DIRECTION('center_axis',(-1.,-1.3702655478049E-14,7.34058470187878E-15));
#8564=DIRECTION('ref_axis',(1.20360841011051E-15,0.40254670294078,0.915399449394366));
#8565=DIRECTION('',(7.04294385018931E-15,0.0215964564474911,0.999766769336185));
#8566=DIRECTION('center_axis',(-1.,-1.3702655478049E-14,7.34058470187878E-15));
#8567=DIRECTION('ref_axis',(-1.47791922116387E-14,0.69167086139895,-0.722212863006215));
#8568=DIRECTION('',(-1.38579902164291E-14,0.999766769336184,-0.0215964564475053));
#8569=DIRECTION('center_axis',(-1.,-1.3702655478049E-14,7.34058470187878E-15));
#8570=DIRECTION('ref_axis',(1.01078955961558E-14,-0.931928661554895,-0.362641654767488));
#8571=DIRECTION('',(4.81896549966906E-15,-0.722212863006213,-0.691670861398952));
#8572=DIRECTION('center_axis',(1.,1.3702655478049E-14,-7.34058470187878E-15));
#8573=DIRECTION('ref_axis',(-5.33382833344949E-15,-0.141091300237193,-0.989996588376636));
#8574=DIRECTION('center_axis',(-1.,-1.3702655478049E-14,7.34058470187878E-15));
#8575=DIRECTION('ref_axis',(1.53179208888865E-14,-0.94902499470441,0.315200823961954));
#8576=DIRECTION('',(1.23045776593063E-14,-0.986309769575416,-0.16490311834556));
#8577=DIRECTION('center_axis',(-1.,-1.3702655478049E-14,7.34058470187878E-15));
#8578=DIRECTION('ref_axis',(-8.95947483840037E-15,0.893942649330095,0.448181369211942));
#8579=DIRECTION('',(-4.81896549966906E-15,0.722212863006213,0.691670861398952));
#8580=DIRECTION('center_axis',(-1.,-1.3702655478049E-14,7.34058470187878E-15));
#8581=DIRECTION('ref_axis',(-7.04294385018913E-15,-0.021596456447504,-0.999766769336184));
#8582=DIRECTION('',(-1.47791922116387E-14,0.691670861398952,-0.722212863006213));
#8583=DIRECTION('center_axis',(-1.,-1.3702655478049E-14,7.34058470187878E-15));
#8584=DIRECTION('ref_axis',(-5.33382833344949E-15,-0.141091300237193,-0.989996588376636));
#8585=DIRECTION('',(-1.,-1.3702655478049E-14,7.34058470187878E-15));
#8586=DIRECTION('center_axis',(1.,1.3702655478049E-14,-7.34058470187878E-15));
#8587=DIRECTION('ref_axis',(5.33382833344949E-15,0.141091300237193,0.989996588376636));
#8588=DIRECTION('',(-1.,-1.3702655478049E-14,7.34058470187878E-15));
#8589=DIRECTION('center_axis',(-1.,-1.3702655478049E-14,7.34058470187878E-15));
#8590=DIRECTION('ref_axis',(5.33382833344949E-15,0.141091300237193,0.989996588376636));
#8591=DIRECTION('center_axis',(0.6549305384172,-0.755512832923957,0.0163202063643016));
#8592=DIRECTION('ref_axis',(-0.136791898933682,-0.139765014695872,-0.980690428755772));
#8593=DIRECTION('center_axis',(-0.6549305384172,0.755512832923957,-0.0163202063643016));
#8594=DIRECTION('ref_axis',(-0.566300665333281,-0.476379637238385,0.672581591829355));
#8595=DIRECTION('',(-0.749936809068949,-0.652453255539739,-0.109084974854834));
#8596=DIRECTION('center_axis',(-0.6549305384172,0.755512832923957,-0.0163202063643016));
#8597=DIRECTION('ref_axis',(0.500369409828014,0.449736367788779,0.739842992260196));
#8598=DIRECTION('',(2.20241272233398E-14,0.0215964564475045,0.999766769336184));
#8599=DIRECTION('center_axis',(-0.6549305384172,0.755512832923957,-0.0163202063643016));
#8600=DIRECTION('ref_axis',(0.534352874909702,0.447726813638379,-0.716943306981076));
#8601=DIRECTION('',(0.75568908279037,0.654777788532976,-0.0141441788490818));
#8602=DIRECTION('center_axis',(-0.6549305384172,0.755512832923957,-0.0163202063643016));
#8603=DIRECTION('ref_axis',(-0.534352874909732,-0.478268815245598,-0.696940417424098));
#8604=DIRECTION('',(-7.71294909297261E-15,-0.0215964564474925,-0.999766769336185));
#8605=DIRECTION('center_axis',(2.64159630718361E-14,0.0215964564475096,
0.999766769336184));
#8606=DIRECTION('ref_axis',(-0.349507451429021,0.936715062661568,-0.0202344453476064));
#8607=DIRECTION('center_axis',(-2.57649272874236E-14,-0.0215964564475039,
-0.999766769336184));
#8608=DIRECTION('ref_axis',(-0.349507451429021,0.936715062661568,-0.0202344453476105));
#8609=DIRECTION('',(-4.44079952217959E-13,-0.722212863006182,-0.691670861398984));
#8610=DIRECTION('center_axis',(2.57649272874236E-14,0.0215964564475039,
0.999766769336184));
#8611=DIRECTION('ref_axis',(-0.349507451429021,0.936715062661568,-0.0202344453476028));
#8612=DIRECTION('',(0.463105824920591,-0.549499248237901,-0.695401733612018));
#8613=DIRECTION('center_axis',(0.463105824920647,-0.51895724663066,0.718481990793152));
#8614=DIRECTION('ref_axis',(0.809307813493495,-0.0828748803371564,-0.58150891414275));
#8615=DIRECTION('',(0.463105824920596,-0.549499248237902,-0.695401733612014));
#8616=DIRECTION('',(0.755689082790787,0.654777788532495,-0.0141441788490765));
#8617=DIRECTION('',(-0.755689082790787,-0.654777788532495,0.0141441788490765));
#8618=DIRECTION('center_axis',(2.49257308240215E-14,0.0215964564475047,
0.999766769336184));
#8619=DIRECTION('ref_axis',(-0.909651179963159,0.415276124280386,-0.00897058494717333));
#8620=DIRECTION('',(0.707106781186628,-0.0152710008036148,-0.706941862202503));
#8621=DIRECTION('center_axis',(-2.57649272874236E-14,-0.0215964564475039,
-0.999766769336184));
#8622=DIRECTION('ref_axis',(-0.909651179963159,0.415276124280386,-0.00897058494717941));
#8623=DIRECTION('center_axis',(2.57649272874236E-14,0.0215964564475039,
0.999766769336184));
#8624=DIRECTION('ref_axis',(-0.909651179963159,0.415276124280386,-0.00897058494716818));
#8625=DIRECTION('center_axis',(-0.707106781186546,-0.333175442008805,-0.623693935229645));
#8626=DIRECTION('ref_axis',(-0.684791078771733,0.102818795803589,0.721449564185984));
#8627=DIRECTION('',(1.55449869288583E-14,-0.882036421971615,0.471181228738488));
#8628=DIRECTION('',(-0.654653670707971,-0.0249179104431156,0.755518146153835));
#8629=DIRECTION('',(-0.65465367070797,0.641838952367809,0.399338616529848));
#8630=DIRECTION('center_axis',(-0.707106781186546,-0.706722513099561,-0.0233085709180936));
#8631=DIRECTION('ref_axis',(-0.171087869746018,0.139011018264641,0.975399855252602));
#8632=DIRECTION('',(7.78828025926602E-15,-0.0329632971119108,0.999456562859793));
#8633=DIRECTION('',(-0.654653670707962,0.666756862810862,-0.356179529624048));
#8634=DIRECTION('center_axis',(-0.707106781186534,-0.373547071090777,0.600385364311558));
#8635=DIRECTION('ref_axis',(0.608120402411354,0.112004595879121,0.785903649738953));
#8636=DIRECTION('',(-0.654653670708031,0.0249179104431668,-0.755518146153782));
#8637=DIRECTION('',(-7.75670666959222E-15,0.849073124859704,0.528275334121306));
#8638=DIRECTION('center_axis',(-0.707106781186536,0.333175442008788,0.623693935229664));
#8639=DIRECTION('ref_axis',(0.684791078771751,0.102818795803606,0.721449564185965));
#8640=DIRECTION('',(-0.654653670707982,-0.641838952367796,-0.399338616529852));
#8641=DIRECTION('',(-1.55449869288583E-14,0.882036421971616,-0.471181228738485));
#8642=DIRECTION('center_axis',(-0.70710678118654,0.706722513099566,0.0233085709181021));
#8643=DIRECTION('ref_axis',(0.171087869746036,0.139011018264645,0.975399855252598));
#8644=DIRECTION('',(-7.78828025926597E-15,0.0329632971119069,-0.999456562859793));
#8645=DIRECTION('',(0.654653670707975,0.666756862810889,-0.356179529623975));
#8646=DIRECTION('center_axis',(-0.707106781186547,0.37354707109076,-0.600385364311552));
#8647=DIRECTION('ref_axis',(-0.608120402411352,0.112004595879103,0.785903649738957));
#8648=DIRECTION('',(7.75670666959222E-15,-0.849073124859704,-0.528275334121306));
#8649=DIRECTION('center_axis',(0.707106781186569,0.0152710008036393,0.706941862202561));
#8650=DIRECTION('ref_axis',(0.704551962391486,-0.10012578017684,-0.702553457349891));
#8651=DIRECTION('',(0.707106781186543,-0.01527100080362,-0.706941862202587));
#8652=DIRECTION('',(-1.38579902164291E-14,0.999766769336184,-0.0215964564475039));
#8653=DIRECTION('',(1.38579902164291E-14,-0.999766769336184,0.0215964564475039));
#8654=DIRECTION('center_axis',(1.,1.3702655478049E-14,-7.34058470187878E-15));
#8655=DIRECTION('ref_axis',(7.06118778711846E-15,-0.821092924960597,-0.570794541476748));
#8656=DIRECTION('',(0.707106781186555,-0.66797268393525,0.231975200218318));
#8657=DIRECTION('center_axis',(1.,1.3702655478049E-14,-7.34058470187878E-15));
#8658=DIRECTION('ref_axis',(7.06118778711845E-15,-0.821092924960597,-0.570794541476748));
#8659=DIRECTION('center_axis',(-1.,-1.3702655478049E-14,7.34058470187878E-15));
#8660=DIRECTION('ref_axis',(5.33382833344949E-15,0.141091300237193,0.989996588376636));
#8661=DIRECTION('',(0.707106781186552,-0.624675745806761,-0.331330971387764));
#8662=DIRECTION('center_axis',(-1.,-1.3702655478049E-14,7.34058470187878E-15));
#8663=DIRECTION('ref_axis',(5.33382833344949E-15,0.141091300237193,0.989996588376636));
#8664=DIRECTION('center_axis',(1.,1.3702655478049E-14,-7.34058470187878E-15));
#8665=DIRECTION('ref_axis',(1.55364976039505E-14,-0.896615136830557,0.44281067783684));
#8666=DIRECTION('',(0.707106781186562,-0.116604113220949,0.697426326417303));
#8667=DIRECTION('center_axis',(1.,1.3702655478049E-14,-7.34058470187878E-15));
#8668=DIRECTION('ref_axis',(1.55364976039505E-14,-0.896615136830557,0.44281067783684));
#8669=DIRECTION('center_axis',(0.70710678118655,0.116604113220962,-0.697426326417314));
#8670=DIRECTION('ref_axis',(-0.68995723418714,-0.102128956436847,-0.716609162130902));
#8671=DIRECTION('',(0.707106781186545,-0.116604113220949,0.697426326417321));
#8672=DIRECTION('',(1.23045776593063E-14,-0.986309769575416,-0.164903118345561));
#8673=DIRECTION('',(-1.23045776593063E-14,0.986309769575416,0.164903118345561));
#8674=DIRECTION('center_axis',(7.04294385018929E-15,0.0215964564474919,
0.999766769336184));
#8675=DIRECTION('ref_axis',(-0.909651179963159,0.415276124280386,-0.00897058494717941));
#8676=DIRECTION('',(-7.04294385018929E-15,-0.0215964564474919,-0.999766769336185));
#8677=DIRECTION('center_axis',(0.707106781186535,-0.116604113220948,0.697426326417332));
#8678=DIRECTION('ref_axis',(0.689957234187161,-0.102128956436824,-0.716609162130884));
#8679=DIRECTION('',(1.23045776593063E-14,-0.986309769575416,-0.164903118345562));
#8680=DIRECTION('',(-0.707106781180934,-0.116604113221891,0.697426326422853));
#8681=DIRECTION('',(-1.23045776593063E-14,0.986309769575416,0.164903118345562));
#8682=DIRECTION('center_axis',(-1.,-1.3702655478049E-14,7.34058470187878E-15));
#8683=DIRECTION('ref_axis',(5.33382833344949E-15,0.141091300237193,0.989996588376636));
#8684=DIRECTION('',(0.707106781180925,0.706941862208204,-0.015271000803766));
#8685=DIRECTION('center_axis',(-1.,-1.3702655478049E-14,7.34058470187878E-15));
#8686=DIRECTION('ref_axis',(5.33382833344949E-15,0.141091300237193,0.989996588376636));
#8687=DIRECTION('center_axis',(-0.678598344545839,-0.684510506739962,-0.266363760564846));
#8688=DIRECTION('ref_axis',(0.734509555267762,-0.632405246965965,-0.2460880265886));
#8689=DIRECTION('',(0.678598344545839,0.684510506739962,0.266363760564846));
#8690=DIRECTION('center_axis',(-1.,-1.3702655478049E-14,7.34058470187878E-15));
#8691=DIRECTION('ref_axis',(1.01078955961555E-14,-0.931928661554886,-0.36264165476751));
#8692=DIRECTION('',(-0.678598344545839,-0.684510506739962,-0.266363760564846));
#8693=DIRECTION('center_axis',(-0.916132726340959,-0.373586974386299,-0.145374001444455));
#8694=DIRECTION('ref_axis',(0.400875077458154,-0.853770345465558,-0.33222788786696));
#8695=DIRECTION('center_axis',(0.707106781186554,-0.706941862202576,0.0152710008036356));
#8696=DIRECTION('ref_axis',(-0.118830010440304,-0.140091613766273,-0.982982079374349));
#8697=DIRECTION('center_axis',(-0.707106781186554,0.706941862202576,-0.0152710008036356));
#8698=DIRECTION('ref_axis',(-0.707106781186541,-0.706941862202589,0.0152710008036667));
#8699=DIRECTION('',(7.04294385018892E-15,0.0215964564475191,0.999766769336184));
#8700=DIRECTION('',(-7.04294385018892E-15,-0.0215964564475191,-0.999766769336184));
#8701=DIRECTION('center_axis',(1.38579902164292E-14,-0.999766769336184,
0.0215964564475191));
#8702=DIRECTION('ref_axis',(7.04294385018892E-15,0.0215964564475191,0.999766769336184));
#8703=DIRECTION('',(-1.,-1.33848590555565E-14,2.2052364080776E-14));
#8704=DIRECTION('',(7.04294385018892E-15,0.0215964564475191,0.999766769336184));
#8705=DIRECTION('center_axis',(1.,1.3702655478049E-14,-7.34058470187878E-15));
#8706=DIRECTION('ref_axis',(5.33382833344949E-15,0.141091300237193,0.989996588376636));
#8707=DIRECTION('',(0.707106781186538,-0.0997666151641375,-0.700033300992678));
#8708=DIRECTION('center_axis',(1.,1.3702655478049E-14,-7.34058470187878E-15));
#8709=DIRECTION('ref_axis',(5.33382833344949E-15,0.141091300237193,0.989996588376636));
#8710=DIRECTION('center_axis',(1.,1.3702655478049E-14,-7.34058470187878E-15));
#8711=DIRECTION('ref_axis',(5.3338283334495E-15,0.141091300237193,0.989996588376636));
#8712=DIRECTION('',(-0.707106781186539,-0.664908999824373,0.240615922067858));
#8713=DIRECTION('center_axis',(1.,1.3702655478049E-14,-7.34058470187878E-15));
#8714=DIRECTION('ref_axis',(5.33382833344949E-15,0.141091300237193,0.989996588376636));
#8715=DIRECTION('',(-0.707106781186546,-0.620518053150289,-0.339053603010758));
#8716=DIRECTION('center_axis',(-1.,-1.3702655478049E-14,7.34058470187878E-15));
#8717=DIRECTION('ref_axis',(7.15081503370808E-15,-0.824775905257251,-0.565459729872148));
#8718=DIRECTION('',(-0.707106781186549,-0.0152710008036439,-0.706941862202581));
#8719=DIRECTION('center_axis',(-1.,-1.3702655478049E-14,7.34058470187878E-15));
#8720=DIRECTION('ref_axis',(7.15081503370807E-15,-0.824775905257251,-0.565459729872148));
#8721=DIRECTION('center_axis',(-0.707106781186546,0.0152710008036212,0.706941862202584));
#8722=DIRECTION('ref_axis',(0.704551962391507,0.100125780176858,0.702553457349867));
#8723=DIRECTION('',(-0.707106781186532,-0.0152710008036421,-0.706941862202598));
#8724=DIRECTION('',(1.38579902164291E-14,-0.999766769336184,0.0215964564475053));
#8725=DIRECTION('center_axis',(-1.,-1.3702655478049E-14,7.34058470187878E-15));
#8726=DIRECTION('ref_axis',(-1.54983314492455E-14,0.91539944939438,-0.402546702940747));
#8727=DIRECTION('',(0.707106781186557,-0.510681612891826,-0.489085156444345));
#8728=DIRECTION('center_axis',(-1.,-1.3702655478049E-14,7.34058470187878E-15));
#8729=DIRECTION('ref_axis',(-1.54983314492455E-14,0.91539944939438,-0.402546702940746));
#8730=DIRECTION('center_axis',(-0.707106781186539,-0.510681612891858,-0.489085156444338));
#8731=DIRECTION('ref_axis',(-0.618276041627081,0.110892263269921,0.778098735570764));
#8732=DIRECTION('',(-0.707106781186556,0.51068161289183,0.489085156444343));
#8733=DIRECTION('',(-1.47791922116387E-14,0.691670861398952,-0.722212863006213));
#8734=DIRECTION('center_axis',(-1.,-1.3702655478049E-14,7.34058470187878E-15));
#8735=DIRECTION('ref_axis',(2.64731006068014E-15,0.315200823961943,0.949024994704414));
#8736=DIRECTION('',(-0.707106781186556,-0.116604113220959,0.697426326417308));
#8737=DIRECTION('center_axis',(-1.,-1.3702655478049E-14,7.34058470187878E-15));
#8738=DIRECTION('ref_axis',(2.64731006068014E-15,0.315200823961943,0.949024994704414));
#8739=DIRECTION('center_axis',(-0.707106781186574,0.11660411322094,-0.697426326417293));
#8740=DIRECTION('ref_axis',(-0.689957234187121,0.102128956436829,0.716609162130922));
#8741=DIRECTION('',(-0.707106781186521,-0.116604113220963,0.697426326417343));
#8742=DIRECTION('',(-1.23045776593063E-14,0.986309769575416,0.16490311834556));
#8743=DIRECTION('center_axis',(-1.,-1.3702655478049E-14,7.34058470187878E-15));
#8744=DIRECTION('ref_axis',(1.55330110886619E-14,-0.899344131093072,0.437241505198725));
#8745=DIRECTION('center_axis',(-1.,-1.3702655478049E-14,7.34058470187878E-15));
#8746=DIRECTION('ref_axis',(1.55330110886619E-14,-0.899344131093072,0.437241505198725));
#8747=DIRECTION('center_axis',(-1.,-1.3702655478049E-14,7.34058470187878E-15));
#8748=DIRECTION('ref_axis',(1.01078955961558E-14,-0.931928661554895,-0.362641654767488));
#8749=DIRECTION('',(-0.707106781186545,-0.489085156444347,0.510681612891841));
#8750=DIRECTION('',(-0.707106781186549,-0.0152710008036419,-0.706941862202581));
#8751=DIRECTION('center_axis',(-1.,-1.3702655478049E-14,7.34058470187878E-15));
#8752=DIRECTION('ref_axis',(1.01078955961558E-14,-0.931928661554895,-0.362641654767488));
#8753=DIRECTION('center_axis',(-0.707106781186546,0.0152710008036212,0.706941862202584));
#8754=DIRECTION('ref_axis',(0.704551962391507,0.100125780176858,0.702553457349868));
#8755=DIRECTION('',(-0.707106781186532,-0.0152710008036379,-0.706941862202598));
#8756=DIRECTION('',(1.38579902164291E-14,-0.999766769336184,0.0215964564475053));
#8757=DIRECTION('center_axis',(-1.,-1.3702655478049E-14,7.34058470187878E-15));
#8758=DIRECTION('ref_axis',(-1.47791922116387E-14,0.69167086139895,-0.722212863006215));
#8759=DIRECTION('',(-0.707106781186555,0.706941862202575,-0.015271000803614));
#8760=DIRECTION('center_axis',(-1.,-1.3702655478049E-14,7.34058470187878E-15));
#8761=DIRECTION('ref_axis',(-1.47791922116387E-14,0.69167086139895,-0.722212863006215));
#8762=DIRECTION('center_axis',(-0.707106781186542,-0.706941862202588,0.015271000803626));
#8763=DIRECTION('ref_axis',(-0.118830010440319,0.14009161376627,0.982982079374347));
#8764=DIRECTION('',(-0.707106781186555,0.706941862202575,-0.015271000803614));
#8765=DIRECTION('',(-7.0429438501893E-15,-0.0215964564474911,-0.999766769336185));
#8766=DIRECTION('center_axis',(-1.,-1.3702655478049E-14,7.34058470187878E-15));
#8767=DIRECTION('ref_axis',(1.20360841011051E-15,0.40254670294078,0.915399449394365));
#8768=DIRECTION('',(0.707106781186547,0.489085156444344,-0.510681612891842));
#8769=DIRECTION('center_axis',(-1.,-1.3702655478049E-14,7.34058470187878E-15));
#8770=DIRECTION('ref_axis',(1.20360841011051E-15,0.40254670294078,0.915399449394365));
#8771=DIRECTION('center_axis',(-0.707106781186548,0.489085156444337,-0.510681612891846));
#8772=DIRECTION('ref_axis',(-0.525340412794451,0.120053479784662,0.842380325432966));
#8773=DIRECTION('',(-4.81896549966906E-15,0.722212863006214,0.691670861398952));
#8774=DIRECTION('center_axis',(-0.707106781186569,0.510681612891822,0.489085156444333));
#8775=DIRECTION('ref_axis',(0.618276041627066,0.110892263269941,0.778098735570774));
#8776=DIRECTION('',(-0.707106781186527,-0.510681612891866,-0.489085156444347));
#8777=DIRECTION('',(1.47791922116387E-14,-0.691670861398952,0.722212863006213));
#8778=DIRECTION('',(-0.707106781186547,-0.510681612891855,-0.48908515644433));
#8779=DIRECTION('center_axis',(-1.,-1.3702655478049E-14,7.34058470187878E-15));
#8780=DIRECTION('ref_axis',(-7.04294385018913E-15,-0.021596456447504,-0.999766769336184));
#8781=DIRECTION('',(-0.707106781186553,0.489085156444351,-0.510681612891826));
#8782=DIRECTION('center_axis',(-1.,-1.3702655478049E-14,7.34058470187878E-15));
#8783=DIRECTION('ref_axis',(-7.04294385018913E-15,-0.021596456447504,-0.999766769336184));
#8784=DIRECTION('center_axis',(-0.707106781186524,-0.489085156444359,0.510681612891859));
#8785=DIRECTION('ref_axis',(0.525340412794464,0.120053479784676,0.842380325432956));
#8786=DIRECTION('',(-0.707106781186571,0.489085156444318,-0.510681612891832));
#8787=DIRECTION('',(4.81896549966906E-15,-0.722212863006214,-0.691670861398952));
#8788=DIRECTION('center_axis',(-1.,-1.3702655478049E-14,7.34058470187878E-15));
#8789=DIRECTION('ref_axis',(-8.95947483840037E-15,0.893942649330095,0.448181369211942));
#8790=DIRECTION('',(0.707106781186538,0.116604113220966,-0.697426326417325));
#8791=DIRECTION('center_axis',(-1.,-1.3702655478049E-14,7.34058470187878E-15));
#8792=DIRECTION('ref_axis',(-8.95947483840037E-15,0.893942649330095,0.448181369211942));
#8793=DIRECTION('center_axis',(-0.707106781186557,0.116604113220943,-0.69742632641731));
#8794=DIRECTION('ref_axis',(-0.689957234187139,0.102128956436827,0.716609162130906));
#8795=DIRECTION('',(-0.707106781186538,-0.116604113220966,0.697426326417325));
#8796=DIRECTION('',(-1.23045776593063E-14,0.986309769575416,0.16490311834556));
#8797=DIRECTION('center_axis',(-1.,-1.3702655478049E-14,7.34058470187878E-15));
#8798=DIRECTION('ref_axis',(1.53179208888865E-14,-0.94902499470441,0.315200823961954));
#8799=DIRECTION('center_axis',(-1.,-1.3702655478049E-14,7.34058470187878E-15));
#8800=DIRECTION('ref_axis',(1.53179208888865E-14,-0.94902499470441,0.315200823961954));
#8801=DIRECTION('center_axis',(-0.707106781186536,-0.706941862202594,0.0152710008036459));
#8802=DIRECTION('ref_axis',(-0.118830010440294,0.14009161376627,0.98298207937435));
#8803=DIRECTION('center_axis',(0.707106781186536,0.706941862202594,-0.0152710008036459));
#8804=DIRECTION('ref_axis',(0.707106781186559,-0.706941862202571,0.0152710008036146));
#8805=DIRECTION('',(0.70710678118779,-0.706941862201341,0.0152710008036078));
#8806=DIRECTION('',(-7.04294385018892E-15,-0.0215964564475191,-0.999766769336184));
#8807=DIRECTION('',(-0.678598344545853,0.684510506739945,0.266363760564855));
#8808=DIRECTION('center_axis',(1.,1.3702655478049E-14,-7.34058470187878E-15));
#8809=DIRECTION('ref_axis',(5.33382833344949E-15,0.141091300237193,0.989996588376636));
#8810=DIRECTION('',(0.707106781186574,-0.116604113220933,0.697426326417294));
#8811=DIRECTION('center_axis',(1.,1.3702655478049E-14,-7.34058470187878E-15));
#8812=DIRECTION('ref_axis',(5.33382833344949E-15,0.141091300237193,0.989996588376636));
#8813=DIRECTION('center_axis',(-0.707106781186522,-0.116604113220967,0.697426326417342));
#8814=DIRECTION('ref_axis',(0.689957234187169,0.102128956436843,0.716609162130874));
#8815=DIRECTION('',(-0.707106781186574,0.116604113220935,-0.697426326417294));
#8816=DIRECTION('',(1.23045776593063E-14,-0.986309769575416,-0.164903118345562));
#8817=DIRECTION('',(-1.23045776593063E-14,0.986309769575416,0.164903118345562));
#8818=DIRECTION('center_axis',(0.678598344545853,-0.684510506739945,-0.266363760564855));
#8819=DIRECTION('ref_axis',(-0.73450955526775,-0.632405246965985,-0.246088026588583));
#8820=DIRECTION('center_axis',(1.,1.3702655478049E-14,-7.34058470187878E-15));
#8821=DIRECTION('ref_axis',(1.01078955961556E-14,-0.931928661554888,-0.362641654767505));
#8822=DIRECTION('',(0.678598344545853,-0.684510506739945,-0.266363760564855));
#8823=DIRECTION('center_axis',(-0.916132726340971,0.373586974386271,0.145374001444455));
#8824=DIRECTION('ref_axis',(0.400875077458128,0.853770345465547,0.332227887867017));
#8825=DIRECTION('',(0.705879976371175,-0.116806066777927,0.698634240301819));
#8826=DIRECTION('',(-0.446345040230631,0.598708985473015,-0.665074173138147));
#8827=DIRECTION('center_axis',(-0.39730015551462,0.576091767489158,-0.714332458914808));
#8828=DIRECTION('ref_axis',(-0.844273814852065,0.0756125279762192,0.530551101373078));
#8829=DIRECTION('',(-0.528911494327316,0.492364727378834,0.691252201733645));
#8830=DIRECTION('',(0.528911494327316,-0.492364727378841,-0.69125220173364));
#8831=DIRECTION('center_axis',(-0.654930538417204,0.755512832923953,-0.0163202063643282));
#8832=DIRECTION('ref_axis',(-0.566300665333285,-0.47637963723838,0.672581591829355));
#8833=DIRECTION('',(-0.997458699830675,0.0712304329919782,-0.00153868381206834));
#8834=DIRECTION('center_axis',(0.0712470499887592,0.997226061875984,-0.0215415733690662));
#8835=DIRECTION('ref_axis',(7.04294385018929E-15,0.0215964564474925,0.999766769336185));
#8836=DIRECTION('',(-0.997458699830675,0.071230432991988,-0.00153868381206955));
#8837=DIRECTION('center_axis',(-0.654930538417201,0.755512832923956,-0.016320206364303));
#8838=DIRECTION('ref_axis',(-0.534352874909721,-0.478268815245611,-0.696940417424098));
#8839=DIRECTION('',(-0.463105824920981,0.518957246630367,-0.718481990793149));
#8840=DIRECTION('center_axis',(-0.463105824920947,0.549499248237614,0.695401733612009));
#8841=DIRECTION('ref_axis',(0.855752656775377,0.0729985431253349,0.512209530488708));
#8842=DIRECTION('',(-0.463105824920963,0.518957246630335,-0.718481990793184));
#8843=DIRECTION('center_axis',(-0.654930538417202,0.755512832923955,-0.0163202063643172));
#8844=DIRECTION('ref_axis',(0.534352874909704,0.447726813638376,-0.716943306981076));
#8845=DIRECTION('',(0.0712470499887132,0.997226061875987,-0.0215415733690857));
#8846=DIRECTION('center_axis',(-0.997458699830675,0.0712304329919839,-0.00153868381207343));
#8847=DIRECTION('ref_axis',(0.00854811447763685,0.141086145353949,0.989960418061269));
#8848=DIRECTION('',(0.0712470499887451,0.997226061875985,-0.0215415733690544));
#8849=DIRECTION('center_axis',(-0.654930538417205,0.755512832923952,-0.0163202063643452));
#8850=DIRECTION('ref_axis',(0.500369409828008,0.449736367788786,0.739842992260196));
#8851=DIRECTION('center_axis',(2.16850330683459E-14,0.0215964564475046,
0.999766769336184));
#8852=DIRECTION('ref_axis',(-0.349507451429021,0.936715062661568,-0.0202344453476105));
#8853=DIRECTION('center_axis',(2.17581552676135E-14,0.0215964564475047,
0.999766769336184));
#8854=DIRECTION('ref_axis',(-0.349507451429021,0.936715062661568,-0.0202344453476105));
#8855=DIRECTION('',(2.16850330683459E-14,0.0215964564475046,0.999766769336184));
#8856=DIRECTION('',(-2.16941220553869E-14,-0.0215964564475046,-0.999766769336184));
#8857=DIRECTION('center_axis',(0.654930538416723,-0.75551283292437,0.0163202063643317));
#8858=DIRECTION('ref_axis',(0.755689082790787,0.654777788532495,-0.014144178849074));
#8859=DIRECTION('',(-0.755689082790787,-0.654777788532495,0.014144178849074));
#8860=DIRECTION('',(7.04294385018929E-15,0.0215964564474919,0.999766769336185));
#8861=DIRECTION('center_axis',(7.04294385018929E-15,0.0215964564474919,
0.999766769336184));
#8862=DIRECTION('ref_axis',(-0.909651179963159,0.415276124280386,-0.00897058494717941));
#8863=DIRECTION('center_axis',(2.17581552676135E-14,0.0215964564475047,
0.999766769336184));
#8864=DIRECTION('ref_axis',(-0.909651179963159,0.415276124280386,-0.00897058494717941));
#8865=DIRECTION('',(-7.04294385018929E-15,-0.0215964564474919,-0.999766769336185));
#8866=DIRECTION('center_axis',(1.,1.3702655478049E-14,-7.34058470187878E-15));
#8867=DIRECTION('ref_axis',(-5.33382833344949E-15,-0.141091300237193,-0.989996588376636));
#8868=DIRECTION('',(1.47791922116387E-14,-0.691670861398953,0.722212863006212));
#8869=DIRECTION('',(1.38579902164291E-14,-0.999766769336184,0.0215964564475047));
#8870=DIRECTION('center_axis',(0.707106781186553,-0.510681612891833,-0.489085156444345));
#8871=DIRECTION('ref_axis',(-0.618276041627084,-0.110892263269939,-0.77809873557076));
#8872=DIRECTION('center_axis',(-0.707106781186553,0.510681612891833,0.489085156444345));
#8873=DIRECTION('ref_axis',(-0.707106781186542,-0.510681612891865,-0.489085156444326));
#8874=DIRECTION('',(-1.47791922116387E-14,0.691670861398953,-0.722212863006212));
#8875=DIRECTION('',(0.678598344545854,0.295674399751524,0.672369642467001));
#8876=DIRECTION('center_axis',(-1.,-1.33848590555565E-14,2.2052364080776E-14));
#8877=DIRECTION('ref_axis',(4.33975123244697E-15,-0.93192866155489,-0.3626416547675));
#8878=DIRECTION('center_axis',(0.707106781186546,0.510681612891852,0.489085156444334));
#8879=DIRECTION('ref_axis',(0.707106781186549,-0.510681612891825,-0.489085156444357));
#8880=DIRECTION('',(1.,1.33848590555565E-14,-2.2052364080776E-14));
#8881=DIRECTION('center_axis',(-0.707106781186546,-0.510681612891852,-0.489085156444334));
#8882=DIRECTION('ref_axis',(-0.618276041627075,0.110892263269922,0.778098735570769));
#8883=DIRECTION('',(-1.47791922116387E-14,0.691670861398953,-0.722212863006212));
#8884=DIRECTION('',(0.678598344545857,-0.295674399751555,-0.672369642466985));
#8885=DIRECTION('',(1.47791922116387E-14,-0.691670861398953,0.722212863006212));
#8886=DIRECTION('center_axis',(-1.,-1.3702655478049E-14,7.34058470187878E-15));
#8887=DIRECTION('ref_axis',(5.33382833344949E-15,0.141091300237193,0.989996588376636));
#8888=DIRECTION('',(7.04294385018929E-15,0.0215964564474919,0.999766769336184));
#8889=DIRECTION('',(-1.38579902164291E-14,0.999766769336184,-0.0215964564475047));
#8890=DIRECTION('center_axis',(7.04294385018929E-15,0.0215964564474919,
0.999766769336184));
#8891=DIRECTION('ref_axis',(-0.909651179963291,0.415276124280095,-0.00897058494717482));
#8892=DIRECTION('center_axis',(-2.17581552676135E-14,-0.0215964564475047,
-0.999766769336184));
#8893=DIRECTION('ref_axis',(-0.909651179963291,0.415276124280095,-0.00897058494717482));
#8894=DIRECTION('center_axis',(-2.14758431703167E-14,-0.0215964564475042,
-0.999766769336184));
#8895=DIRECTION('ref_axis',(-0.349507451429021,0.936715062661568,-0.0202344453476074));
#8896=DIRECTION('center_axis',(-2.17581552676135E-14,-0.0215964564475047,
-0.999766769336184));
#8897=DIRECTION('ref_axis',(-0.349507451429021,0.936715062661568,-0.0202344453476049));
#8898=DIRECTION('',(4.11500910320999E-13,0.691670861398941,-0.722212863006224));
#8899=DIRECTION('',(-0.463105824920646,0.518957246630662,-0.718481990793151));
#8900=DIRECTION('center_axis',(0.463105824920612,-0.549499248237918,-0.695401733611991));
#8901=DIRECTION('ref_axis',(-0.85575265677555,-0.0729985431252945,-0.512209530488424));
#8902=DIRECTION('',(-0.463105824920634,0.518957246630639,-0.718481990793175));
#8903=DIRECTION('',(0.755689082790787,0.654777788532495,-0.014144178849074));
#8904=DIRECTION('center_axis',(-2.25860661949485E-14,-0.0215964564475061,
-0.999766769336184));
#8905=DIRECTION('ref_axis',(-0.909651179963159,0.415276124280386,-0.00897058494717538));
#8906=DIRECTION('',(-0.70710678118672,-0.0152710008036375,-0.70694186220241));
#8907=DIRECTION('center_axis',(-2.17581552676135E-14,-0.0215964564475047,
-0.999766769336184));
#8908=DIRECTION('ref_axis',(-0.909651179963159,0.415276124280386,-0.00897058494717216));
#8909=DIRECTION('center_axis',(0.707106781192004,-0.0152710008035029,-0.706941862197128));
#8910=DIRECTION('ref_axis',(-0.70455196238603,-0.100125780177625,-0.702553457355251));
#8911=DIRECTION('',(-1.38579902164291E-14,0.999766769336184,-0.0215964564475047));
#8912=DIRECTION('center_axis',(-5.5862602801856E-15,-0.722212863006212,
-0.691670861398953));
#8913=DIRECTION('ref_axis',(-1.,-1.18364032559409E-14,2.04355333615853E-14));
#8914=DIRECTION('',(1.,1.33848590555565E-14,-2.2052364080776E-14));
#8915=DIRECTION('center_axis',(-0.707106781187889,-0.0152710008036113,-0.706941862201242));
#8916=DIRECTION('ref_axis',(-0.704551962390162,0.100125780177026,0.702553457351192));
#8917=DIRECTION('',(0.707106781185206,-0.0152710008036492,-0.706941862203924));
#8918=DIRECTION('',(1.38579902164291E-14,-0.999766769336184,0.0215964564475047));
#8919=DIRECTION('center_axis',(2.25860661949502E-14,0.0215964564475065,
0.999766769336184));
#8920=DIRECTION('ref_axis',(-0.909651179963291,0.415276124280096,-0.00897058494717085));
#8921=DIRECTION('center_axis',(2.17581552676135E-14,0.0215964564475047,
0.999766769336184));
#8922=DIRECTION('ref_axis',(-0.909651179963291,0.415276124280095,-0.00897058494716588));
#8923=DIRECTION('center_axis',(0.707106781186547,8.03381775833628E-15,0.707106781186548));
#8924=DIRECTION('ref_axis',(0.707106781186548,-1.44250686204099E-15,-0.707106781186547));
#8925=DIRECTION('',(-0.410379886288081,-0.814356615900157,0.41037988628809));
#8926=DIRECTION('',(-0.69732332503234,0.165772014319925,0.697323325032338));
#8927=DIRECTION('',(-1.13615340314731E-14,1.,5.86838557774568E-29));
#8928=DIRECTION('center_axis',(0.707106781186547,8.03381775833628E-15,0.707106781186548));
#8929=DIRECTION('ref_axis',(-0.707106781186548,3.04233197064048E-14,0.707106781186547));
#8930=DIRECTION('center_axis',(0.755689082787846,0.654777788535876,-0.0141441788496721));
#8931=DIRECTION('ref_axis',(-0.654930538420116,0.755512832921416,-0.0163202063648967));
#8932=DIRECTION('',(-0.648318243008069,0.750946137407164,0.125552198292946));
#8933=DIRECTION('center_axis',(-1.,-1.13615340314731E-14,-6.17244803304588E-15));
#8934=DIRECTION('ref_axis',(-6.17244803304588E-15,-1.28824683608084E-28,
1.));
#8935=DIRECTION('',(-1.12255811682286E-14,0.999766769336184,-0.0215964564475227));
#8936=DIRECTION('',(-7.36833408959883E-15,0.893018448694803,-0.450020055431675));
#8937=DIRECTION('center_axis',(1.,1.13615340314731E-14,6.17244803304588E-15));
#8938=DIRECTION('ref_axis',(6.17244803304588E-15,1.38777878078132E-16,-1.));
#8939=DIRECTION('center_axis',(-1.,-1.13615340314731E-14,-6.17244803304588E-15));
#8940=DIRECTION('ref_axis',(-2.30874316821308E-15,-0.312805785560874,0.949817108984485));
#8941=DIRECTION('center_axis',(1.,1.13615340314731E-14,6.17244803304588E-15));
#8942=DIRECTION('ref_axis',(-8.90708636778801E-15,-0.141091300237194,-0.989996588376636));
#8943=DIRECTION('center_axis',(-0.707106781186561,-0.0152710008036509,-0.706941862202569));
#8944=DIRECTION('ref_axis',(-0.707024307268808,-1.7626009254378E-14,0.707189245486003));
#8945=DIRECTION('',(0.707106781186472,-0.0152710008036277,-0.706941862202658));
#8946=DIRECTION('',(1.12255811682286E-14,-0.999766769336184,0.0215964564475227));
#8947=DIRECTION('center_axis',(-1.,-2.48465628975414E-14,7.47492506255762E-15));
#8948=DIRECTION('ref_axis',(4.20147309207591E-15,-0.312805785560874,0.949817108984485));
#8949=DIRECTION('',(0.707106781186601,0.432359114793993,-0.559522649992366));
#8950=DIRECTION('center_axis',(1.,1.13615340314731E-14,6.17244803304588E-15));
#8951=DIRECTION('ref_axis',(1.12542073740557E-14,-0.312805785560874,0.949817108984485));
#8952=DIRECTION('center_axis',(1.,2.48465628975414E-14,-7.47492506255762E-15));
#8953=DIRECTION('ref_axis',(-8.01169680197848E-16,1.38777878078053E-16,
-1.));
#8954=DIRECTION('',(0.707106781186513,-0.3182122328657,-0.631459400796816));
#8955=DIRECTION('center_axis',(-1.,-1.13615340314731E-14,-6.17244803304588E-15));
#8956=DIRECTION('ref_axis',(-7.40775488221821E-15,1.38777878077978E-16,
-1.));
#8957=DIRECTION('center_axis',(-0.707106781186553,-0.318212232865685,-0.631459400796778));
#8958=DIRECTION('ref_axis',(-0.666082712357201,-1.66119728177136E-14,0.745877885648096));
#8959=DIRECTION('',(7.36833408959883E-15,-0.893018448694803,0.450020055431675));
#8960=DIRECTION('center_axis',(1.,-8.9353166482406E-15,-4.11428982416671E-15));
#8961=DIRECTION('ref_axis',(-5.33382833344907E-15,-0.141091300237194,-0.989996588376636));
#8962=DIRECTION('center_axis',(1.,-8.9353166482406E-15,-4.11428982416671E-15));
#8963=DIRECTION('ref_axis',(-5.33382833344907E-15,-0.141091300237194,-0.989996588376636));
#8964=DIRECTION('center_axis',(-1.,8.9353166482406E-15,4.11428982416671E-15));
#8965=DIRECTION('ref_axis',(-5.33382833344907E-15,-0.141091300237195,-0.989996588376636));
#8966=DIRECTION('center_axis',(-1.,8.9353166482406E-15,4.11428982416671E-15));
#8967=DIRECTION('ref_axis',(-1.32739055006346E-14,-0.141091300237194,-0.989996588376636));
#8968=DIRECTION('',(0.70710678118644,-0.0997666151641683,-0.700033300992772));
#8969=DIRECTION('center_axis',(1.,-8.9353166482406E-15,-4.11428982416671E-15));
#8970=DIRECTION('ref_axis',(5.33382833344907E-15,0.141091300237195,0.989996588376636));
#8971=DIRECTION('center_axis',(-1.,1.10243514501403E-14,1.87878078068154E-14));
#8972=DIRECTION('ref_axis',(5.33382833344907E-15,0.141091300237195,0.989996588376636));
#8973=DIRECTION('',(1.,-8.9353166482406E-15,-4.11428982416671E-15));
#8974=DIRECTION('center_axis',(-1.,1.10243514501403E-14,1.87878078068154E-14));
#8975=DIRECTION('ref_axis',(1.87878078068154E-14,-8.32667268464797E-17,
1.));
#8976=DIRECTION('center_axis',(7.30298375500339E-15,-0.021596456448323,
-0.999766769336167));
#8977=DIRECTION('ref_axis',(-1.,2.12327949496157E-15,-7.35055344260291E-15));
#8978=DIRECTION('',(1.,1.11993968005403E-14,7.35055344260292E-15));
#8979=DIRECTION('',(1.14950884541576E-14,-0.999766769336166,0.0215964564483235));
#8980=DIRECTION('center_axis',(7.30298375500339E-15,-0.021596456448323,
-0.999766769336167));
#8981=DIRECTION('ref_axis',(-1.,2.12327949496157E-15,-7.35055344260291E-15));
#8982=DIRECTION('',(-0.755689082790384,0.65477778853296,-0.0141441788490733));
#8983=DIRECTION('center_axis',(2.21245550552824E-14,-0.0215964564475047,
-0.999766769336184));
#8984=DIRECTION('ref_axis',(0.909651179963282,0.415276124280116,-0.008970584947166));
#8985=DIRECTION('',(8.86267940595226E-15,-0.999766769336184,0.0215964564475047));
#8986=DIRECTION('',(-1.,-9.33842434702326E-15,-2.19279924608213E-14));
#8987=DIRECTION('',(-8.86267940595226E-15,0.999766769336184,-0.0215964564475047));
#8988=DIRECTION('center_axis',(-2.21245550552824E-14,0.0215964564475047,
0.999766769336184));
#8989=DIRECTION('ref_axis',(0.909651179963149,0.415276124280407,-0.00897058494717227));
#8990=DIRECTION('',(-0.755689082790802,0.654777788532478,-0.0141441788490739));
#8991=DIRECTION('center_axis',(-2.21245550552824E-14,0.0215964564475047,
0.999766769336184));
#8992=DIRECTION('ref_axis',(0.349507451428999,0.936715062661576,-0.020234445347605));
#8993=DIRECTION('',(1.,-6.08367304349095E-13,5.83407089712282E-15));
#8994=DIRECTION('center_axis',(7.48119811569915E-15,-0.0215964564475047,
-0.999766769336184));
#8995=DIRECTION('ref_axis',(-1.,-9.23825453651173E-15,-7.2833832622635E-15));
#8996=DIRECTION('center_axis',(7.11479832803026E-15,0.0215964564475047,
0.999766769336184));
#8997=DIRECTION('ref_axis',(1.,1.34850288660681E-14,-7.40775488221821E-15));
#8998=DIRECTION('center_axis',(7.48119811569939E-15,-0.021596456447531,
-0.999766769336184));
#8999=DIRECTION('ref_axis',(-1.,-9.23825453651173E-15,-7.2833832622635E-15));
#9000=DIRECTION('',(-0.707106781186641,0.0152710008036407,0.706941862202489));
#9001=DIRECTION('center_axis',(-7.11479832803026E-15,-0.0215964564475047,
-0.999766769336184));
#9002=DIRECTION('ref_axis',(1.,1.34850288660681E-14,-7.4077548822182E-15));
#9003=DIRECTION('center_axis',(-7.48119811569916E-15,0.0215964564475056,
0.999766769336184));
#9004=DIRECTION('ref_axis',(-1.,-9.23825453651173E-15,-7.28338326226349E-15));
#9005=DIRECTION('',(-7.48119811569916E-15,0.0215964564475056,0.999766769336184));
#9006=DIRECTION('center_axis',(7.11479832803024E-15,0.0215964564475056,
0.999766769336184));
#9007=DIRECTION('ref_axis',(1.,1.34850288660681E-14,-7.4077548822182E-15));
#9008=DIRECTION('center_axis',(7.48119811569945E-15,-0.0215964564475371,
-0.999766769336184));
#9009=DIRECTION('ref_axis',(-1.,-9.23825453651173E-15,-7.2833832622635E-15));
#9010=DIRECTION('',(-0.707106781186741,0.0152710008036429,0.706941862202389));
#9011=DIRECTION('center_axis',(-7.48119811569915E-15,0.0215964564475047,
0.999766769336184));
#9012=DIRECTION('ref_axis',(-1.,-9.23825453651173E-15,-7.28338326226349E-15));
#9013=DIRECTION('center_axis',(-7.48119811569916E-15,0.0215964564475056,
0.999766769336184));
#9014=DIRECTION('ref_axis',(-1.,-9.23825453651173E-15,-7.28338326226349E-15));
#9015=DIRECTION('',(-7.48119811569916E-15,0.0215964564475056,0.999766769336184));
#9016=DIRECTION('center_axis',(7.48119811569916E-15,-0.0215964564475056,
-0.999766769336184));
#9017=DIRECTION('ref_axis',(-1.,-9.23825453651173E-15,-7.28338326226349E-15));
#9018=DIRECTION('center_axis',(7.48119811569916E-15,-0.0215964564475056,
-0.999766769336184));
#9019=DIRECTION('ref_axis',(-1.,-9.23825453651173E-15,-7.28338326226349E-15));
#9020=DIRECTION('',(0.707106781186556,-0.0152710008036245,-0.706941862202574));
#9021=DIRECTION('center_axis',(7.48119811569916E-15,-0.0215964564475056,
-0.999766769336184));
#9022=DIRECTION('ref_axis',(-1.,-9.23825453651173E-15,-7.28338326226349E-15));
#9023=DIRECTION('',(0.707106781186556,-0.0152710008036245,-0.706941862202574));
#9024=DIRECTION('',(-7.80037655309046E-15,-0.0207079109648935,-0.999785568221241));
#9025=DIRECTION('center_axis',(-1.,-9.02062792453082E-15,-7.21621308192407E-15));
#9026=DIRECTION('ref_axis',(8.41675845493166E-15,-0.141091300237193,-0.989996588376636));
#9027=DIRECTION('center_axis',(-2.1524985550246E-14,0.923146463060074,0.384448446140279));
#9028=DIRECTION('ref_axis',(-3.17199689605918E-15,-0.384448446140279,0.923146463060074));
#9029=DIRECTION('',(-1.,-1.34297944318218E-14,7.5418267792081E-15));
#9030=DIRECTION('',(-3.1719968960585E-15,-0.384448446140333,0.923146463060052));
#9031=DIRECTION('',(-1.,-1.84779729822231E-14,-1.16195297237779E-14));
#9032=DIRECTION('center_axis',(-3.62269976610605E-15,-0.384448446140208,
0.923146463060104));
#9033=DIRECTION('ref_axis',(1.,9.23825453651173E-15,7.77160792441732E-15));
#9034=DIRECTION('',(-1.,-4.24531042037651E-15,1.17439013437408E-14));
#9035=DIRECTION('',(-2.17956304359434E-14,0.923146463060106,0.384448446140202));
#9036=DIRECTION('',(1.,1.81696859576718E-14,3.44701867434471E-15));
#9037=DIRECTION('center_axis',(1.7782098818326E-14,-0.380917020775727,-0.92460922734058));
#9038=DIRECTION('ref_axis',(-1.,-9.23825453651173E-15,-1.54260740660511E-14));
#9039=DIRECTION('center_axis',(1.7782098818326E-14,-0.380917020775727,-0.92460922734058));
#9040=DIRECTION('ref_axis',(0.707106781186056,-0.653797454600628,0.269349008460093));
#9041=DIRECTION('',(-1.41043860661432E-12,-0.92460922734058,0.380917020775727));
#9042=DIRECTION('center_axis',(1.7782098818326E-14,-0.380917020775727,-0.92460922734058));
#9043=DIRECTION('ref_axis',(0.707106781187049,0.65379745459972,-0.269349008459691));
#9044=DIRECTION('center_axis',(1.3369223602883E-14,-0.691670861398916,0.722212863006248));
#9045=DIRECTION('ref_axis',(-8.95483778619008E-15,0.722212863006248,0.691670861398916));
#9046=DIRECTION('',(1.,1.11993968005403E-14,7.35055344260292E-15));
#9047=DIRECTION('',(3.85027486860189E-15,-0.722212863006248,-0.691670861398916));
#9048=DIRECTION('center_axis',(1.16826307718795E-14,-0.999766769336184,
0.0215964564475192));
#9049=DIRECTION('ref_axis',(-1.96497270968291E-16,0.0215964564475191,0.999766769336184));
#9050=DIRECTION('',(-1.,-1.32674022540871E-14,7.47492506255763E-15));
#9051=DIRECTION('',(-6.04997751611226E-15,-0.0215964564475191,-0.999766769336184));
#9052=DIRECTION('center_axis',(1.,1.15238866020395E-14,-7.47492506255762E-15));
#9053=DIRECTION('ref_axis',(2.52174013431681E-15,0.380917020775531,0.924609227340661));
#9054=DIRECTION('',(1.,1.32674022540871E-14,-7.47492506255763E-15));
#9055=DIRECTION('center_axis',(-1.,-1.13617493711067E-14,6.29681965300059E-15));
#9056=DIRECTION('ref_axis',(2.52174013431681E-15,0.380917020775531,0.924609227340661));
#9057=DIRECTION('center_axis',(-4.35335435790463E-13,-0.722212863006224,
-0.691670861398942));
#9058=DIRECTION('ref_axis',(-1.,7.11236138302765E-14,5.55132604895559E-13));
#9059=DIRECTION('',(1.,6.26408560198157E-13,8.59835526672534E-15));
#9060=DIRECTION('',(-4.27307766109598E-13,0.691670861398941,-0.722212863006224));
#9061=DIRECTION('center_axis',(-6.08351409696899E-13,-0.999766769336184,
0.0215964564475046));
#9062=DIRECTION('ref_axis',(1.,-6.08367304349095E-13,5.83407089712281E-15));
#9063=DIRECTION('',(1.,-6.08453836426516E-13,1.82823337941014E-15));
#9064=DIRECTION('',(-2.20514328560148E-14,0.0215964564475046,0.999766769336184));
#9065=DIRECTION('center_axis',(-4.22170162825832E-13,-0.691670861398984,
0.722212863006183));
#9066=DIRECTION('ref_axis',(1.,1.0573196110888E-13,6.85811489678737E-13));
#9067=DIRECTION('',(-1.,6.08453836426516E-13,-1.82823337941014E-15));
#9068=DIRECTION('',(4.6040497555553E-13,-0.722212863006182,-0.691670861398984));
#9069=DIRECTION('center_axis',(1.13126397993765E-14,0.0215964564475039,
0.999766769336184));
#9070=DIRECTION('ref_axis',(1.,6.35999634847473E-15,-1.14526642960188E-14));
#9071=DIRECTION('center_axis',(2.61313270750925E-14,-0.0215964564475039,
-0.999766769336184));
#9072=DIRECTION('ref_axis',(0.349507451428999,0.936715062661576,-0.0202344453476028));
#9073=DIRECTION('',(0.755689082790802,-0.654777788532477,0.0141441788490764));
#9074=DIRECTION('center_axis',(2.61313270750925E-14,-0.0215964564475039,
-0.999766769336184));
#9075=DIRECTION('ref_axis',(0.909651179963149,0.415276124280407,-0.00897058494716829));
#9076=DIRECTION('',(8.86267940595226E-15,-0.999766769336184,0.0215964564475039));
#9077=DIRECTION('',(1.,9.42495642444394E-15,2.59338299785335E-14));
#9078=DIRECTION('center_axis',(-8.33615950725689E-15,-0.164903118345561,
0.986309769575416));
#9079=DIRECTION('ref_axis',(1.,9.4212155034804E-15,1.0027019530227E-14));
#9080=DIRECTION('',(-1.,-6.28992202002622E-13,-1.08188248237605E-13));
#9081=DIRECTION('',(-1.,-9.46689991053903E-15,-4.54699479118593E-15));
#9082=DIRECTION('',(-1.00871094895249E-14,0.986309769575416,0.164903118345561));
#9083=DIRECTION('',(-0.749936809069385,0.65245325553925,0.109084974854755));
#9084=DIRECTION('center_axis',(-4.70304604072577E-13,-0.654383732262854,
-0.756162635251));
#9085=DIRECTION('ref_axis',(-1.,7.17933839161041E-14,5.59832186647598E-13));
#9086=DIRECTION('',(1.,6.2855694877866E-13,1.08053907876926E-13));
#9087=DIRECTION('',(3.96908393638846E-13,-0.756162635251,0.654383732262854));
#9088=DIRECTION('center_axis',(-6.08351409696899E-13,-0.999766769336184,
0.0215964564475046));
#9089=DIRECTION('ref_axis',(1.,-6.08367304349095E-13,5.83407089712281E-15));
#9090=DIRECTION('',(-1.,-6.29051687700202E-13,-1.10942025174849E-13));
#9091=DIRECTION('',(-2.20514328560148E-14,0.0215964564475046,0.999766769336184));
#9092=DIRECTION('center_axis',(-3.98627734636167E-13,-0.75616263525098,
0.654383732262877));
#9093=DIRECTION('ref_axis',(1.,1.13500111408816E-13,7.40318339371133E-13));
#9094=DIRECTION('',(1.,6.29051687700202E-13,1.10942025174849E-13));
#9095=DIRECTION('',(-5.20253544058165E-13,0.654383732262868,0.756162635250989));
#9096=DIRECTION('center_axis',(-5.62989178784945E-15,-0.164903118345562,
0.986309769575416));
#9097=DIRECTION('ref_axis',(1.,-2.12327949496157E-15,5.35304073920297E-15));
#9098=DIRECTION('',(1.,-7.88492269542587E-14,-7.47492506255762E-15));
#9099=DIRECTION('',(0.749936809069385,-0.65245325553925,-0.109084974854753));
#9100=DIRECTION('',(1.00871094895249E-14,-0.986309769575416,-0.164903118345562));
#9101=DIRECTION('',(1.,9.02062792453082E-15,7.21621308192407E-15));
#9102=DIRECTION('',(-1.00871094895249E-14,0.986309769575416,0.164903118345562));
#9103=DIRECTION('',(-0.749936809068963,0.652453255539723,0.109084974854832));
#9104=DIRECTION('',(0.648318243008052,0.750946137407179,0.125552198292946));
#9105=DIRECTION('center_axis',(-1.,-9.23825453651173E-15,-7.28338326226349E-15));
#9106=DIRECTION('ref_axis',(-4.02810256628424E-15,-0.312805785560874,0.949817108984485));
#9107=DIRECTION('center_axis',(1.,1.13617493711067E-14,-6.29681965300059E-15));
#9108=DIRECTION('ref_axis',(-4.02810256628424E-15,-0.312805785560874,0.949817108984485));
#9109=DIRECTION('',(-1.,-9.23825453651173E-15,-7.28338326226349E-15));
#9110=DIRECTION('',(1.,9.23825453651173E-15,7.28338326226349E-15));
#9111=DIRECTION('center_axis',(-2.52174013431383E-15,-0.380917020775735,
-0.924609227340577));
#9112=DIRECTION('ref_axis',(1.05269673092189E-14,-0.924609227340577,0.380917020775735));
#9113=DIRECTION('',(1.,1.38867638090441E-14,-7.41643295741087E-15));
#9114=DIRECTION('',(1.29037440898394E-14,-0.924609227340577,0.380917020775735));
#9115=DIRECTION('',(1.,1.15238866020395E-14,-7.47492506255762E-15));
#9116=DIRECTION('',(-1.29037440898394E-14,0.924609227340577,-0.380917020775735));
#9117=DIRECTION('center_axis',(-1.01082879165415E-14,0.380917020775737,
0.924609227340576));
#9118=DIRECTION('ref_axis',(0.707106781187049,0.653797454599717,-0.269349008459697));
#9119=DIRECTION('',(-1.42237980048512E-12,-0.924609227340576,0.380917020775737));
#9120=DIRECTION('center_axis',(-1.01082879165415E-14,0.380917020775737,
0.924609227340576));
#9121=DIRECTION('ref_axis',(0.707106781186056,-0.653797454600628,0.269349008460093));
#9122=DIRECTION('center_axis',(-1.76547785965978E-14,0.38091702077574,0.924609227340575));
#9123=DIRECTION('ref_axis',(0.707106781187049,0.653797454599718,-0.269349008459695));
#9124=DIRECTION('',(0.707106781186643,0.269349008458948,0.653797454600464));
#9125=DIRECTION('center_axis',(-0.707106781186527,0.269349008460823,0.653797454599817));
#9126=DIRECTION('ref_axis',(0.678887343786113,6.16983747439497E-15,0.734242449363312));
#9127=DIRECTION('',(0.70710678118658,0.269349008458963,0.653797454600527));
#9128=DIRECTION('center_axis',(-1.76547785965971E-14,0.380917020775727,
0.92460922734058));
#9129=DIRECTION('ref_axis',(0.707106781186056,-0.653797454600628,0.269349008460093));
#9130=DIRECTION('center_axis',(-1.,-8.83651959353569E-15,-7.29206133745616E-15));
#9131=DIRECTION('ref_axis',(-8.94486675247484E-15,0.204735045525421,0.978817429929455));
#9132=DIRECTION('',(1.,8.83651959353569E-15,7.29206133745616E-15));
#9133=DIRECTION('center_axis',(0.707106781186545,-0.269349008459892,-0.653797454600182));
#9134=DIRECTION('ref_axis',(0.70710678118655,0.269349008459897,0.653797454600174));
#9135=DIRECTION('center_axis',(-7.48119811569931E-15,0.0215964564475227,
0.999766769336184));
#9136=DIRECTION('ref_axis',(-9.07880462285959E-15,0.999766769336184,-0.0215964564475227));
#9137=DIRECTION('',(-0.339435414575887,-0.940409979811174,0.0203142610804019));
#9138=DIRECTION('',(1.14950884541527E-14,-0.999766769336184,0.0215964564475227));
#9139=DIRECTION('center_axis',(1.,3.85245973261662E-14,-7.47492506255762E-15));
#9140=DIRECTION('ref_axis',(-1.7151436115807E-15,0.231280729099072,0.972887056316098));
#9141=DIRECTION('',(-1.,-3.85245973261662E-14,7.47492506255762E-15));
#9142=DIRECTION('',(-1.,7.88492269542587E-14,7.47492506255762E-15));
#9143=DIRECTION('center_axis',(0.707106781186547,8.0339700264516E-15,-0.707106781186548));
#9144=DIRECTION('ref_axis',(0.707106781186548,4.64911074911927E-14,0.707106781186547));
#9145=DIRECTION('center_axis',(-1.,7.88492269542587E-14,7.47492506255762E-15));
#9146=DIRECTION('ref_axis',(1.03996956084337E-15,-0.0827352114416356,0.996571565311648));
#9147=DIRECTION('',(-1.,7.88492269542587E-14,7.47492506255762E-15));
#9148=DIRECTION('center_axis',(-1.06615954407292E-14,0.450020055431675,
0.893018448694803));
#9149=DIRECTION('ref_axis',(1.,9.23825453651173E-15,7.28338326226349E-15));
#9150=DIRECTION('',(1.29799469271315E-14,-0.893018448694803,0.450020055431675));
#9151=DIRECTION('',(1.,9.23825453651173E-15,7.28338326226349E-15));
#9152=DIRECTION('',(0.4103798862881,-0.814356615900148,0.41037988628809));
#9153=DIRECTION('center_axis',(-1.,-9.23825453651173E-15,-7.28338326226349E-15));
#9154=DIRECTION('ref_axis',(7.28338326226349E-15,1.38777878078145E-16,-1.));
#9155=DIRECTION('center_axis',(-1.,-1.13617493711067E-14,6.29681965300059E-15));
#9156=DIRECTION('ref_axis',(7.28338326226349E-15,1.38777878078145E-16,-1.));
#9157=DIRECTION('center_axis',(-7.3029837550034E-15,0.0215964564483231,
0.999766769336167));
#9158=DIRECTION('ref_axis',(-1.,2.12327949496157E-15,-7.35055344260291E-15));
#9159=DIRECTION('',(-7.3029837550034E-15,0.0215964564483231,0.999766769336167));
#9160=DIRECTION('',(-7.3029837550034E-15,0.0215964564483231,0.999766769336167));
#9161=DIRECTION('',(-7.3029837550034E-15,0.0215964564483231,0.999766769336167));
#9162=DIRECTION('',(-7.3029837550034E-15,0.0215964564483231,0.999766769336167));
#9163=DIRECTION('center_axis',(-7.30298375500339E-15,0.021596456448323,
0.999766769336167));
#9164=DIRECTION('ref_axis',(-1.,2.12327949496157E-15,-7.35055344260291E-15));
#9165=DIRECTION('',(-7.3029837550034E-15,0.0215964564483231,0.999766769336167));
#9166=DIRECTION('center_axis',(7.3029837550034E-15,-0.0215964564483239,
-0.999766769336167));
#9167=DIRECTION('ref_axis',(-1.,2.12327949496157E-15,-7.35055344260291E-15));
#9168=DIRECTION('',(0.707106781186556,0.0152710008042074,0.706941862202562));
#9169=DIRECTION('',(-0.463105824922713,-0.549499248236086,-0.69540173361204));
#9170=DIRECTION('',(-0.504888822108839,-0.547582444276699,0.667263624086841));
#9171=DIRECTION('',(0.577844332109173,0.441915907109181,-0.686153232808221));
#9172=DIRECTION('',(-0.619167590901804,-0.348401030952962,0.703738741300896));
#9173=DIRECTION('',(0.638691879932517,0.295886376429353,-0.710298482858984));
#9174=DIRECTION('',(-0.707088461172667,-0.00254450726965991,0.707120522654537));
#9175=DIRECTION('center_axis',(0.707106781187145,8.03397002645832E-15,0.70710678118595));
#9176=DIRECTION('ref_axis',(0.70710678118595,-1.44250686203967E-15,-0.707106781187145));
#9177=DIRECTION('',(0.70710678118595,1.11182328074424E-14,-0.707106781187145));
#9178=DIRECTION('',(-1.13617493711067E-14,1.,5.86900187532789E-29));
#9179=DIRECTION('',(-0.707106781185962,-1.11182328074426E-14,0.707106781187133));
#9180=DIRECTION('',(1.13617493711067E-14,-1.,-5.86900187532789E-29));
#9181=DIRECTION('center_axis',(1.,1.56402888990386E-14,-1.04130149513973E-14));
#9182=DIRECTION('ref_axis',(-1.04308927279972E-14,0.347532300791721,-0.937668011561882));
#9183=DIRECTION('',(-0.707106781186635,-0.460849662465458,0.536299905468339));
#9184=DIRECTION('center_axis',(-1.,-1.13617493711067E-14,6.29681965300059E-15));
#9185=DIRECTION('ref_axis',(-1.11052161036494E-14,0.347532300791721,-0.937668011561882));
#9186=DIRECTION('center_axis',(1.,1.13617493711067E-14,-6.29681965300059E-15));
#9187=DIRECTION('ref_axis',(-9.85290126315246E-15,0.347532300791721,-0.937668011561881));
#9188=DIRECTION('center_axis',(-1.,-1.56402888990413E-14,-7.35055344260292E-15));
#9189=DIRECTION('ref_axis',(1.33868166914914E-14,-0.865415592287068,0.501054740149639));
#9190=DIRECTION('',(-0.707106781186544,0.604980766439554,0.366057744404095));
#9191=DIRECTION('center_axis',(1.,1.13617493711067E-14,-6.29681965300059E-15));
#9192=DIRECTION('ref_axis',(1.37182977840108E-14,-0.865415592287068,0.501054740149639));
#9193=DIRECTION('center_axis',(-1.,-1.13617493711067E-14,6.29681965300059E-15));
#9194=DIRECTION('ref_axis',(1.29876863964169E-14,-0.865415592287069,0.501054740149639));
#9195=DIRECTION('center_axis',(7.47492506255763E-15,2.62419510502427E-29,
1.));
#9196=DIRECTION('ref_axis',(1.,-2.12327949496157E-15,-7.47492506255763E-15));
#9197=DIRECTION('',(-1.,-1.15238866020395E-14,7.47492506255762E-15));
#9198=DIRECTION('',(1.13617493711067E-14,-1.,-5.86776928016348E-29));
#9199=DIRECTION('center_axis',(1.,1.15238866020395E-14,-7.47492506255762E-15));
#9200=DIRECTION('ref_axis',(-1.11052161036494E-14,0.347532300791721,-0.937668011561882));
#9201=DIRECTION('',(1.,1.15238866020395E-14,-7.47492506255762E-15));
#9202=DIRECTION('center_axis',(-1.,-1.13617493711067E-14,6.29681965300059E-15));
#9203=DIRECTION('ref_axis',(-1.11052161036494E-14,0.347532300791721,-0.937668011561882));
#9204=DIRECTION('center_axis',(1.,1.15238866020395E-14,-7.47492506255762E-15));
#9205=DIRECTION('ref_axis',(1.37182977840108E-14,-0.865415592287068,0.501054740149639));
#9206=DIRECTION('',(-1.,-1.15238866020395E-14,7.47492506255762E-15));
#9207=DIRECTION('center_axis',(1.,1.13617493711067E-14,-6.29681965300059E-15));
#9208=DIRECTION('ref_axis',(1.37182977840108E-14,-0.865415592287068,0.501054740149639));
#9209=DIRECTION('center_axis',(1.,7.0829945035384E-15,-7.47492506255762E-15));
#9210=DIRECTION('ref_axis',(2.29651358221285E-15,-0.650863540267643,-0.759194739148178));
#9211=DIRECTION('center_axis',(-1.,-1.13617493711067E-14,6.29681965300059E-15));
#9212=DIRECTION('ref_axis',(2.61443606538929E-15,-0.650863540267643,-0.759194739148178));
#9213=DIRECTION('',(0.707106781186531,-0.269349008459901,-0.653797454600192));
#9214=DIRECTION('center_axis',(1.,1.13617493711067E-14,-6.29681965300059E-15));
#9215=DIRECTION('ref_axis',(1.92560401850702E-15,-0.650863540267643,-0.759194739148178));
#9216=DIRECTION('center_axis',(-1.,-1.13617493711067E-14,6.29681965300059E-15));
#9217=DIRECTION('ref_axis',(6.2968196530006E-15,1.28559675647737E-29,1.));
#9218=DIRECTION('center_axis',(-1.,-1.13617493711067E-14,6.29681965300059E-15));
#9219=DIRECTION('ref_axis',(2.27207617866924E-14,-0.699429604589517,0.714701495887446));
#9220=DIRECTION('',(1.13617493711068E-14,-1.,1.72185920458127E-15));
#9221=DIRECTION('center_axis',(-1.,-1.13617493711067E-14,6.29681965300059E-15));
#9222=DIRECTION('ref_axis',(-2.02707848996539E-14,0.927958205687694,0.37268427455002));
#9223=DIRECTION('',(-3.85027486860122E-15,0.722212863006211,0.691670861398955));
#9224=DIRECTION('center_axis',(-1.,-1.13617493711067E-14,6.29681965300059E-15));
#9225=DIRECTION('ref_axis',(3.15935968728565E-15,-0.402546702940746,-0.91539944939438));
#9226=DIRECTION('',(-1.14950884541576E-14,0.999766769336166,-0.0215964564483235));
#9227=DIRECTION('',(-3.85027486860189E-15,0.722212863006248,0.691670861398916));
#9228=DIRECTION('',(6.04997751611226E-15,0.0215964564475191,0.999766769336184));
#9229=DIRECTION('center_axis',(1.,1.13617493711067E-14,-6.29681965300059E-15));
#9230=DIRECTION('ref_axis',(1.49421383282412E-15,0.380917020775531,0.924609227340661));
#9231=DIRECTION('',(1.29037440898394E-14,-0.924609227340577,0.380917020775735));
#9232=DIRECTION('',(-3.58144614990612E-15,0.707106781186548,0.707106781186548));
#9233=DIRECTION('center_axis',(-1.,-1.13617493711067E-14,6.29681965300059E-15));
#9234=DIRECTION('ref_axis',(-7.47492506255763E-15,8.32667268467608E-17,
-1.));
#9235=DIRECTION('',(-1.2486493902997E-14,0.707106781186545,-0.707106781186549));
#9236=DIRECTION('center_axis',(-1.,-1.13617493711067E-14,6.29681965300059E-15));
#9237=DIRECTION('ref_axis',(2.55795690048466E-14,-0.992342756645502,0.123514587532024));
#9238=DIRECTION('center_axis',(-1.,-1.13617493711067E-14,6.29681965300059E-15));
#9239=DIRECTION('ref_axis',(7.47492506255763E-15,-8.32667268467608E-17,
1.));
#9240=DIRECTION('center_axis',(-1.,-1.13617493711067E-14,6.29681965300059E-15));
#9241=DIRECTION('ref_axis',(2.55309402892809E-15,-0.380917020775729,-0.924609227340579));
#9242=DIRECTION('',(1.29037440898394E-14,-0.924609227340579,0.380917020775729));
#9243=DIRECTION('center_axis',(-1.,-1.13617493711067E-14,6.29681965300059E-15));
#9244=DIRECTION('ref_axis',(-2.28992093040691E-14,0.980598404817197,0.196027468661838));
#9245=DIRECTION('center_axis',(-1.,-1.13617493711067E-14,6.29681965300059E-15));
#9246=DIRECTION('ref_axis',(-6.93658396733652E-15,-0.021596456447499,-0.999766769336184));
#9247=DIRECTION('',(3.58144614990612E-15,-0.707106781186548,-0.707106781186548));
#9248=DIRECTION('center_axis',(-1.,-1.13617493711067E-14,6.29681965300059E-15));
#9249=DIRECTION('ref_axis',(4.95093464833872E-15,0.100072880121415,0.994980109682704));
#9250=DIRECTION('',(1.152318693689E-14,-0.552130037233711,0.833758011646246));
#9251=DIRECTION('center_axis',(-1.,-1.13617493711067E-14,6.29681965300059E-15));
#9252=DIRECTION('ref_axis',(-2.53683919412457E-14,0.875783947384398,-0.482703301732857));
#9253=DIRECTION('',(-1.14950884541526E-14,0.999766769336184,-0.0215964564475006));
#9254=DIRECTION('',(6.04997751611071E-15,0.0215964564476536,0.999766769336181));
#9255=DIRECTION('center_axis',(-1.,-1.13617493711067E-14,6.29681965300059E-15));
#9256=DIRECTION('ref_axis',(-2.25841305923314E-14,0.6916708613989,-0.722212863006264));
#9257=DIRECTION('',(-1.14950884541526E-14,0.999766769336184,-0.0215964564475006));
#9258=DIRECTION('center_axis',(-1.,-1.13617493711067E-14,6.29681965300059E-15));
#9259=DIRECTION('ref_axis',(5.44709856966802E-15,-0.482703301732891,-0.875783947384379));
#9260=DIRECTION('',(-1.152318693689E-14,0.552130037233711,-0.833758011646246));
#9261=DIRECTION('center_axis',(-1.,-1.13617493711067E-14,6.29681965300059E-15));
#9262=DIRECTION('ref_axis',(2.39375947756643E-14,-0.772305609611265,0.63525116714806));
#9263=DIRECTION('',(1.29037440898394E-14,-0.924609227340579,0.380917020775729));
#9264=DIRECTION('center_axis',(-1.,-1.13617493711067E-14,6.29681965300059E-15));
#9265=DIRECTION('ref_axis',(-1.67025715469947E-14,0.836897981284317,0.547358903209069));
#9266=DIRECTION('center_axis',(1.,1.13617493711067E-14,-6.29681965300059E-15));
#9267=DIRECTION('ref_axis',(6.29681965300059E-15,1.40639108258937E-29,1.));
#9268=DIRECTION('',(3.85027486860122E-15,-0.722212863006211,-0.691670861398955));
#9269=DIRECTION('center_axis',(-1.,-1.13617493711067E-14,6.29681965300059E-15));
#9270=DIRECTION('ref_axis',(7.20617470242484E-15,0.0107988578983069,0.999941690634055));
#9271=DIRECTION('',(1.2486493902997E-14,-0.707106781186548,0.707106781186548));
#9272=DIRECTION('center_axis',(-1.,-1.13617493711067E-14,6.29681965300059E-15));
#9273=DIRECTION('ref_axis',(-2.57861522383462E-14,0.919693117675391,-0.392637962123531));
#9274=DIRECTION('',(-1.14950884541526E-14,0.999766769336184,-0.0215964564475006));
#9275=DIRECTION('center_axis',(-1.,-1.13617493711067E-14,6.29681965300059E-15));
#9276=DIRECTION('ref_axis',(2.0444504911396E-14,-0.931928661554887,-0.362641654767508));
#9277=DIRECTION('center_axis',(-0.463105824920966,-0.518957246630366,0.718481990793159));
#9278=DIRECTION('ref_axis',(0.809307813493316,0.0828748803372093,0.581508914142991));
#9279=DIRECTION('',(0.755689082790384,-0.65477778853296,0.0141441788490733));
#9280=DIRECTION('',(-0.463105824921068,-0.549499248237775,-0.6954017336118));
#9281=DIRECTION('center_axis',(0.654930538417189,0.755512832923966,-0.0163202063643325));
#9282=DIRECTION('ref_axis',(-0.755689082790384,0.65477778853296,-0.0141441788490756));
#9283=DIRECTION('',(0.749936809068963,-0.652453255539723,-0.109084974854832));
#9284=DIRECTION('',(7.40934363785789E-15,-0.0215964564474919,-0.999766769336184));
#9285=DIRECTION('center_axis',(-0.654930538417188,-0.755512832923967,0.0163202063643228));
#9286=DIRECTION('ref_axis',(-0.534352874909715,0.447726813638363,-0.716943306981076));
#9287=DIRECTION('',(0.755689082790384,-0.654777788532959,0.0141441788490817));
#9288=DIRECTION('center_axis',(-0.654930538417188,-0.755512832923967,0.0163202063643228));
#9289=DIRECTION('ref_axis',(0.534352874909725,-0.478268815245606,-0.696940417424098));
#9290=DIRECTION('',(-8.06159966482518E-15,0.0215964564474925,0.999766769336184));
#9291=DIRECTION('center_axis',(-0.654930538417188,-0.755512832923967,0.0163202063643228));
#9292=DIRECTION('ref_axis',(0.566300665333298,-0.476379637238364,0.672581591829355));
#9293=DIRECTION('',(-0.749936809068963,0.652453255539723,0.109084974854834));
#9294=DIRECTION('center_axis',(-0.654930538417188,-0.755512832923967,0.0163202063643228));
#9295=DIRECTION('ref_axis',(-0.500369409828014,0.449736367788779,0.739842992260196));
#9296=DIRECTION('',(2.21592819844277E-14,-0.0215964564475047,-0.999766769336184));
#9297=DIRECTION('center_axis',(-0.499578330778549,-0.450514669943106,-0.739904063769469));
#9298=DIRECTION('ref_axis',(-0.847022785175843,0.0749980095064598,0.526239204129668));
#9299=DIRECTION('',(0.492981630101059,0.554474549378145,-0.670467811661981));
#9300=DIRECTION('',(-0.433608433750985,-0.609377782251429,0.663809042329454));
#9301=DIRECTION('center_axis',(-0.707106781186539,0.0152710008042016,0.706941862202579));
#9302=DIRECTION('ref_axis',(0.707024307268824,1.75082385869125E-14,0.707189245485987));
#9303=DIRECTION('',(0.678598344545728,-0.266363760564588,0.684510506740173));
#9304=DIRECTION('center_axis',(-0.707106781186593,-0.489085156444285,0.510681612891834));
#9305=DIRECTION('ref_axis',(0.58548556741691,1.4479801070688E-14,0.810682829685259));
#9306=DIRECTION('',(0.678598344545797,-0.672369642467041,0.295674399751564));
#9307=DIRECTION('center_axis',(-0.70710678118658,-0.70694186220255,0.0152710008036443));
#9308=DIRECTION('ref_axis',(0.0215914218400991,4.5322530524978E-16,0.999766878078546));
#9309=DIRECTION('',(0.707106781186523,-0.706941862202607,0.0152710008036658));
#9310=DIRECTION('center_axis',(-1.,-7.08299450353729E-15,7.47492506255762E-15));
#9311=DIRECTION('ref_axis',(2.13641777125706E-15,0.380917020775531,0.924609227340661));
#9312=DIRECTION('',(0.70710678118652,-0.269349008459906,-0.653797454600203));
#9313=DIRECTION('center_axis',(-0.707106781186589,-0.269349008459892,-0.653797454600134));
#9314=DIRECTION('ref_axis',(-0.678887343786254,-1.69291550532005E-14,0.734242449363181));
#9315=DIRECTION('center_axis',(1.,1.15238866020395E-14,-7.47492506255762E-15));
#9316=DIRECTION('ref_axis',(1.92560401850702E-15,-0.650863540267643,-0.759194739148178));
#9317=DIRECTION('center_axis',(-1.,-1.13617493711067E-14,6.29681965300059E-15));
#9318=DIRECTION('ref_axis',(1.92560401850702E-15,-0.650863540267643,-0.759194739148178));
#9319=DIRECTION('center_axis',(-1.,-7.08299450353947E-15,7.47492506255762E-15));
#9320=DIRECTION('ref_axis',(-1.04308927279972E-14,0.347532300791721,-0.937668011561881));
#9321=DIRECTION('center_axis',(1.,1.13617493711067E-14,-6.29681965300059E-15));
#9322=DIRECTION('ref_axis',(-9.85290126315246E-15,0.347532300791721,-0.937668011561881));
#9323=DIRECTION('',(-0.70710678118656,-4.9495549773593E-15,-0.707106781186535));
#9324=DIRECTION('',(-0.70710678118656,0.460849662465509,-0.536299905468395));
#9325=DIRECTION('center_axis',(1.,7.08299450353869E-15,-7.47492506255762E-15));
#9326=DIRECTION('ref_axis',(1.33868166914914E-14,-0.865415592287069,0.501054740149639));
#9327=DIRECTION('',(-0.707106781186547,-0.604980766439559,-0.366057744404084));
#9328=DIRECTION('center_axis',(-1.,-1.13617493711067E-14,6.29681965300059E-15));
#9329=DIRECTION('ref_axis',(1.29876863964169E-14,-0.865415592287069,0.501054740149639));
#9330=DIRECTION('center_axis',(-1.,-7.08299450353931E-15,7.47492506255762E-15));
#9331=DIRECTION('ref_axis',(2.29651358221285E-15,-0.650863540267643,-0.759194739148178));
#9332=DIRECTION('',(-0.70710678118655,-0.269349008459908,-0.653797454600169));
#9333=DIRECTION('center_axis',(1.,1.13617493711067E-14,-6.29681965300059E-15));
#9334=DIRECTION('ref_axis',(2.61443606538929E-15,-0.650863540267643,-0.759194739148178));
#9335=DIRECTION('center_axis',(0.707106781186545,-0.269349008459892,-0.653797454600182));
#9336=DIRECTION('ref_axis',(-0.678887343786311,-1.68068791222608E-14,-0.734242449363129));
#9337=DIRECTION('',(-0.701022964695911,-0.146004483855967,-0.698032587823024));
#9338=DIRECTION('',(-1.29037440898394E-14,0.924609227340577,-0.380917020775735));
#9339=DIRECTION('center_axis',(1.,2.48465628975414E-14,-7.47492506255762E-15));
#9340=DIRECTION('ref_axis',(-7.47492506255763E-15,8.32667268467608E-17,
-1.));
#9341=DIRECTION('center_axis',(1.,2.48465628975414E-14,-7.47492506255762E-15));
#9342=DIRECTION('ref_axis',(-2.02707848996539E-14,0.927958205687694,0.37268427455002));
#9343=DIRECTION('',(2.48465628975414E-14,-1.,1.72185920458117E-15));
#9344=DIRECTION('center_axis',(1.,2.48465628975414E-14,-7.47492506255762E-15));
#9345=DIRECTION('ref_axis',(2.27207617866924E-14,-0.699429604589517,0.714701495887446));
#9346=DIRECTION('',(-6.93658396733648E-15,-0.0215964564475005,-0.999766769336184));
#9347=DIRECTION('center_axis',(1.,2.48465628975414E-14,-7.47492506255762E-15));
#9348=DIRECTION('ref_axis',(3.15935968728565E-15,-0.402546702940747,-0.91539944939438));
#9349=DIRECTION('',(-1.27743194691854E-14,0.722212863006211,0.691670861398955));
#9350=DIRECTION('center_axis',(-0.707106781186539,-1.63516347942215E-14,
0.707106781186556));
#9351=DIRECTION('ref_axis',(0.707106781186556,1.75102946468291E-14,0.707106781186539));
#9352=DIRECTION('',(-0.707106781186362,-1.75102946468243E-14,-0.707106781186733));
#9353=DIRECTION('',(0.707106781186447,1.75102946468264E-14,0.707106781186648));
#9354=DIRECTION('center_axis',(1.,2.48465628975414E-14,-7.47492506255762E-15));
#9355=DIRECTION('ref_axis',(2.27207617866924E-14,-0.699429604589517,0.714701495887446));
#9356=DIRECTION('',(-0.70710678118636,0.706941862202771,-0.015271000803611));
#9357=DIRECTION('center_axis',(-0.70710678118653,-0.706941862202601,0.0152710008036329));
#9358=DIRECTION('ref_axis',(0.0215914218400845,4.53225305249416E-16,0.999766878078547));
#9359=DIRECTION('',(-0.707106781186368,0.706941862202762,-0.0152710008036445));
#9360=DIRECTION('center_axis',(1.,2.48465628975414E-14,-7.47492506255762E-15));
#9361=DIRECTION('ref_axis',(3.15935968728565E-15,-0.402546702940746,-0.91539944939438));
#9362=DIRECTION('',(-0.707106781186393,-0.489085156444453,0.51068161289195));
#9363=DIRECTION('center_axis',(-0.707106781186523,0.489085156444353,-0.510681612891867));
#9364=DIRECTION('ref_axis',(-0.585485567416986,-1.46148068821677E-14,0.810682829685204));
#9365=DIRECTION('',(-0.707106781186425,-0.489085156444445,0.510681612891914));
#9366=DIRECTION('center_axis',(1.,2.48465628975414E-14,-7.47492506255762E-15));
#9367=DIRECTION('ref_axis',(-2.02707848996539E-14,0.927958205687694,0.37268427455002));
#9368=DIRECTION('center_axis',(1.,2.48465628975414E-14,-7.47492506255762E-15));
#9369=DIRECTION('ref_axis',(-7.47492506255763E-15,8.32667268467608E-17,
-1.));
#9370=DIRECTION('center_axis',(1.,2.48465628975414E-14,-7.47492506255762E-15));
#9371=DIRECTION('ref_axis',(-2.57861522383462E-14,0.919693117675391,-0.392637962123531));
#9372=DIRECTION('',(2.28547433146253E-14,-0.707106781186548,0.707106781186548));
#9373=DIRECTION('center_axis',(1.,2.48465628975414E-14,-7.47492506255762E-15));
#9374=DIRECTION('ref_axis',(7.20617470242484E-15,0.0107988578983069,0.999941690634055));
#9375=DIRECTION('',(1.27743194691854E-14,-0.722212863006211,-0.691670861398955));
#9376=DIRECTION('center_axis',(1.,2.48465628975414E-14,-7.47492506255762E-15));
#9377=DIRECTION('ref_axis',(2.0444504911396E-14,-0.931928661554887,-0.362641654767508));
#9378=DIRECTION('',(-2.50021998107451E-14,0.999766769336184,-0.0215964564475006));
#9379=DIRECTION('center_axis',(-0.70710678118655,0.499999999999987,0.50000000000001));
#9380=DIRECTION('ref_axis',(0.577350269189639,1.42771827795572E-14,0.816496580927717));
#9381=DIRECTION('',(-0.707106781186455,-0.500000000000065,-0.500000000000067));
#9382=DIRECTION('',(0.707106781186555,0.500000000000006,0.499999999999983));
#9383=DIRECTION('center_axis',(1.,2.48465628975414E-14,-7.47492506255762E-15));
#9384=DIRECTION('ref_axis',(7.20617470242485E-15,0.0107988578983069,0.999941690634055));
#9385=DIRECTION('',(-0.70710678118646,0.489085156444399,-0.510681612891908));
#9386=DIRECTION('center_axis',(-0.707106781186538,-0.489085156444355,0.510681612891843));
#9387=DIRECTION('ref_axis',(0.585485567416946,1.44798010706889E-14,0.810682829685233));
#9388=DIRECTION('',(-0.707106781186403,0.489085156444451,-0.510681612891938));
#9389=DIRECTION('center_axis',(1.,2.48465628975414E-14,-7.47492506255762E-15));
#9390=DIRECTION('ref_axis',(2.0444504911396E-14,-0.931928661554887,-0.362641654767508));
#9391=DIRECTION('',(-0.707106781186375,0.0152710008036141,0.706941862202756));
#9392=DIRECTION('center_axis',(-0.707106781186565,-0.0152710008036449,-0.706941862202565));
#9393=DIRECTION('ref_axis',(-0.707024307268804,-1.76260092543779E-14,0.707189245486007));
#9394=DIRECTION('',(-0.707106781186549,0.0152710008035943,0.706941862202582));
#9395=DIRECTION('center_axis',(1.,2.48465628975414E-14,-7.47492506255762E-15));
#9396=DIRECTION('ref_axis',(-2.57861522383462E-14,0.919693117675391,-0.392637962123531));
#9397=DIRECTION('center_axis',(-1.,-2.48465628975414E-14,7.47492506255762E-15));
#9398=DIRECTION('ref_axis',(7.47492506255763E-15,-8.32667268467608E-17,
1.));
#9399=DIRECTION('center_axis',(1.,2.48465628975414E-14,-7.47492506255762E-15));
#9400=DIRECTION('ref_axis',(-2.28992093040691E-14,0.980598404817197,0.196027468661838));
#9401=DIRECTION('',(2.58206875081161E-14,-0.924609227340579,0.380917020775729));
#9402=DIRECTION('center_axis',(1.,2.48465628975414E-14,-7.47492506255762E-15));
#9403=DIRECTION('ref_axis',(-2.55309402892809E-15,0.380917020775729,0.924609227340579));
#9404=DIRECTION('center_axis',(-1.,-2.48465628975414E-14,7.47492506255762E-15));
#9405=DIRECTION('ref_axis',(-7.47492506255763E-15,8.32667268467608E-17,
-1.));
#9406=DIRECTION('center_axis',(1.,2.48465628975414E-14,-7.47492506255762E-15));
#9407=DIRECTION('ref_axis',(2.55795690048466E-14,-0.992342756645502,0.123514587532024));
#9408=DIRECTION('',(-2.28547433146253E-14,0.707106781186545,-0.707106781186549));
#9409=DIRECTION('center_axis',(1.,2.48465628975414E-14,-7.47492506255762E-15));
#9410=DIRECTION('ref_axis',(-7.47492506255763E-15,8.32667268467608E-17,
-1.));
#9411=DIRECTION('',(-1.22836029134338E-14,0.707106781186548,0.707106781186548));
#9412=DIRECTION('center_axis',(-0.70710678118653,0.269349008459885,0.653797454600201));
#9413=DIRECTION('ref_axis',(0.678887343786329,1.68068791222613E-14,0.734242449363112));
#9414=DIRECTION('',(-0.707106781186538,-0.269349008459917,-0.653797454600179));
#9415=DIRECTION('',(0.707106781186624,0.269349008459881,0.6537974546001));
#9416=DIRECTION('center_axis',(1.,2.48465628975414E-14,-7.47492506255762E-15));
#9417=DIRECTION('ref_axis',(-2.55309402892809E-15,0.380917020775729,0.924609227340579));
#9418=DIRECTION('',(-0.707106781186605,0.617537671815989,-0.344452063265713));
#9419=DIRECTION('center_axis',(-1.,-2.48465628975414E-14,7.47492506255762E-15));
#9420=DIRECTION('ref_axis',(-7.47492506255763E-15,8.32667268467608E-17,
-1.));
#9421=DIRECTION('',(-0.707106781186577,0.362175340389287,-0.607312952944248));
#9422=DIRECTION('center_axis',(1.,2.48465628975414E-14,-7.47492506255762E-15));
#9423=DIRECTION('ref_axis',(2.55795690048466E-14,-0.992342756645502,0.123514587532024));
#9424=DIRECTION('',(-0.707106781186539,0.500000000000003,0.500000000000009));
#9425=DIRECTION('center_axis',(-0.707106781186538,-0.500000000000019,-0.499999999999994));
#9426=DIRECTION('ref_axis',(-0.577350269189619,-1.44131567751079E-14,0.816496580927731));
#9427=DIRECTION('',(-0.707106781186589,0.499999999999968,0.499999999999974));
#9428=DIRECTION('center_axis',(1.,2.48465628975414E-14,-7.47492506255762E-15));
#9429=DIRECTION('ref_axis',(-7.47492506255763E-15,8.32667268467608E-17,
-1.));
#9430=DIRECTION('',(-0.707106781186582,-0.49999999999999,0.499999999999961));
#9431=DIRECTION('center_axis',(-0.707106781186563,0.499999999999983,-0.499999999999995));
#9432=DIRECTION('ref_axis',(-0.57735026918962,-1.44131567751079E-14,0.81649658092773));
#9433=DIRECTION('',(-0.707106781186622,-0.499999999999954,0.499999999999941));
#9434=DIRECTION('center_axis',(1.,2.48465628975414E-14,-7.47492506255762E-15));
#9435=DIRECTION('ref_axis',(-2.28992093040691E-14,0.980598404817198,0.196027468661838));
#9436=DIRECTION('center_axis',(1.,2.48465628975414E-14,-7.47492506255762E-15));
#9437=DIRECTION('ref_axis',(-7.47492506255763E-15,8.32667268467608E-17,
-1.));
#9438=DIRECTION('center_axis',(1.,2.48465628975414E-14,-7.47492506255762E-15));
#9439=DIRECTION('ref_axis',(-2.53683919412457E-14,0.875783947384398,-0.482703301732858));
#9440=DIRECTION('',(1.9950812355112E-14,-0.552130037233711,0.833758011646246));
#9441=DIRECTION('center_axis',(1.,2.48465628975414E-14,-7.47492506255762E-15));
#9442=DIRECTION('ref_axis',(4.95093464833872E-15,0.100072880121415,0.994980109682704));
#9443=DIRECTION('',(1.22836029134338E-14,-0.707106781186548,-0.707106781186548));
#9444=DIRECTION('center_axis',(1.,2.48465628975414E-14,-7.47492506255762E-15));
#9445=DIRECTION('ref_axis',(-6.93658396733651E-15,-0.021596456447499,-0.999766769336184));
#9446=DIRECTION('',(-2.50021998107451E-14,0.999766769336184,-0.0215964564475006));
#9447=DIRECTION('center_axis',(-0.707106781186557,0.589555943903657,0.390414893424745));
#9448=DIRECTION('ref_axis',(0.483349732501133,1.19366855605022E-14,0.875427344838556));
#9449=DIRECTION('',(-0.70710678118665,-0.589555943903592,-0.390414893424675));
#9450=DIRECTION('',(0.707106781186646,0.58955594390359,0.390414893424685));
#9451=DIRECTION('center_axis',(1.,2.48465628975414E-14,-7.47492506255762E-15));
#9452=DIRECTION('ref_axis',(4.95093464833872E-15,0.100072880121415,0.994980109682704));
#9453=DIRECTION('',(-0.707106781186673,0.499999999999888,-0.499999999999934));
#9454=DIRECTION('center_axis',(-0.707106781186519,-0.500000000000026,0.500000000000014));
#9455=DIRECTION('ref_axis',(0.577350269189645,1.42771827795574E-14,0.816496580927712));
#9456=DIRECTION('',(-0.707106781186639,0.499999999999929,-0.499999999999941));
#9457=DIRECTION('center_axis',(1.,2.48465628975414E-14,-7.47492506255762E-15));
#9458=DIRECTION('ref_axis',(-6.93658396733651E-15,-0.021596456447499,-0.999766769336184));
#9459=DIRECTION('',(-0.707106781186643,0.0152710008036097,0.706941862202487));
#9460=DIRECTION('center_axis',(-0.707106781186548,-0.0152710008036453,-0.706941862202582));
#9461=DIRECTION('ref_axis',(-0.70702430726882,-1.76260092543783E-14,0.70718924548599));
#9462=DIRECTION('',(-0.707106781186669,0.0152710008036085,0.706941862202462));
#9463=DIRECTION('center_axis',(1.,2.48465628975414E-14,-7.47492506255762E-15));
#9464=DIRECTION('ref_axis',(-2.53683919412457E-14,0.875783947384398,-0.482703301732857));
#9465=DIRECTION('center_axis',(1.,2.48465628975414E-14,-7.47492506255762E-15));
#9466=DIRECTION('ref_axis',(-7.47492506255763E-15,8.32667268467608E-17,
-1.));
#9467=DIRECTION('center_axis',(1.,2.48465628975414E-14,-7.47492506255762E-15));
#9468=DIRECTION('ref_axis',(-1.67025715469947E-14,0.836897981284317,0.547358903209068));
#9469=DIRECTION('',(2.58206875081161E-14,-0.924609227340579,0.380917020775729));
#9470=DIRECTION('center_axis',(1.,2.48465628975414E-14,-7.47492506255762E-15));
#9471=DIRECTION('ref_axis',(2.39375947756643E-14,-0.772305609611265,0.63525116714806));
#9472=DIRECTION('',(-1.9950812355112E-14,0.552130037233711,-0.833758011646246));
#9473=DIRECTION('center_axis',(1.,2.48465628975414E-14,-7.47492506255762E-15));
#9474=DIRECTION('ref_axis',(5.44709856966802E-15,-0.482703301732891,-0.875783947384379));
#9475=DIRECTION('',(-2.50021998107451E-14,0.999766769336184,-0.0215964564475006));
#9476=DIRECTION('center_axis',(1.,2.48465628975414E-14,-7.47492506255762E-15));
#9477=DIRECTION('ref_axis',(-2.25841305923314E-14,0.691670861398899,-0.722212863006264));
#9478=DIRECTION('',(6.93658396733264E-15,0.0215964564476536,0.999766769336181));
#9479=DIRECTION('center_axis',(-0.707106781186549,0.269349008459878,0.653797454600184));
#9480=DIRECTION('ref_axis',(0.67888734378631,1.68068791222608E-14,0.73424244936313));
#9481=DIRECTION('',(-0.707106781186679,-0.269349008459863,-0.653797454600049));
#9482=DIRECTION('',(0.70710678118674,0.26934900845984,0.653797454599992));
#9483=DIRECTION('center_axis',(1.,2.48465628975414E-14,-7.47492506255762E-15));
#9484=DIRECTION('ref_axis',(2.39375947756643E-14,-0.772305609611265,0.63525116714806));
#9485=DIRECTION('',(-0.707106781186692,0.589555943903546,0.390414893424667));
#9486=DIRECTION('center_axis',(-0.70710678118654,-0.589555943903686,-0.39041489342473));
#9487=DIRECTION('ref_axis',(-0.483349732501112,-1.20824734996957E-14,0.875427344838567));
#9488=DIRECTION('',(-0.707106781186704,0.589555943903541,0.390414893424653));
#9489=DIRECTION('center_axis',(1.,2.48465628975414E-14,-7.47492506255762E-15));
#9490=DIRECTION('ref_axis',(5.44709856966803E-15,-0.482703301732891,-0.875783947384379));
#9491=DIRECTION('',(-0.707106781186713,0.0152710008036075,0.706941862202417));
#9492=DIRECTION('center_axis',(-0.707106781186548,-0.0152710008036453,-0.706941862202582));
#9493=DIRECTION('ref_axis',(-0.70702430726882,-1.76260092543783E-14,0.70718924548599));
#9494=DIRECTION('',(-0.707106781186776,0.0152710008036069,0.706941862202355));
#9495=DIRECTION('center_axis',(1.,2.48465628975414E-14,-7.47492506255762E-15));
#9496=DIRECTION('ref_axis',(-2.25841305923314E-14,0.691670861398899,-0.722212863006264));
#9497=DIRECTION('',(-0.707106781186742,-0.706941862202386,0.0152710008037463));
#9498=DIRECTION('center_axis',(-0.707106781186571,0.706941862202558,-0.0152710008037304));
#9499=DIRECTION('ref_axis',(-0.0215914218402222,-6.19719936348019E-16,0.999766878078544));
#9500=DIRECTION('',(-0.707106781186733,-0.706941862202394,0.0152710008037461));
#9501=DIRECTION('center_axis',(1.,2.48465628975414E-14,-7.47492506255762E-15));
#9502=DIRECTION('ref_axis',(-1.67025715469947E-14,0.836897981284317,0.547358903209068));
#9503=DIRECTION('center_axis',(1.,1.15238866020395E-14,-7.47492506255762E-15));
#9504=DIRECTION('ref_axis',(7.47492506255763E-15,2.74526334117284E-29,1.));
#9505=DIRECTION('center_axis',(-1.,-3.37476348527201E-14,-1.86634361868607E-14));
#9506=DIRECTION('ref_axis',(7.47492506255763E-15,2.74526334117284E-29,1.));
#9507=DIRECTION('',(1.,1.15238866020395E-14,-7.47492506255762E-15));
#9508=DIRECTION('center_axis',(-1.,-1.13617493711067E-14,6.29681965300059E-15));
#9509=DIRECTION('ref_axis',(7.47492506255763E-15,2.74526334117284E-29,1.));
#9510=DIRECTION('center_axis',(1.,-2.12327949496157E-15,7.35055344260291E-15));
#9511=DIRECTION('ref_axis',(6.8548695838434E-15,2.03897189564943E-29,1.));
#9512=DIRECTION('',(0.707106781186543,-1.58798093486524E-15,-0.707106781186552));
#9513=DIRECTION('center_axis',(1.,9.02062792453082E-15,7.21621308192407E-15));
#9514=DIRECTION('ref_axis',(1.36171736030714E-15,0.528275334121314,-0.849073124859699));
#9515=DIRECTION('',(6.91494188531143E-15,0.0329632971119069,-0.999456562859793));
#9516=DIRECTION('',(1.14713201170221E-14,-0.849073124859704,-0.528275334121306));
#9517=DIRECTION('',(4.55637823171067E-15,-0.882036421971615,0.471181228738488));
#9518=DIRECTION('',(-6.9149418853114E-15,-0.0329632971119108,0.999456562859793));
#9519=DIRECTION('',(-1.14713201170221E-14,0.849073124859704,0.528275334121306));
#9520=DIRECTION('',(-4.5563782317107E-15,0.882036421971616,-0.471181228738485));
#9521=DIRECTION('center_axis',(-1.,-9.02062792453082E-15,-7.21621308192407E-15));
#9522=DIRECTION('ref_axis',(-8.41675845493166E-15,0.141091300237193,0.989996588376636));
#9523=DIRECTION('center_axis',(2.20514328560148E-14,-0.0215964564475046,
-0.999766769336184));
#9524=DIRECTION('ref_axis',(0.349507451428999,0.936715062661576,-0.0202344453476106));
#9525=DIRECTION('',(2.20605218430558E-14,-0.0215964564475046,-0.999766769336184));
#9526=DIRECTION('center_axis',(1.,9.02062792453082E-15,7.21621308192407E-15));
#9527=DIRECTION('ref_axis',(-8.41675845493166E-15,0.141091300237193,0.989996588376636));
#9528=DIRECTION('center_axis',(1.,9.02062792453082E-15,7.21621308192407E-15));
#9529=DIRECTION('ref_axis',(-8.41675845493166E-15,0.141091300237193,0.989996588376636));
#9530=DIRECTION('',(-1.,-9.02062792453082E-15,-7.21621308192407E-15));
#9531=DIRECTION('',(0.51697390842033,0.433904605329339,0.73787856147648));
#9532=DIRECTION('',(-0.499578330778198,-0.450514669943433,-0.739904063769506));
#9533=DIRECTION('center_axis',(0.433608433750658,0.609377782251693,-0.663809042329426));
#9534=DIRECTION('ref_axis',(-0.79649564715145,-0.0853100451647953,-0.598595756970239));
#9535=DIRECTION('',(0.499578330778195,0.450514669943434,0.739904063769507));
#9536=DIRECTION('',(-0.749936809069385,0.65245325553925,0.109084974854753));
#9537=DIRECTION('',(-0.49998920829807,-0.451092215580811,-0.739274377094097));
#9538=DIRECTION('',(0.422148557842527,0.618522340754239,-0.662737285128408));
#9539=DIRECTION('',(-0.433608433750648,-0.609377782251696,0.663809042329429));
#9540=DIRECTION('center_axis',(0.499578330778201,0.450514669943439,0.7399040637695));
#9541=DIRECTION('ref_axis',(0.847022785176033,-0.0749980095064171,-0.526239204129369));
#9542=DIRECTION('',(0.433608433750646,0.609377782251694,-0.663809042329432));
#9543=DIRECTION('',(0.749936809069385,-0.65245325553925,-0.109084974854755));
#9544=DIRECTION('center_axis',(1.06153133164382E-14,-0.471181228738488,
-0.882036421971615));
#9545=DIRECTION('ref_axis',(-4.55637823171067E-15,0.882036421971615,-0.471181228738488));
#9546=DIRECTION('',(-4.63817887882701E-15,0.882036421971615,-0.471181228738488));
#9547=DIRECTION('',(1.,9.02062792453082E-15,7.21621308192407E-15));
#9548=DIRECTION('',(-1.,-9.02062792453082E-15,-7.21621308192407E-15));
#9549=DIRECTION('center_axis',(9.25359595613096E-15,-0.999456562859793,
-0.0329632971119108));
#9550=DIRECTION('ref_axis',(6.9149418853114E-15,0.0329632971119108,-0.999456562859793));
#9551=DIRECTION('',(6.92092994394267E-15,0.0329632971119108,-0.999456562859793));
#9552=DIRECTION('',(1.,9.02062792453082E-15,7.21621308192407E-15));
#9553=DIRECTION('center_axis',(-1.36171736030724E-15,-0.528275334121306,
0.849073124859704));
#9554=DIRECTION('ref_axis',(1.14713201170221E-14,-0.849073124859704,-0.528275334121306));
#9555=DIRECTION('',(1.16130807510369E-14,-0.849073124859704,-0.528275334121306));
#9556=DIRECTION('',(1.,9.02062792453082E-15,7.21621308192407E-15));
#9557=DIRECTION('center_axis',(-1.06153133164382E-14,0.471181228738485,
0.882036421971616));
#9558=DIRECTION('ref_axis',(4.55637823171069E-15,-0.882036421971616,0.471181228738485));
#9559=DIRECTION('',(4.48116963295866E-15,-0.882036421971616,0.471181228738485));
#9560=DIRECTION('',(-1.,-9.02062792453082E-15,-7.21621308192407E-15));
#9561=DIRECTION('center_axis',(-9.25359595613093E-15,0.999456562859794,
0.0329632971119069));
#9562=DIRECTION('ref_axis',(-6.91494188531143E-15,-0.0329632971119069,0.999456562859793));
#9563=DIRECTION('',(-6.93074302180948E-15,-0.0329632971119069,0.999456562859793));
#9564=DIRECTION('',(-1.,-9.02062792453082E-15,-7.21621308192407E-15));
#9565=DIRECTION('center_axis',(1.36171736030724E-15,0.528275334121306,-0.849073124859704));
#9566=DIRECTION('ref_axis',(-1.14713201170221E-14,0.849073124859704,0.528275334121306));
#9567=DIRECTION('',(-1.13775668822344E-14,0.849073124859704,0.528275334121306));
#9568=DIRECTION('center_axis',(1.,9.02062792453082E-15,7.21621308192407E-15));
#9569=DIRECTION('ref_axis',(1.15257488048296E-14,-0.821092924960597,-0.570794541476748));
#9570=DIRECTION('center_axis',(-1.,-9.02062792453082E-15,-7.21621308192407E-15));
#9571=DIRECTION('ref_axis',(1.15257488048296E-14,-0.821092924960597,-0.570794541476748));
#9572=DIRECTION('',(-1.,-9.02062792453082E-15,-7.21621308192407E-15));
#9573=DIRECTION('center_axis',(-1.,-9.02062792453082E-15,-7.21621308192407E-15));
#9574=DIRECTION('ref_axis',(8.41675845493166E-15,-0.141091300237193,-0.989996588376636));
#9575=DIRECTION('center_axis',(1.,9.02062792453082E-15,7.21621308192407E-15));
#9576=DIRECTION('ref_axis',(-8.41675845493166E-15,0.141091300237193,0.989996588376636));
#9577=DIRECTION('',(1.,9.02062792453082E-15,7.21621308192407E-15));
#9578=DIRECTION('center_axis',(-1.,-9.02062792453082E-15,-7.21621308192407E-15));
#9579=DIRECTION('ref_axis',(4.89261533462887E-15,-0.896615136830557,0.44281067783684));
#9580=DIRECTION('center_axis',(-1.,-9.02062792453082E-15,-7.21621308192407E-15));
#9581=DIRECTION('ref_axis',(4.89261533462887E-15,-0.896615136830557,0.44281067783684));
#9582=DIRECTION('',(0.705555784959037,0.140499670685292,-0.694586838954037));
#9583=DIRECTION('',(-0.433961156480421,-0.609695809573173,0.663286314086978));
#9584=DIRECTION('center_axis',(0.654930538416706,0.755512832924385,-0.0163202063643318));
#9585=DIRECTION('ref_axis',(-0.755689082790802,0.654777788532478,-0.0141441788490739));
#9586=DIRECTION('',(-7.4093436378579E-15,0.0215964564474919,0.999766769336185));
#9587=DIRECTION('',(-0.708637588645427,0.116351130616932,-0.695913200308024));
#9588=DIRECTION('',(0.707106781186563,-0.116604113220941,0.697426326417304));
#9589=DIRECTION('center_axis',(-1.,-9.02062792453082E-15,-7.21621308192407E-15));
#9590=DIRECTION('ref_axis',(-8.41675845493166E-15,0.141091300237193,0.989996588376636));
#9591=DIRECTION('center_axis',(1.,9.02062792453082E-15,7.21621308192407E-15));
#9592=DIRECTION('ref_axis',(-8.41675845493166E-15,0.141091300237193,0.989996588376636));
#9593=DIRECTION('center_axis',(-1.,-9.02062792453082E-15,-7.21621308192407E-15));
#9594=DIRECTION('ref_axis',(-8.41675845493166E-15,0.141091300237193,0.989996588376636));
#9595=DIRECTION('center_axis',(-1.,-9.02062792453082E-15,-7.21621308192407E-15));
#9596=DIRECTION('ref_axis',(-5.35261505146067E-15,0.91539944939438,-0.402546702940747));
#9597=DIRECTION('',(1.0276635769604E-15,-0.691670861398952,0.722212863006213));
#9598=DIRECTION('center_axis',(-1.,-9.02062792453082E-15,-7.21621308192407E-15));
#9599=DIRECTION('ref_axis',(-9.69167593632513E-15,0.315200823961943,0.949024994704414));
#9600=DIRECTION('',(1.00871094895249E-14,-0.986309769575416,-0.16490311834556));
#9601=DIRECTION('center_axis',(-1.,-9.02062792453082E-15,-7.21621308192407E-15));
#9602=DIRECTION('ref_axis',(4.95742091292586E-15,-0.899344131093072,0.437241505198725));
#9603=DIRECTION('center_axis',(-1.,-9.02062792453082E-15,-7.21621308192407E-15));
#9604=DIRECTION('ref_axis',(-8.41675845493166E-15,0.141091300237193,0.989996588376636));
#9605=DIRECTION('center_axis',(-1.,-9.02062792453082E-15,-7.21621308192407E-15));
#9606=DIRECTION('ref_axis',(1.15204744624484E-14,-0.824775905257251,-0.565459729872148));
#9607=DIRECTION('',(-8.86267940595225E-15,0.999766769336184,-0.0215964564475053));
#9608=DIRECTION('center_axis',(1.,9.02062792453082E-15,7.21621308192407E-15));
#9609=DIRECTION('ref_axis',(8.41675845493166E-15,-0.141091300237193,-0.989996588376636));
#9610=DIRECTION('center_axis',(-1.,-9.02062792453082E-15,-7.21621308192407E-15));
#9611=DIRECTION('ref_axis',(-1.02369415113811E-14,0.40254670294078,0.915399449394366));
#9612=DIRECTION('',(1.1506057837902E-14,-0.722212863006213,-0.691670861398952));
#9613=DIRECTION('center_axis',(-1.,-9.02062792453082E-15,-7.21621308192407E-15));
#9614=DIRECTION('ref_axis',(1.10234811612765E-14,-0.931928661554895,-0.362641654767488));
#9615=DIRECTION('',(-8.86267940595225E-15,0.999766769336184,-0.0215964564475053));
#9616=DIRECTION('center_axis',(-1.,-9.02062792453082E-15,-7.21621308192407E-15));
#9617=DIRECTION('ref_axis',(-1.02766357696037E-15,0.69167086139895,-0.722212863006215));
#9618=DIRECTION('',(-7.40934363785789E-15,0.0215964564474911,0.999766769336185));
#9619=DIRECTION('center_axis',(1.,9.02062792453082E-15,7.21621308192407E-15));
#9620=DIRECTION('ref_axis',(8.41675845493166E-15,-0.141091300237193,-0.989996588376636));
#9621=DIRECTION('center_axis',(-1.,-9.02062792453082E-15,-7.21621308192407E-15));
#9622=DIRECTION('ref_axis',(6.28624505900081E-15,-0.94902499470441,0.315200823961954));
#9623=DIRECTION('',(-1.0276635769604E-15,0.691670861398952,-0.722212863006213));
#9624=DIRECTION('center_axis',(-1.,-9.02062792453082E-15,-7.21621308192407E-15));
#9625=DIRECTION('ref_axis',(7.409343637858E-15,-0.021596456447504,-0.999766769336184));
#9626=DIRECTION('',(-1.1506057837902E-14,0.722212863006213,0.691670861398952));
#9627=DIRECTION('center_axis',(-1.,-9.02062792453082E-15,-7.21621308192407E-15));
#9628=DIRECTION('ref_axis',(-1.1298096285058E-14,0.893942649330095,0.448181369211942));
#9629=DIRECTION('',(1.00871094895249E-14,-0.986309769575416,-0.16490311834556));
#9630=DIRECTION('center_axis',(-1.,-9.02062792453082E-15,-7.21621308192407E-15));
#9631=DIRECTION('ref_axis',(8.41675845493166E-15,-0.141091300237193,-0.989996588376636));
#9632=DIRECTION('',(1.,9.02062792453082E-15,7.21621308192407E-15));
#9633=DIRECTION('center_axis',(-1.,-9.02062792453082E-15,-7.21621308192407E-15));
#9634=DIRECTION('ref_axis',(-8.41675845493166E-15,0.141091300237193,0.989996588376636));
#9635=DIRECTION('center_axis',(1.,9.02062792453082E-15,7.21621308192407E-15));
#9636=DIRECTION('ref_axis',(-8.41675845493166E-15,0.141091300237193,0.989996588376636));
#9637=DIRECTION('center_axis',(0.654930538417183,0.755512832923972,-0.0163202063643017));
#9638=DIRECTION('ref_axis',(0.136791898933685,-0.139765014695869,-0.980690428755772));
#9639=DIRECTION('center_axis',(-0.654930538417183,-0.755512832923972,0.0163202063643017));
#9640=DIRECTION('ref_axis',(0.566300665333292,-0.476379637238372,0.672581591829355));
#9641=DIRECTION('',(8.07934888064122E-15,-0.0215964564474925,-0.999766769336185));
#9642=DIRECTION('center_axis',(-0.654930538417183,-0.755512832923972,0.0163202063643017));
#9643=DIRECTION('ref_axis',(0.534352874909743,-0.478268815245586,-0.696940417424098));
#9644=DIRECTION('',(-0.755689082790385,0.654777788532959,-0.0141441788490817));
#9645=DIRECTION('center_axis',(-0.654930538417183,-0.755512832923972,0.0163202063643017));
#9646=DIRECTION('ref_axis',(-0.534352874909712,0.447726813638367,-0.716943306981076));
#9647=DIRECTION('',(-2.23905270110087E-14,0.0215964564475045,0.999766769336184));
#9648=DIRECTION('center_axis',(-0.654930538417183,-0.755512832923972,0.0163202063643017));
#9649=DIRECTION('ref_axis',(-0.500369409828025,0.449736367788767,0.739842992260196));
#9650=DIRECTION('',(0.749936809068963,-0.652453255539722,-0.109084974854834));
#9651=DIRECTION('center_axis',(-2.67823628595051E-14,0.0215964564475096,
0.999766769336184));
#9652=DIRECTION('ref_axis',(0.349507451428999,0.936715062661576,-0.0202344453476064));
#9653=DIRECTION('center_axis',(-2.61313270750925E-14,0.0215964564475039,
0.999766769336184));
#9654=DIRECTION('ref_axis',(0.349507451428999,0.936715062661576,-0.0202344453476106));
#9655=DIRECTION('',(-0.463105824920579,-0.549499248237912,-0.695401733612018));
#9656=DIRECTION('center_axis',(0.463105824920635,0.51895724663067,-0.718481990793152));
#9657=DIRECTION('ref_axis',(-0.809307813493494,-0.0828748803371749,-0.581508914142749));
#9658=DIRECTION('',(-0.463105824920584,-0.549499248237913,-0.695401733612014));
#9659=DIRECTION('',(-0.755689082790802,0.654777788532477,-0.0141441788490764));
#9660=DIRECTION('center_axis',(-2.52921306116904E-14,0.0215964564475047,
0.999766769336184));
#9661=DIRECTION('ref_axis',(0.909651179963149,0.415276124280407,-0.00897058494717344));
#9662=DIRECTION('',(-0.707106781186627,-0.0152710008036308,-0.706941862202503));
#9663=DIRECTION('center_axis',(-2.61313270750925E-14,0.0215964564475039,
0.999766769336184));
#9664=DIRECTION('ref_axis',(0.909651179963149,0.415276124280407,-0.00897058494717952));
#9665=DIRECTION('center_axis',(-0.707106781186553,0.333175442008789,0.623693935229645));
#9666=DIRECTION('ref_axis',(0.68479107877173,0.102818795803604,0.721449564185984));
#9667=DIRECTION('',(4.55637823171067E-15,-0.882036421971615,0.471181228738488));
#9668=DIRECTION('',(0.654653670707956,0.641838952367824,0.399338616529848));
#9669=DIRECTION('',(0.654653670707972,-0.0249179104431007,0.755518146153835));
#9670=DIRECTION('center_axis',(-0.707106781186562,0.706722513099545,0.0233085709180937));
#9671=DIRECTION('ref_axis',(0.171087869746015,0.139011018264645,0.975399855252602));
#9672=DIRECTION('',(-6.9149418853114E-15,-0.0329632971119108,0.999456562859793));
#9673=DIRECTION('',(0.654653670707947,0.666756862810877,-0.356179529624048));
#9674=DIRECTION('center_axis',(-0.707106781186542,0.373547071090761,-0.600385364311557));
#9675=DIRECTION('ref_axis',(-0.608120402411357,0.112004595879107,0.785903649738953));
#9676=DIRECTION('',(-1.14713201170221E-14,0.849073124859704,0.528275334121306));
#9677=DIRECTION('',(0.65465367070803,0.0249179104431817,-0.755518146153782));
#9678=DIRECTION('center_axis',(-0.707106781186528,-0.333175442008805,-0.623693935229664));
#9679=DIRECTION('ref_axis',(-0.684791078771753,0.10281879580359,0.721449564185964));
#9680=DIRECTION('',(-4.55637823171069E-15,0.882036421971616,-0.471181228738485));
#9681=DIRECTION('',(0.654653670707996,-0.641838952367781,-0.399338616529852));
#9682=DIRECTION('center_axis',(-0.707106781186524,-0.706722513099582,-0.023308570918102));
#9683=DIRECTION('ref_axis',(-0.171087869746039,0.139011018264642,0.975399855252598));
#9684=DIRECTION('',(6.91494188531143E-15,0.0329632971119069,-0.999456562859793));
#9685=DIRECTION('',(-0.65465367070799,0.666756862810874,-0.356179529623975));
#9686=DIRECTION('center_axis',(-0.707106781186538,-0.373547071090776,0.600385364311552));
#9687=DIRECTION('ref_axis',(0.60812040241135,0.112004595879117,0.785903649738957));
#9688=DIRECTION('',(1.14713201170221E-14,-0.849073124859704,-0.528275334121306));
#9689=DIRECTION('center_axis',(0.707106781186569,-0.0152710008036232,-0.706941862202561));
#9690=DIRECTION('ref_axis',(-0.704551962391484,-0.100125780176856,-0.702553457349891));
#9691=DIRECTION('',(-0.707106781186543,-0.0152710008036361,-0.706941862202588));
#9692=DIRECTION('',(-8.86267940595226E-15,0.999766769336184,-0.0215964564475039));
#9693=DIRECTION('center_axis',(-1.,-9.02062792453082E-15,-7.21621308192407E-15));
#9694=DIRECTION('ref_axis',(1.15257488048296E-14,-0.821092924960597,-0.570794541476748));
#9695=DIRECTION('center_axis',(1.,9.02062792453082E-15,7.21621308192407E-15));
#9696=DIRECTION('ref_axis',(1.15257488048296E-14,-0.821092924960597,-0.570794541476748));
#9697=DIRECTION('',(-0.707106781186539,-0.667972683935266,0.231975200218318));
#9698=DIRECTION('center_axis',(1.,9.02062792453082E-15,7.21621308192407E-15));
#9699=DIRECTION('ref_axis',(-8.41675845493166E-15,0.141091300237193,0.989996588376636));
#9700=DIRECTION('',(-0.707106781186538,-0.624675745806777,-0.331330971387764));
#9701=DIRECTION('center_axis',(-1.,-9.02062792453082E-15,-7.21621308192407E-15));
#9702=DIRECTION('ref_axis',(-8.41675845493166E-15,0.141091300237193,0.989996588376636));
#9703=DIRECTION('center_axis',(-1.,-9.02062792453082E-15,-7.21621308192407E-15));
#9704=DIRECTION('ref_axis',(4.89261533462887E-15,-0.896615136830557,0.44281067783684));
#9705=DIRECTION('center_axis',(1.,9.02062792453082E-15,7.21621308192407E-15));
#9706=DIRECTION('ref_axis',(4.89261533462888E-15,-0.896615136830557,0.44281067783684));
#9707=DIRECTION('',(-0.70710678118656,-0.116604113220966,0.697426326417303));
#9708=DIRECTION('center_axis',(0.707106781186553,-0.116604113220946,0.697426326417314));
#9709=DIRECTION('ref_axis',(0.689957234187142,-0.102128956436831,-0.716609162130902));
#9710=DIRECTION('',(-0.707106781186542,-0.116604113220965,0.697426326417321));
#9711=DIRECTION('',(1.00871094895249E-14,-0.986309769575416,-0.164903118345561));
#9712=DIRECTION('center_axis',(7.4093436378579E-15,-0.0215964564474919,
-0.999766769336184));
#9713=DIRECTION('ref_axis',(0.909651179963149,0.415276124280407,-0.00897058494717952));
#9714=DIRECTION('',(7.4093436378579E-15,-0.0215964564474919,-0.999766769336185));
#9715=DIRECTION('center_axis',(0.707106781186532,0.116604113220964,-0.697426326417332));
#9716=DIRECTION('ref_axis',(-0.689957234187159,-0.10212895643684,-0.716609162130884));
#9717=DIRECTION('',(-1.00871094895249E-14,0.986309769575416,0.164903118345562));
#9718=DIRECTION('',(0.707106781180936,-0.116604113221875,0.697426326422853));
#9719=DIRECTION('center_axis',(1.,9.02062792453082E-15,7.21621308192407E-15));
#9720=DIRECTION('ref_axis',(-8.41675845493166E-15,0.141091300237193,0.989996588376636));
#9721=DIRECTION('',(-0.707106781180941,0.706941862208188,-0.0152710008037659));
#9722=DIRECTION('center_axis',(-1.,-9.02062792453082E-15,-7.21621308192407E-15));
#9723=DIRECTION('ref_axis',(-8.41675845493166E-15,0.141091300237193,0.989996588376636));
#9724=DIRECTION('center_axis',(-0.678598344545855,0.684510506739947,0.266363760564846));
#9725=DIRECTION('ref_axis',(-0.734509555267747,-0.632405246965982,-0.2460880265886));
#9726=DIRECTION('',(-0.678598344545855,0.684510506739947,0.266363760564846));
#9727=DIRECTION('center_axis',(-0.916132726340968,0.373586974386278,0.145374001444455));
#9728=DIRECTION('ref_axis',(-0.400875077458135,-0.853770345465567,-0.33222788786696));
#9729=DIRECTION('',(0.678598344545855,-0.684510506739947,-0.266363760564846));
#9730=DIRECTION('center_axis',(-1.,-9.02062792453082E-15,-7.21621308192407E-15));
#9731=DIRECTION('ref_axis',(1.10234811612765E-14,-0.931928661554886,-0.36264165476751));
#9732=DIRECTION('center_axis',(0.707106781186538,0.706941862202592,-0.0152710008036356));
#9733=DIRECTION('ref_axis',(0.118830010440307,-0.140091613766271,-0.982982079374349));
#9734=DIRECTION('center_axis',(-0.707106781186538,-0.706941862202592,0.0152710008036356));
#9735=DIRECTION('ref_axis',(0.707106781186557,-0.706941862202573,0.0152710008036666));
#9736=DIRECTION('',(7.40934363785814E-15,-0.0215964564475191,-0.999766769336184));
#9737=DIRECTION('',(-7.40934363785814E-15,0.0215964564475191,0.999766769336184));
#9738=DIRECTION('center_axis',(-8.86267940595215E-15,0.999766769336184,
-0.0215964564475191));
#9739=DIRECTION('ref_axis',(-7.40934363785814E-15,0.0215964564475191,0.999766769336184));
#9740=DIRECTION('',(1.,9.33842434702326E-15,2.19279924608213E-14));
#9741=DIRECTION('',(-7.40934363785814E-15,0.0215964564475191,0.999766769336184));
#9742=DIRECTION('center_axis',(-1.,-9.02062792453082E-15,-7.21621308192407E-15));
#9743=DIRECTION('ref_axis',(-8.41675845493166E-15,0.141091300237193,0.989996588376636));
#9744=DIRECTION('',(-0.707106781186535,-0.0997666151641535,-0.700033300992678));
#9745=DIRECTION('center_axis',(1.,9.02062792453082E-15,7.21621308192407E-15));
#9746=DIRECTION('ref_axis',(-8.41675845493166E-15,0.141091300237193,0.989996588376636));
#9747=DIRECTION('center_axis',(-1.,-9.02062792453082E-15,-7.21621308192407E-15));
#9748=DIRECTION('ref_axis',(-8.41675845493166E-15,0.141091300237193,0.989996588376636));
#9749=DIRECTION('',(0.707106781186554,-0.664908999824356,0.240615922067858));
#9750=DIRECTION('',(0.707106781186561,-0.620518053150273,-0.339053603010758));
#9751=DIRECTION('center_axis',(1.,9.02062792453082E-15,7.21621308192407E-15));
#9752=DIRECTION('ref_axis',(-8.41675845493166E-15,0.141091300237193,0.989996588376636));
#9753=DIRECTION('center_axis',(1.,9.02062792453082E-15,7.21621308192407E-15));
#9754=DIRECTION('ref_axis',(1.15204744624484E-14,-0.824775905257251,-0.565459729872148));
#9755=DIRECTION('center_axis',(-1.,-9.02062792453082E-15,-7.21621308192407E-15));
#9756=DIRECTION('ref_axis',(1.15204744624484E-14,-0.824775905257251,-0.565459729872148));
#9757=DIRECTION('',(0.707106781186549,-0.0152710008036278,-0.706941862202581));
#9758=DIRECTION('center_axis',(-0.707106781186546,-0.0152710008036372,-0.706941862202584));
#9759=DIRECTION('ref_axis',(-0.704551962391509,0.100125780176842,0.702553457349867));
#9760=DIRECTION('',(0.707106781186533,-0.015271000803626,-0.706941862202598));
#9761=DIRECTION('',(8.86267940595225E-15,-0.999766769336184,0.0215964564475053));
#9762=DIRECTION('center_axis',(1.,9.02062792453082E-15,7.21621308192407E-15));
#9763=DIRECTION('ref_axis',(-5.35261505146067E-15,0.91539944939438,-0.402546702940747));
#9764=DIRECTION('center_axis',(-1.,-9.02062792453082E-15,-7.21621308192407E-15));
#9765=DIRECTION('ref_axis',(-5.35261505146067E-15,0.91539944939438,-0.402546702940746));
#9766=DIRECTION('',(-0.707106781186546,-0.510681612891842,-0.489085156444345));
#9767=DIRECTION('center_axis',(-0.707106781186551,0.510681612891842,0.489085156444338));
#9768=DIRECTION('ref_axis',(0.618276041627079,0.110892263269935,0.778098735570764));
#9769=DIRECTION('',(0.707106781186544,0.510681612891846,0.489085156444343));
#9770=DIRECTION('',(-1.0276635769604E-15,0.691670861398952,-0.722212863006213));
#9771=DIRECTION('center_axis',(1.,9.02062792453082E-15,7.21621308192407E-15));
#9772=DIRECTION('ref_axis',(-9.69167593632513E-15,0.315200823961943,0.949024994704414));
#9773=DIRECTION('',(0.707106781186559,-0.116604113220943,0.697426326417308));
#9774=DIRECTION('center_axis',(-1.,-9.02062792453082E-15,-7.21621308192407E-15));
#9775=DIRECTION('ref_axis',(-9.69167593632513E-15,0.315200823961943,0.949024994704414));
#9776=DIRECTION('center_axis',(-0.707106781186572,-0.116604113220957,0.697426326417293));
#9777=DIRECTION('ref_axis',(0.689957234187119,0.102128956436845,0.716609162130922));
#9778=DIRECTION('',(0.707106781186524,-0.116604113220947,0.697426326417343));
#9779=DIRECTION('',(-1.00871094895249E-14,0.986309769575416,0.16490311834556));
#9780=DIRECTION('center_axis',(1.,9.02062792453082E-15,7.21621308192407E-15));
#9781=DIRECTION('ref_axis',(4.95742091292586E-15,-0.899344131093072,0.437241505198725));
#9782=DIRECTION('center_axis',(-1.,-9.02062792453082E-15,-7.21621308192407E-15));
#9783=DIRECTION('ref_axis',(4.95742091292586E-15,-0.899344131093072,0.437241505198725));
#9784=DIRECTION('center_axis',(1.,9.02062792453082E-15,7.21621308192407E-15));
#9785=DIRECTION('ref_axis',(1.10234811612765E-14,-0.931928661554895,-0.362641654767488));
#9786=DIRECTION('',(0.707106781186556,-0.48908515644433,0.510681612891841));
#9787=DIRECTION('center_axis',(-1.,-9.02062792453082E-15,-7.21621308192407E-15));
#9788=DIRECTION('ref_axis',(1.10234811612765E-14,-0.931928661554895,-0.362641654767488));
#9789=DIRECTION('',(0.707106781186549,-0.0152710008036258,-0.706941862202581));
#9790=DIRECTION('center_axis',(-0.707106781186546,-0.0152710008036372,-0.706941862202584));
#9791=DIRECTION('ref_axis',(-0.704551962391509,0.100125780176842,0.702553457349868));
#9792=DIRECTION('',(0.707106781186532,-0.0152710008036218,-0.706941862202598));
#9793=DIRECTION('',(8.86267940595225E-15,-0.999766769336184,0.0215964564475053));
#9794=DIRECTION('center_axis',(1.,9.02062792453082E-15,7.21621308192407E-15));
#9795=DIRECTION('ref_axis',(-1.02766357696037E-15,0.69167086139895,-0.722212863006215));
#9796=DIRECTION('center_axis',(-1.,-9.02062792453082E-15,-7.21621308192407E-15));
#9797=DIRECTION('ref_axis',(-1.02766357696037E-15,0.69167086139895,-0.722212863006215));
#9798=DIRECTION('',(0.707106781186539,0.706941862202591,-0.015271000803614));
#9799=DIRECTION('center_axis',(-0.707106781186558,0.706941862202572,-0.0152710008036259));
#9800=DIRECTION('ref_axis',(0.118830010440316,0.140091613766272,0.982982079374347));
#9801=DIRECTION('',(0.707106781186539,0.706941862202591,-0.015271000803614));
#9802=DIRECTION('',(7.40934363785789E-15,-0.0215964564474911,-0.999766769336185));
#9803=DIRECTION('center_axis',(1.,9.02062792453082E-15,7.21621308192407E-15));
#9804=DIRECTION('ref_axis',(-1.02369415113811E-14,0.40254670294078,0.915399449394365));
#9805=DIRECTION('center_axis',(-1.,-9.02062792453082E-15,-7.21621308192407E-15));
#9806=DIRECTION('ref_axis',(-1.02369415113811E-14,0.40254670294078,0.915399449394365));
#9807=DIRECTION('',(-0.707106781186558,0.489085156444327,-0.510681612891842));
#9808=DIRECTION('center_axis',(-0.707106781186537,-0.489085156444353,0.510681612891847));
#9809=DIRECTION('ref_axis',(0.525340412794449,0.120053479784674,0.842380325432966));
#9810=DIRECTION('',(-1.1506057837902E-14,0.722212863006214,0.691670861398952));
#9811=DIRECTION('center_axis',(-0.707106781186557,-0.510681612891838,-0.489085156444333));
#9812=DIRECTION('ref_axis',(-0.618276041627068,0.110892263269927,0.778098735570774));
#9813=DIRECTION('',(0.707106781186539,-0.51068161289185,-0.489085156444347));
#9814=DIRECTION('',(0.707106781186558,-0.510681612891839,-0.48908515644433));
#9815=DIRECTION('',(1.0276635769604E-15,-0.691670861398952,0.722212863006213));
#9816=DIRECTION('center_axis',(1.,9.02062792453082E-15,7.21621308192407E-15));
#9817=DIRECTION('ref_axis',(7.409343637858E-15,-0.021596456447504,-0.999766769336184));
#9818=DIRECTION('center_axis',(-1.,-9.02062792453082E-15,-7.21621308192407E-15));
#9819=DIRECTION('ref_axis',(7.409343637858E-15,-0.021596456447504,-0.999766769336184));
#9820=DIRECTION('',(0.707106781186542,0.489085156444368,-0.510681612891826));
#9821=DIRECTION('center_axis',(-0.707106781186535,0.489085156444342,-0.510681612891859));
#9822=DIRECTION('ref_axis',(-0.525340412794466,0.120053479784664,0.842380325432956));
#9823=DIRECTION('',(0.70710678118656,0.489085156444334,-0.510681612891833));
#9824=DIRECTION('',(1.1506057837902E-14,-0.722212863006214,-0.691670861398952));
#9825=DIRECTION('center_axis',(1.,9.02062792453082E-15,7.21621308192407E-15));
#9826=DIRECTION('ref_axis',(-1.1298096285058E-14,0.893942649330095,0.448181369211942));
#9827=DIRECTION('',(-0.707106781186541,0.11660411322095,-0.697426326417325));
#9828=DIRECTION('center_axis',(-1.,-9.02062792453082E-15,-7.21621308192407E-15));
#9829=DIRECTION('ref_axis',(-1.1298096285058E-14,0.893942649330095,0.448181369211942));
#9830=DIRECTION('center_axis',(-0.707106781186554,-0.116604113220959,0.69742632641731));
#9831=DIRECTION('ref_axis',(0.689957234187136,0.102128956436843,0.716609162130906));
#9832=DIRECTION('',(0.707106781186541,-0.11660411322095,0.697426326417325));
#9833=DIRECTION('',(-1.00871094895249E-14,0.986309769575416,0.16490311834556));
#9834=DIRECTION('center_axis',(1.,9.02062792453082E-15,7.21621308192407E-15));
#9835=DIRECTION('ref_axis',(6.28624505900081E-15,-0.94902499470441,0.315200823961954));
#9836=DIRECTION('center_axis',(-1.,-9.02062792453082E-15,-7.21621308192407E-15));
#9837=DIRECTION('ref_axis',(6.28624505900081E-15,-0.94902499470441,0.315200823961954));
#9838=DIRECTION('center_axis',(-0.707106781186552,0.706941862202578,-0.0152710008036458));
#9839=DIRECTION('ref_axis',(0.118830010440291,0.140091613766273,0.98298207937435));
#9840=DIRECTION('center_axis',(0.707106781186552,-0.706941862202578,0.0152710008036458));
#9841=DIRECTION('ref_axis',(-0.707106781186543,-0.706941862202587,0.0152710008036147));
#9842=DIRECTION('',(0.678598344545838,0.68451050673996,0.266363760564854));
#9843=DIRECTION('',(7.40934363785814E-15,-0.0215964564475191,-0.999766769336184));
#9844=DIRECTION('',(-0.707106781187774,-0.706941862201357,0.0152710008036079));
#9845=DIRECTION('center_axis',(-1.,-9.02062792453082E-15,-7.21621308192407E-15));
#9846=DIRECTION('ref_axis',(-8.41675845493166E-15,0.141091300237193,0.989996588376636));
#9847=DIRECTION('center_axis',(1.,9.02062792453082E-15,7.21621308192407E-15));
#9848=DIRECTION('ref_axis',(-8.41675845493166E-15,0.141091300237193,0.989996588376636));
#9849=DIRECTION('',(-0.707106781186572,-0.11660411322095,0.697426326417294));
#9850=DIRECTION('center_axis',(-0.707106781186524,0.116604113220951,-0.697426326417342));
#9851=DIRECTION('ref_axis',(-0.689957234187171,0.102128956436827,0.716609162130874));
#9852=DIRECTION('',(0.707106781186571,0.116604113220951,-0.697426326417294));
#9853=DIRECTION('',(1.00871094895249E-14,-0.986309769575416,-0.164903118345562));
#9854=DIRECTION('center_axis',(0.678598344545838,0.68451050673996,0.266363760564854));
#9855=DIRECTION('ref_axis',(0.734509555267765,-0.632405246965968,-0.246088026588583));
#9856=DIRECTION('center_axis',(-0.916132726340962,-0.373586974386291,-0.145374001444455));
#9857=DIRECTION('ref_axis',(-0.400875077458148,0.853770345465538,0.332227887867017));
#9858=DIRECTION('',(-0.678598344545838,-0.68451050673996,-0.266363760564854));
#9859=DIRECTION('center_axis',(1.,9.02062792453082E-15,7.21621308192407E-15));
#9860=DIRECTION('ref_axis',(1.10234811612765E-14,-0.931928661554888,-0.362641654767505));
#9861=DIRECTION('',(-0.705879976371172,-0.116806066777943,0.698634240301819));
#9862=DIRECTION('',(0.446345040230617,0.598708985473025,-0.665074173138147));
#9863=DIRECTION('center_axis',(-0.397300155514607,-0.576091767489167,0.714332458914808));
#9864=DIRECTION('ref_axis',(0.844273814852064,0.0756125279762384,0.530551101373078));
#9865=DIRECTION('',(0.528911494327305,0.492364727378846,0.691252201733645));
#9866=DIRECTION('',(-0.528911494327305,-0.492364727378853,-0.69125220173364));
#9867=DIRECTION('center_axis',(0.654930538417187,0.755512832923968,-0.0163202063643283));
#9868=DIRECTION('ref_axis',(0.566300665333296,-0.476379637238367,0.672581591829355));
#9869=DIRECTION('',(0.997458699830674,0.0712304329920009,-0.00153868381206846));
#9870=DIRECTION('center_axis',(0.0712470499887818,-0.997226061875983,0.0215415733690662));
#9871=DIRECTION('ref_axis',(-7.4093436378579E-15,0.0215964564474925,0.999766769336185));
#9872=DIRECTION('',(0.997458699830673,0.0712304329920106,-0.00153868381206967));
#9873=DIRECTION('center_axis',(0.654930538417184,0.755512832923971,-0.0163202063643031));
#9874=DIRECTION('ref_axis',(0.534352874909732,-0.478268815245599,-0.696940417424098));
#9875=DIRECTION('',(0.463105824920969,0.518957246630378,-0.718481990793149));
#9876=DIRECTION('center_axis',(-0.463105824920934,-0.549499248237624,-0.695401733612009));
#9877=DIRECTION('ref_axis',(-0.855752656775379,0.0729985431253155,0.512209530488708));
#9878=DIRECTION('',(0.463105824920951,0.518957246630345,-0.718481990793184));
#9879=DIRECTION('center_axis',(0.654930538417185,0.75551283292397,-0.0163202063643173));
#9880=DIRECTION('ref_axis',(-0.534352874909714,0.447726813638364,-0.716943306981076));
#9881=DIRECTION('',(-0.0712470499887358,0.997226061875985,-0.0215415733690857));
#9882=DIRECTION('center_axis',(-0.997458699830673,-0.0712304329920065,0.00153868381207355));
#9883=DIRECTION('ref_axis',(-0.00854811447763994,0.141086145353949,0.989960418061269));
#9884=DIRECTION('',(-0.0712470499887677,0.997226061875984,-0.0215415733690544));
#9885=DIRECTION('center_axis',(0.654930538417188,0.755512832923966,-0.0163202063643453));
#9886=DIRECTION('ref_axis',(-0.500369409828018,0.449736367788775,0.739842992260196));
#9887=DIRECTION('center_axis',(2.20514328560148E-14,-0.0215964564475046,
-0.999766769336184));
#9888=DIRECTION('ref_axis',(0.349507451428999,0.936715062661576,-0.0202344453476106));
#9889=DIRECTION('center_axis',(2.21245550552824E-14,-0.0215964564475047,
-0.999766769336184));
#9890=DIRECTION('ref_axis',(0.349507451428999,0.936715062661576,-0.0202344453476106));
#9891=DIRECTION('',(2.20605218430558E-14,-0.0215964564475046,-0.999766769336184));
#9892=DIRECTION('center_axis',(0.654930538416706,0.755512832924385,-0.0163202063643318));
#9893=DIRECTION('ref_axis',(-0.755689082790802,0.654777788532478,-0.0141441788490739));
#9894=DIRECTION('',(0.755689082790802,-0.654777788532478,0.0141441788490739));
#9895=DIRECTION('',(-7.4093436378579E-15,0.0215964564474919,0.999766769336185));
#9896=DIRECTION('center_axis',(7.4093436378579E-15,-0.0215964564474919,
-0.999766769336184));
#9897=DIRECTION('ref_axis',(0.909651179963149,0.415276124280407,-0.00897058494717952));
#9898=DIRECTION('center_axis',(2.21245550552824E-14,-0.0215964564475047,
-0.999766769336184));
#9899=DIRECTION('ref_axis',(0.909651179963149,0.415276124280407,-0.00897058494717952));
#9900=DIRECTION('',(7.4093436378579E-15,-0.0215964564474919,-0.999766769336185));
#9901=DIRECTION('center_axis',(1.,9.02062792453082E-15,7.21621308192407E-15));
#9902=DIRECTION('ref_axis',(8.41675845493166E-15,-0.141091300237193,-0.989996588376636));
#9903=DIRECTION('',(8.86267940595226E-15,-0.999766769336184,0.0215964564475047));
#9904=DIRECTION('',(1.02766357696042E-15,-0.691670861398953,0.722212863006212));
#9905=DIRECTION('center_axis',(0.707106781186541,0.510681612891849,0.489085156444345));
#9906=DIRECTION('ref_axis',(0.618276041627086,-0.110892263269925,-0.77809873557076));
#9907=DIRECTION('',(-0.67859834454586,0.295674399751509,0.672369642467001));
#9908=DIRECTION('',(-1.02766357696042E-15,0.691670861398953,-0.722212863006212));
#9909=DIRECTION('center_axis',(-0.707106781186541,-0.510681612891849,-0.489085156444345));
#9910=DIRECTION('ref_axis',(0.707106781186554,-0.510681612891849,-0.489085156444326));
#9911=DIRECTION('center_axis',(-1.,-9.33842434702326E-15,-2.19279924608213E-14));
#9912=DIRECTION('ref_axis',(1.67916255249852E-14,-0.93192866155489,-0.3626416547675));
#9913=DIRECTION('',(-1.,-9.33842434702326E-15,-2.19279924608213E-14));
#9914=DIRECTION('center_axis',(0.707106781186557,-0.510681612891836,-0.489085156444334));
#9915=DIRECTION('ref_axis',(-0.707106781186538,-0.510681612891841,-0.489085156444357));
#9916=DIRECTION('center_axis',(-0.707106781186557,0.510681612891836,0.489085156444334));
#9917=DIRECTION('ref_axis',(0.618276041627072,0.110892263269936,0.778098735570769));
#9918=DIRECTION('',(1.02766357696042E-15,-0.691670861398953,0.722212863006212));
#9919=DIRECTION('',(-0.67859834454585,-0.29567439975157,-0.672369642466985));
#9920=DIRECTION('',(-1.02766357696042E-15,0.691670861398953,-0.722212863006212));
#9921=DIRECTION('center_axis',(-1.,-9.02062792453082E-15,-7.21621308192407E-15));
#9922=DIRECTION('ref_axis',(-8.41675845493166E-15,0.141091300237193,0.989996588376636));
#9923=DIRECTION('',(-8.86267940595226E-15,0.999766769336184,-0.0215964564475047));
#9924=DIRECTION('',(-7.40934363785789E-15,0.0215964564474919,0.999766769336184));
#9925=DIRECTION('center_axis',(7.4093436378579E-15,-0.0215964564474919,
-0.999766769336184));
#9926=DIRECTION('ref_axis',(0.909651179963282,0.415276124280116,-0.00897058494717493));
#9927=DIRECTION('center_axis',(-2.21245550552824E-14,0.0215964564475047,
0.999766769336184));
#9928=DIRECTION('ref_axis',(0.909651179963282,0.415276124280116,-0.00897058494717494));
#9929=DIRECTION('center_axis',(2.18422429579855E-14,-0.0215964564475042,
-0.999766769336184));
#9930=DIRECTION('ref_axis',(0.349507451428999,0.936715062661576,-0.0202344453476075));
#9931=DIRECTION('',(0.463105824920634,0.518957246630673,-0.718481990793151));
#9932=DIRECTION('center_axis',(0.4631058249206,0.549499248237929,0.695401733611991));
#9933=DIRECTION('ref_axis',(0.855752656775552,-0.0729985431252751,-0.512209530488424));
#9934=DIRECTION('',(0.463105824920623,0.51895724663065,-0.718481990793175));
#9935=DIRECTION('center_axis',(2.29524659826174E-14,-0.0215964564475061,
-0.999766769336184));
#9936=DIRECTION('ref_axis',(0.909651179963149,0.415276124280407,-0.00897058494717549));
#9937=DIRECTION('',(0.707106781186721,-0.0152710008036215,-0.70694186220241));
#9938=DIRECTION('center_axis',(0.707106781192004,0.0152710008035189,0.706941862197128));
#9939=DIRECTION('ref_axis',(0.704551962386032,-0.100125780177609,-0.702553457355251));
#9940=DIRECTION('center_axis',(-2.19112836177566E-14,0.722212863006212,
0.691670861398953));
#9941=DIRECTION('ref_axis',(1.,1.08868801466389E-14,2.03111617416306E-14));
#9942=DIRECTION('center_axis',(-0.707106781187889,0.0152710008035953,0.706941862201242));
#9943=DIRECTION('ref_axis',(0.70455196239016,0.100125780177042,0.702553457351192));
#9944=DIRECTION('',(-0.707106781185206,-0.0152710008036653,-0.706941862203924));
#9945=DIRECTION('center_axis',(-2.29524659826191E-14,0.0215964564475065,
0.999766769336184));
#9946=DIRECTION('ref_axis',(0.909651179963282,0.415276124280116,-0.00897058494717096));
#9947=DIRECTION('center_axis',(0.707106781186547,8.0339700264516E-15,-0.707106781186548));
#9948=DIRECTION('ref_axis',(-0.707106781186548,-1.75102946468289E-14,-0.707106781186547));
#9949=DIRECTION('',(-1.13617493711067E-14,1.,5.86776928016348E-29));
#9950=DIRECTION('',(0.697323325032337,0.165772014319941,0.697323325032338));
#9951=DIRECTION('center_axis',(0.755689082787861,-0.654777788535859,0.014144178849672));
#9952=DIRECTION('ref_axis',(0.654930538420099,0.755512832921431,-0.0163202063648968));
#9953=DIRECTION('center_axis',(-1.,-1.13617493711067E-14,6.29681965300059E-15));
#9954=DIRECTION('ref_axis',(6.2968196530006E-15,1.28559675647737E-29,1.));
#9955=DIRECTION('',(-1.14950884541527E-14,0.999766769336184,-0.0215964564475227));
#9956=DIRECTION('center_axis',(-1.,-1.13617493711067E-14,6.29681965300059E-15));
#9957=DIRECTION('ref_axis',(9.53484797598452E-15,-0.312805785560874,0.949817108984485));
#9958=DIRECTION('center_axis',(1.,1.13617493711067E-14,-6.29681965300059E-15));
#9959=DIRECTION('ref_axis',(-6.29681965300059E-15,1.38777878077991E-16,
-1.));
#9960=DIRECTION('',(-1.29799469271315E-14,0.893018448694803,-0.450020055431675));
#9961=DIRECTION('center_axis',(1.,1.13617493711067E-14,-6.29681965300059E-15));
#9962=DIRECTION('ref_axis',(1.19900164892702E-14,-0.141091300237194,-0.989996588376636));
#9963=DIRECTION('center_axis',(-0.707106781186561,0.0152710008036348,0.706941862202569));
#9964=DIRECTION('ref_axis',(0.707024307268808,-1.56009554779625E-15,0.707189245486003));
#9965=DIRECTION('',(-0.707106781186472,-0.0152710008036437,-0.706941862202658));
#9966=DIRECTION('center_axis',(1.,-2.12327949496157E-15,7.35055344260291E-15));
#9967=DIRECTION('ref_axis',(3.02463171569553E-15,-0.312805785560874,0.949817108984485));
#9968=DIRECTION('',(-0.707106781186611,0.432359114793977,-0.559522649992366));
#9969=DIRECTION('center_axis',(-1.,2.12327949496157E-15,-7.35055344260291E-15));
#9970=DIRECTION('ref_axis',(6.76798060243134E-16,1.3877787807807E-16,-1.));
#9971=DIRECTION('',(-0.707106781186506,-0.318212232865717,-0.631459400796816));
#9972=DIRECTION('center_axis',(-0.707106781186561,0.318212232865669,0.631459400796779));
#9973=DIRECTION('ref_axis',(0.666082712357201,-1.47638657526187E-15,0.745877885648096));
#9974=DIRECTION('center_axis',(1.,3.16586000508204E-14,3.989918204212E-15));
#9975=DIRECTION('ref_axis',(8.41675845493127E-15,-0.141091300237194,-0.989996588376636));
#9976=DIRECTION('center_axis',(1.,3.16586000508204E-14,3.989918204212E-15));
#9977=DIRECTION('ref_axis',(8.41675845493127E-15,-0.141091300237194,-0.989996588376636));
#9978=DIRECTION('center_axis',(-1.,-3.16586000508204E-14,-3.989918204212E-15));
#9979=DIRECTION('ref_axis',(8.41675845493127E-15,-0.141091300237195,-0.989996588376636));
#9980=DIRECTION('center_axis',(1.,3.16586000508204E-14,3.989918204212E-15));
#9981=DIRECTION('ref_axis',(1.63568356221168E-14,-0.141091300237194,-0.989996588376636));
#9982=DIRECTION('',(-0.707106781186438,-0.0997666151641844,-0.700033300992771));
#9983=DIRECTION('center_axis',(1.,3.16586000508204E-14,3.989918204212E-15));
#9984=DIRECTION('ref_axis',(-8.41675845493127E-15,0.141091300237195,0.989996588376636));
#9985=DIRECTION('center_axis',(-1.,-3.37476348527201E-14,-1.86634361868607E-14));
#9986=DIRECTION('ref_axis',(-8.41675845493127E-15,0.141091300237195,0.989996588376636));
#9987=DIRECTION('',(-1.,-3.16586000508204E-14,-3.989918204212E-15));
#9988=DIRECTION('center_axis',(-1.,-3.37476348527201E-14,-1.86634361868607E-14));
#9989=DIRECTION('ref_axis',(-1.86634361868607E-14,-8.32667268469052E-17,
1.));
#9990=DIRECTION('center_axis',(1.,6.20529839986046E-13,-6.07262376798943E-15));
#9991=DIRECTION('ref_axis',(4.33588135944342E-13,-0.691670861398953,0.722212863006213));
#9992=DIRECTION('',(6.20516260554276E-13,-0.999766769336184,0.0215964564475047));
#9993=DIRECTION('',(4.33588135944342E-13,-0.691670861398953,0.722212863006213));
#9994=DIRECTION('',(4.44066530205282E-13,-0.72221286300621,-0.691670861398956));
#9995=DIRECTION('center_axis',(-1.,-1.13617493711067E-14,6.29681965300059E-15));
#9996=DIRECTION('ref_axis',(6.2968196530006E-15,1.28559675647737E-29,1.));
#9997=DIRECTION('',(1.14950884541526E-14,-0.999766769336184,0.0215964564475047));
#9998=DIRECTION('center_axis',(7.48119811569915E-15,-0.0215964564475047,
-0.999766769336184));
#9999=DIRECTION('ref_axis',(-1.,-9.23825453651173E-15,-7.28338326226349E-15));
#10000=DIRECTION('center_axis',(7.48119811569915E-15,-0.0215964564475047,
-0.999766769336184));
#10001=DIRECTION('ref_axis',(-6.20318010218257E-13,0.999766769336184,-0.0215964564474996));
#10002=DIRECTION('center_axis',(7.48119811569915E-15,-0.0215964564475047,
-0.999766769336184));
#10003=DIRECTION('ref_axis',(-6.20318010218257E-13,0.999766769336184,-0.0215964564474996));
#10004=DIRECTION('center_axis',(7.40934363785793E-15,-0.0215964564474954,
-0.999766769336184));
#10005=DIRECTION('ref_axis',(-6.20318010218256E-13,0.999766769336184,-0.0215964564474996));
#10006=DIRECTION('center_axis',(1.,-2.12327949496157E-15,7.35055344260291E-15));
#10007=DIRECTION('ref_axis',(7.35055344260291E-15,8.32667268469292E-17,
-1.));
#10008=DIRECTION('center_axis',(1.,-2.12327949496157E-15,7.35055344260291E-15));
#10009=DIRECTION('ref_axis',(7.28338326226349E-15,1.38777878078145E-16,
-1.));
#10010=DIRECTION('center_axis',(1.,9.23825453651173E-15,7.28338326226349E-15));
#10011=DIRECTION('ref_axis',(7.28338326226349E-15,1.38777878078145E-16,
-1.));
#10012=DIRECTION('',(-0.707106781186563,-6.34770604480374E-15,-0.707106781186532));
#10013=CARTESIAN_POINT('',(0.,0.,0.));
#10014=CARTESIAN_POINT('Origin',(-5.88077315964417,141.84917151921,-361.726029801857));
#10015=CARTESIAN_POINT('',(-5.88077315964416,141.849171519211,-360.906029801826));
#10016=CARTESIAN_POINT('Origin',(-5.88077315964417,141.849171519211,-361.726029801826));
#10017=CARTESIAN_POINT('Origin',(-8.56077315964428,141.849171519211,-361.726029801826));
#10018=CARTESIAN_POINT('',(-5.06077315964414,141.849171519211,-361.726029801826));
#10019=CARTESIAN_POINT('',(-8.56077315964426,141.849171519211,-358.226029801826));
#10020=CARTESIAN_POINT('Origin',(-5.88077315964467,161.844506905936,-362.157958930808));
#10021=CARTESIAN_POINT('',(-5.88077315964466,161.844506905937,-361.337958930775));
#10022=CARTESIAN_POINT('Origin',(-5.88077315964467,161.844506905937,-362.157958930776));
#10023=CARTESIAN_POINT('Origin',(-8.56077315964456,161.844506905937,-362.157958930776));
#10024=CARTESIAN_POINT('',(-5.06077315964434,161.844506905937,-362.157958930776));
#10025=CARTESIAN_POINT('',(-8.56077315964453,161.844506905937,-358.657958930776));
#10026=CARTESIAN_POINT('Origin',(-7.50000000000826,231.203524537099,-372.611217365914));
#10027=CARTESIAN_POINT('',(-7.50000000000826,231.203524537099,-372.611217365914));
#10028=CARTESIAN_POINT('',(-7.50000000000995,228.378183646955,-372.550185779993));
#10029=CARTESIAN_POINT('',(-7.50000000000868,230.497189314565,-372.595959469434));
#10030=CARTESIAN_POINT('',(-7.50000000000909,229.821369884987,-371.168031127881));
#10031=CARTESIAN_POINT('',(-7.50000000000909,229.821369884987,-371.168031127881));
#10032=CARTESIAN_POINT('',(-7.50000000000673,233.734051136542,-375.253484031016));
#10033=CARTESIAN_POINT('Origin',(-8.81122684038813,173.739810156662,-350.409602851276));
#10034=CARTESIAN_POINT('',(-8.81122684038864,230.317279642571,-372.592073151629));
#10035=CARTESIAN_POINT('',(-8.81122684038863,229.264428541482,-372.569329994277));
#10036=CARTESIAN_POINT('',(-8.81122684038832,201.539050675492,-371.97042039462));
#10037=CARTESIAN_POINT('Ctrl Pts',(-8.81122684038863,229.264428541482,-372.569329994277));
#10038=CARTESIAN_POINT('Ctrl Pts',(-8.81122684038864,229.795091661791,-372.384531361258));
#10039=CARTESIAN_POINT('Ctrl Pts',(-8.81122684038864,230.317279642571,-372.592073151629));
#10040=CARTESIAN_POINT('Origin',(-0.000226840423730183,229.790854092027,
-372.580701572954));
#10041=CARTESIAN_POINT('Origin',(-7.5000000000091,229.790854092027,-372.580701572953));
#10042=CARTESIAN_POINT('Origin',(-7.5000000000091,229.790854092027,-372.580701572953));
#10043=CARTESIAN_POINT('Origin',(-7.50000000000912,229.734984059197,-375.167098205226));
#10044=CARTESIAN_POINT('Origin',(5.88031947879986,141.849171519211,-361.726029801857));
#10045=CARTESIAN_POINT('',(5.88031947879986,141.849171519212,-360.906029801826));
#10046=CARTESIAN_POINT('Origin',(5.88031947879986,141.849171519212,-361.726029801826));
#10047=CARTESIAN_POINT('Origin',(8.56031947879998,141.849171519212,-361.726029801826));
#10048=CARTESIAN_POINT('',(5.06031947879984,141.849171519212,-361.726029801826));
#10049=CARTESIAN_POINT('',(8.56031947879996,141.849171519212,-358.226029801826));
#10050=CARTESIAN_POINT('Ctrl Pts',(-0.689226840481925,89.8261950289955,
-338.131951557657));
#10051=CARTESIAN_POINT('Ctrl Pts',(-0.675186153500471,89.6225328178461,
-347.96483812185));
#10052=CARTESIAN_POINT('Ctrl Pts',(-0.661145466519018,89.4188706066966,
-357.797724686044));
#10053=CARTESIAN_POINT('Ctrl Pts',(-0.647104779537564,89.2152083955472,
-367.630611250238));
#10054=CARTESIAN_POINT('Ctrl Pts',(-5.06832007684226,89.8261950289981,-338.131951557656));
#10055=CARTESIAN_POINT('Ctrl Pts',(-4.89181832507901,89.6225501162479,-347.964838495521));
#10056=CARTESIAN_POINT('Ctrl Pts',(-4.71530476665272,89.4188533082998,-357.797724312373));
#10057=CARTESIAN_POINT('Ctrl Pts',(-4.53880301488947,89.2152083955495,-367.630611250238));
#10058=CARTESIAN_POINT('Ctrl Pts',(-9.44741331320245,89.826195029002,-338.131951557654));
#10059=CARTESIAN_POINT('Ctrl Pts',(-9.10843564928648,89.6225021435492,-347.964837459237));
#10060=CARTESIAN_POINT('Ctrl Pts',(-8.76951073861291,89.4188770695471,-357.797724825649));
#10061=CARTESIAN_POINT('Ctrl Pts',(-8.43053307469694,89.2151841840943,-367.630610727232));
#10062=CARTESIAN_POINT('Ctrl Pts',(-14.3907418774185,89.8261950290026,-338.131951557653));
#10063=CARTESIAN_POINT('Ctrl Pts',(-13.8683786496775,89.6225577846314,-347.964838661167));
#10064=CARTESIAN_POINT('Ctrl Pts',(-13.3460680411274,89.4189455083988,-357.79772630403));
#10065=CARTESIAN_POINT('Ctrl Pts',(-12.8237048133864,89.2153082640276,-367.630613407544));
#10066=CARTESIAN_POINT('Ctrl Pts',(-14.9542974918972,89.7737852184418,-338.140714059516));
#10067=CARTESIAN_POINT('Ctrl Pts',(-14.411196161066,89.5874784036458,-347.97067731551));
#10068=CARTESIAN_POINT('Ctrl Pts',(-13.8682148919639,89.4015032305403,-357.80064773546));
#10069=CARTESIAN_POINT('Ctrl Pts',(-13.3251135611327,89.2151964157443,-367.630610991454));
#10070=CARTESIAN_POINT('Ctrl Pts',(-17.1831484981327,89.3653713688606,-338.208997594211));
#10071=CARTESIAN_POINT('Ctrl Pts',(-16.5689812534133,89.3158081961271,-348.01621275583));
#10072=CARTESIAN_POINT('Ctrl Pts',(-15.9546803689786,89.2653729786405,-357.823409079979));
#10073=CARTESIAN_POINT('Ctrl Pts',(-15.3405131242592,89.215809805907,-367.630624241598));
#10074=CARTESIAN_POINT('Ctrl Pts',(-18.7756457115884,88.6100554424234,-338.33528038634));
#10075=CARTESIAN_POINT('Ctrl Pts',(-18.13481040583,88.6893328537611,-348.097745782131));
#10076=CARTESIAN_POINT('Ctrl Pts',(-17.4938757150656,88.7680086293799,-357.860198181691));
#10077=CARTESIAN_POINT('Ctrl Pts',(-16.8530404093072,88.8472860407175,-367.622663577482));
#10078=CARTESIAN_POINT('Ctrl Pts',(-20.6915057923733,86.9432361427853,-338.613959264627));
#10079=CARTESIAN_POINT('Ctrl Pts',(-20.0811868723989,87.2309361897244,-348.276032012067));
#10080=CARTESIAN_POINT('Ctrl Pts',(-19.4710254180242,87.5189275651085,-357.938111052637));
#10081=CARTESIAN_POINT('Ctrl Pts',(-18.8607064980498,87.8066276120476,-367.600183800077));
#10082=CARTESIAN_POINT('Ctrl Pts',(-21.3247965188778,86.3922662594382,-338.706077029939));
#10083=CARTESIAN_POINT('Ctrl Pts',(-20.7110437964251,86.722963033687,-348.334405391531));
#10084=CARTESIAN_POINT('Ctrl Pts',(-20.0973724517651,87.0536491116111,-357.962733522066));
#10085=CARTESIAN_POINT('Ctrl Pts',(-19.4836197293124,87.3843458858599,-367.591061883658));
#10086=CARTESIAN_POINT('Ctrl Pts',(-24.6528853889026,83.4967924118932,-339.190177138522));
#10087=CARTESIAN_POINT('Ctrl Pts',(-23.9192233310473,83.9352029543944,-348.638616721427));
#10088=CARTESIAN_POINT('Ctrl Pts',(-23.185639846632,84.3736599052762,-358.087057306822));
#10089=CARTESIAN_POINT('Ctrl Pts',(-22.4519777887767,84.8120704477774,-367.535496889728));
#10090=CARTESIAN_POINT('Ctrl Pts',(-27.3476835324229,81.1522884476953,-339.582159481793));
#10091=CARTESIAN_POINT('Ctrl Pts',(-26.5169702747519,81.6780596308206,-348.884943807455));
#10092=CARTESIAN_POINT('Ctrl Pts',(-25.6863816962949,82.203803869509,-358.187727551077));
#10093=CARTESIAN_POINT('Ctrl Pts',(-24.8556684386239,82.7295750526343,-367.49051187674));
#10094=CARTESIAN_POINT('Ctrl Pts',(-31.0789806128066,77.9060190313406,-340.124909808576));
#10095=CARTESIAN_POINT('Ctrl Pts',(-30.1138668048553,78.5526309730493,-349.22601294257));
#10096=CARTESIAN_POINT('Ctrl Pts',(-29.1489020897249,79.1992941175666,-358.32711718262));
#10097=CARTESIAN_POINT('Ctrl Pts',(-28.1837882817736,79.8459060592753,-367.428220316613));
#10098=CARTESIAN_POINT('Ctrl Pts',(-31.9066395352209,76.7735336973585,-340.314252314161));
#10099=CARTESIAN_POINT('Ctrl Pts',(-30.9737762100589,77.5306178198593,-349.34647318524));
#10100=CARTESIAN_POINT('Ctrl Pts',(-30.0411003414306,78.2877429439742,-358.378694942014));
#10101=CARTESIAN_POINT('Ctrl Pts',(-29.1082370162685,79.044827066475,-367.410915813093));
#10102=CARTESIAN_POINT('Ctrl Pts',(-32.9005855062799,74.5653535197338,-340.683442408786));
#10103=CARTESIAN_POINT('Ctrl Pts',(-32.1806761870274,75.5870004820556,-349.582414870362));
#10104=CARTESIAN_POINT('Ctrl Pts',(-31.46089747959,76.608678204065,-358.481387996392));
#10105=CARTESIAN_POINT('Ctrl Pts',(-30.7409881603375,77.6303251663869,-367.380360457967));
#10106=CARTESIAN_POINT('Ctrl Pts',(-33.1763247937996,73.5383982256709,-340.855141134294));
#10107=CARTESIAN_POINT('Ctrl Pts',(-32.5700272746749,74.6627242147511,-349.691704118068));
#10108=CARTESIAN_POINT('Ctrl Pts',(-31.9638503854078,75.7869990851373,-358.528265997601));
#10109=CARTESIAN_POINT('Ctrl Pts',(-31.3575528662832,76.9113250742175,-367.364828981375));
#10110=CARTESIAN_POINT('Ctrl Pts',(-33.2976764181105,72.2058935046778,-341.077925284345));
#10111=CARTESIAN_POINT('Ctrl Pts',(-32.8626475491193,73.437272052778,-349.832944682206));
#10112=CARTESIAN_POINT('Ctrl Pts',(-32.4277732996569,74.6687196249136,-358.587965571089));
#10113=CARTESIAN_POINT('Ctrl Pts',(-31.9927444306657,75.9000981730138,-367.34298496895));
#10114=CARTESIAN_POINT('Ctrl Pts',(-33.3107731596377,71.9176660332515,-341.126114616234));
#10115=CARTESIAN_POINT('Ctrl Pts',(-32.9139214509969,73.1706379645523,-349.863461971429));
#10116=CARTESIAN_POINT('Ctrl Pts',(-32.5175329597759,74.4237303544685,-358.600811928709));
#10117=CARTESIAN_POINT('Ctrl Pts',(-32.1206812511351,75.6767022857693,-367.338159283903));
#10118=CARTESIAN_POINT('Ctrl Pts',(-33.3107731596369,69.928275274853,-341.458724866874));
#10119=CARTESIAN_POINT('Ctrl Pts',(-33.1878587287037,71.3195298563801,-350.07386464588));
#10120=CARTESIAN_POINT('Ctrl Pts',(-33.0634578876943,72.7104090615504,-358.688996316196));
#10121=CARTESIAN_POINT('Ctrl Pts',(-32.940543456761,74.1016636430775,-367.304136095202));
#10122=CARTESIAN_POINT('Ctrl Pts',(-33.3107731596361,68.2271122696337,-341.74314573852));
#10123=CARTESIAN_POINT('Ctrl Pts',(-33.3108789463397,69.6796327999958,-350.252552775228));
#10124=CARTESIAN_POINT('Ctrl Pts',(-33.3113548616405,71.1322363670117,-358.761961605651));
#10125=CARTESIAN_POINT('Ctrl Pts',(-33.311460648344,72.5847568973738,-367.271368642359));
#10126=CARTESIAN_POINT('Ctrl Pts',(-33.3107731596275,47.9729926027955,-345.129472829089));
#10127=CARTESIAN_POINT('Ctrl Pts',(-33.3106553472663,50.151596986797,-352.37994891331));
#10128=CARTESIAN_POINT('Ctrl Pts',(-33.3067832112617,52.3292920123817,-359.630405354031));
#10129=CARTESIAN_POINT('Ctrl Pts',(-33.3066653989006,54.5078963963832,-366.880881438253));
#10130=CARTESIAN_POINT('Ctrl Pts',(-33.3107731596196,29.4200359411768,-348.231379048015));
#10131=CARTESIAN_POINT('Ctrl Pts',(-33.3108344292778,32.2638183062083,-354.328664700233));
#10132=CARTESIAN_POINT('Ctrl Pts',(-33.3107118899495,35.1075628660621,-360.425949535803));
#10133=CARTESIAN_POINT('Ctrl Pts',(-33.3107731596077,37.9513452310936,-366.523235188021));
#10134=CARTESIAN_POINT('Ctrl Pts',(-33.3107731596116,10.8670792795577,-351.333285266939));
#10135=CARTESIAN_POINT('Ctrl Pts',(-33.3107731596135,14.3759902724182,-356.27737942105));
#10136=CARTESIAN_POINT('Ctrl Pts',(-33.3107731596154,17.8849012652786,-361.221473575162));
#10137=CARTESIAN_POINT('Ctrl Pts',(-33.3107731596172,21.3938122581391,-366.165567729274));
#10138=CARTESIAN_POINT('',(-0.689226840481927,89.8261950289952,-338.131951557657));
#10139=CARTESIAN_POINT('',(-8.81122684038725,89.8261950290004,-338.131951557656));
#10140=CARTESIAN_POINT('Ctrl Pts',(-0.689226840481925,89.8261950289955,
-338.131951557657));
#10141=CARTESIAN_POINT('Ctrl Pts',(-3.3965601737837,89.8261950289971,-338.131951557656));
#10142=CARTESIAN_POINT('Ctrl Pts',(-6.10389350708542,89.8261950289992,-338.131951557655));
#10143=CARTESIAN_POINT('Ctrl Pts',(-8.81122684038715,89.8261950290007,-338.131951557654));
#10144=CARTESIAN_POINT('',(-15.3107731595778,89.7063067505394,-338.151995920574));
#10145=CARTESIAN_POINT('Ctrl Pts',(-8.81122684038716,89.8261950290007,-338.131951557654));
#10146=CARTESIAN_POINT('Ctrl Pts',(-10.4829867434457,89.8261950290016,-338.131951557654));
#10147=CARTESIAN_POINT('Ctrl Pts',(-12.1547466465042,89.8261950290023,-338.131951557653));
#10148=CARTESIAN_POINT('Ctrl Pts',(-14.3236808081264,89.8261950290026,-338.131951557653));
#10149=CARTESIAN_POINT('Ctrl Pts',(-14.8203273236222,89.785503003309,-338.138754939446));
#10150=CARTESIAN_POINT('Ctrl Pts',(-15.3107731595776,89.7063067505384,-338.151995920572));
#10151=CARTESIAN_POINT('',(-33.3107731596161,21.3975086914803,-349.572681548807));
#10152=CARTESIAN_POINT('Ctrl Pts',(-15.3107731595776,89.7063067505384,-338.151995920572));
#10153=CARTESIAN_POINT('Ctrl Pts',(-15.3769266693834,89.6956244086769,-338.153781922839));
#10154=CARTESIAN_POINT('Ctrl Pts',(-15.4429673651976,89.6842415281859,-338.155685049571));
#10155=CARTESIAN_POINT('Ctrl Pts',(-17.1831484981327,89.3653713688606,-338.208997594211));
#10156=CARTESIAN_POINT('Ctrl Pts',(-18.7756457115884,88.6100554424234,-338.33528038634));
#10157=CARTESIAN_POINT('Ctrl Pts',(-20.6915057923733,86.9432361427853,-338.613959264627));
#10158=CARTESIAN_POINT('Ctrl Pts',(-21.3247965188778,86.3922662594382,-338.706077029939));
#10159=CARTESIAN_POINT('Ctrl Pts',(-24.6528853889026,83.4967924118932,-339.190177138522));
#10160=CARTESIAN_POINT('Ctrl Pts',(-27.3476835324229,81.1522884476953,-339.582159481793));
#10161=CARTESIAN_POINT('Ctrl Pts',(-31.0789806128066,77.9060190313406,-340.124909808576));
#10162=CARTESIAN_POINT('Ctrl Pts',(-31.9066395352209,76.7735336973585,-340.314252314161));
#10163=CARTESIAN_POINT('Ctrl Pts',(-32.9005855062799,74.5653535197338,-340.683442408786));
#10164=CARTESIAN_POINT('Ctrl Pts',(-33.1763247937996,73.5383982256709,-340.855141134294));
#10165=CARTESIAN_POINT('Ctrl Pts',(-33.2976764181105,72.2058935046778,-341.077925284345));
#10166=CARTESIAN_POINT('Ctrl Pts',(-33.3107731596377,71.9176660332515,-341.126114616234));
#10167=CARTESIAN_POINT('Ctrl Pts',(-33.3107731596369,69.928275274853,-341.458724866874));
#10168=CARTESIAN_POINT('Ctrl Pts',(-33.3107731596361,68.2271122696337,-341.74314573852));
#10169=CARTESIAN_POINT('Ctrl Pts',(-33.310773159629,51.4831357401031,-344.542604923045));
#10170=CARTESIAN_POINT('Ctrl Pts',(-33.3107731596226,36.4403222157917,-347.057643235927));
#10171=CARTESIAN_POINT('Ctrl Pts',(-33.3107731596161,21.3975086914803,-349.572681548807));
#10172=CARTESIAN_POINT('',(-33.3107731596373,19.6012042078306,-353.209887856173));
#10173=CARTESIAN_POINT('Ctrl Pts',(-33.3107731596161,21.3975086914729,-349.572681548808));
#10174=CARTESIAN_POINT('Ctrl Pts',(-33.3107731596161,21.3902591684163,-349.57389361118));
#10175=CARTESIAN_POINT('Ctrl Pts',(-33.310773159687,21.383015025926,-349.5751376387));
#10176=CARTESIAN_POINT('Ctrl Pts',(-33.3107731598287,21.3757764753475,-349.576413595075));
#10177=CARTESIAN_POINT('Ctrl Pts',(-33.3107731610427,21.3137938927683,-349.587339411026));
#10178=CARTESIAN_POINT('Ctrl Pts',(-33.3107731675156,21.2522460011631,-349.600601973932));
#10179=CARTESIAN_POINT('Ctrl Pts',(-33.3107731789056,21.1912643727263,-349.616172932122));
#10180=CARTESIAN_POINT('Ctrl Pts',(-33.3107731969587,21.094608997265,-349.640852771752));
#10181=CARTESIAN_POINT('Ctrl Pts',(-33.3107732274911,20.9995173948947,-349.671295703351));
#10182=CARTESIAN_POINT('Ctrl Pts',(-33.3107732658715,20.9064997617788,-349.707338390719));
#10183=CARTESIAN_POINT('Ctrl Pts',(-33.3107733362803,20.7358590265204,-349.773458657029));
#10184=CARTESIAN_POINT('Ctrl Pts',(-33.3107734333372,20.5732350795846,-349.858025880349));
#10185=CARTESIAN_POINT('Ctrl Pts',(-33.3107735068396,20.4214738419068,-349.959361116457));
#10186=CARTESIAN_POINT('Ctrl Pts',(-33.31077354166,20.3495797693047,-350.007366805744));
#10187=CARTESIAN_POINT('Ctrl Pts',(-33.3107735709375,20.2801232378878,-350.059136090296));
#10188=CARTESIAN_POINT('Ctrl Pts',(-33.3107735886442,20.2134045955519,-350.11449431692));
#10189=CARTESIAN_POINT('Ctrl Pts',(-33.3107736179234,20.1030808448457,-350.20603285817));
#10190=CARTESIAN_POINT('Ctrl Pts',(-33.31077361493,20.0010558984346,-350.306715101334));
#10191=CARTESIAN_POINT('Ctrl Pts',(-33.3107735562325,19.908359404244,-350.415301233954));
#10192=CARTESIAN_POINT('Ctrl Pts',(-33.3107734995529,19.8188495940329,-350.520154434793));
#10193=CARTESIAN_POINT('Ctrl Pts',(-33.3107733909052,19.7380379620826,-350.632377291464));
#10194=CARTESIAN_POINT('Ctrl Pts',(-33.3107732145638,19.6668268960579,-350.750896300241));
#10195=CARTESIAN_POINT('Ctrl Pts',(-33.3107731864398,19.6554697234982,-350.769798430338));
#10196=CARTESIAN_POINT('Ctrl Pts',(-33.3107731566052,19.6443566951807,-350.788860801535));
#10197=CARTESIAN_POINT('Ctrl Pts',(-33.310773125009,19.6334914094568,-350.808079167059));
#10198=CARTESIAN_POINT('Ctrl Pts',(-33.31077293533,19.5682648345761,-350.923451021038));
#10199=CARTESIAN_POINT('Ctrl Pts',(-33.3107726832121,19.5124571053873,-351.043576901879));
#10200=CARTESIAN_POINT('Ctrl Pts',(-33.3107723632695,19.4664782341792,-351.167238701116));
#10201=CARTESIAN_POINT('Ctrl Pts',(-33.3107720401318,19.4200401736658,-351.292135506219));
#10202=CARTESIAN_POINT('Ctrl Pts',(-33.3107716479807,19.3836282649226,-351.420639221512));
#10203=CARTESIAN_POINT('Ctrl Pts',(-33.3107711844446,19.3576382180597,-351.551541186337));
#10204=CARTESIAN_POINT('Ctrl Pts',(-33.310770972929,19.345778729314,-351.611272913134));
#10205=CARTESIAN_POINT('Ctrl Pts',(-33.3107707465767,19.336088893503,-351.671504629214));
#10206=CARTESIAN_POINT('Ctrl Pts',(-33.3107705052197,19.3286045160719,-351.732124604006));
#10207=CARTESIAN_POINT('Ctrl Pts',(-33.3107699359505,19.3109517177042,-351.875104057129));
#10208=CARTESIAN_POINT('Ctrl Pts',(-33.3107692882193,19.3057249226363,-352.019016333265));
#10209=CARTESIAN_POINT('Ctrl Pts',(-33.3107685633826,19.3128228183859,-352.162236950902));
#10210=CARTESIAN_POINT('Ctrl Pts',(-33.3107677742941,19.3205498939801,-352.318153095374));
#10211=CARTESIAN_POINT('Ctrl Pts',(-33.3107668941051,19.3428832969631,-352.473249880314));
#10212=CARTESIAN_POINT('Ctrl Pts',(-33.310765919806,19.3796614102588,-352.625484979113));
#10213=CARTESIAN_POINT('Ctrl Pts',(-33.310765760768,19.3856648231114,-352.650334816879));
#10214=CARTESIAN_POINT('Ctrl Pts',(-33.3107655992077,19.3920530606473,-352.67510850217));
#10215=CARTESIAN_POINT('Ctrl Pts',(-33.3107654350942,19.3988253590501,-352.699797257702));
#10216=CARTESIAN_POINT('Ctrl Pts',(-33.3107642566193,19.4474562230621,-352.877083526191));
#10217=CARTESIAN_POINT('Ctrl Pts',(-33.3107629596661,19.5153977104931,-353.048112564245));
#10218=CARTESIAN_POINT('Ctrl Pts',(-33.3107615348297,19.6012013047009,-353.209887793461));
#10219=CARTESIAN_POINT('',(-33.3107731596374,20.3439446843362,-362.873164577398));
#10220=CARTESIAN_POINT('Origin',(-33.3107731596372,8.88515865917768,-358.893729120868));
#10221=CARTESIAN_POINT('',(-33.3107731596165,22.6515936155074,-366.192737686446));
#10222=CARTESIAN_POINT('Ctrl Pts',(-33.3107731596156,20.3439446843362,-362.873164577398));
#10223=CARTESIAN_POINT('Ctrl Pts',(-33.3107731596157,20.2841349979203,-363.045386593902));
#10224=CARTESIAN_POINT('Ctrl Pts',(-33.3107731596158,20.2431997926628,-363.224049574918));
#10225=CARTESIAN_POINT('Ctrl Pts',(-33.3107731596161,20.1855031364501,-363.722775285723));
#10226=CARTESIAN_POINT('Ctrl Pts',(-33.3107731596163,20.2097971875642,-364.04363969099));
#10227=CARTESIAN_POINT('Ctrl Pts',(-33.3107731596166,20.3713238627738,-364.635753730673));
#10228=CARTESIAN_POINT('Ctrl Pts',(-33.3107731596168,20.4986546207992,-364.904276251301));
#10229=CARTESIAN_POINT('Ctrl Pts',(-33.3107731596169,20.8263066028188,-365.363951634277));
#10230=CARTESIAN_POINT('Ctrl Pts',(-33.310773159617,21.0172930111318,-365.556749020133));
#10231=CARTESIAN_POINT('Ctrl Pts',(-33.310773159617,21.4426036253381,-365.866000458901));
#10232=CARTESIAN_POINT('Ctrl Pts',(-33.310773159617,21.6717898264286,-365.983937806769));
#10233=CARTESIAN_POINT('Ctrl Pts',(-33.3107731596168,22.038797543183,-366.106297906946));
#10234=CARTESIAN_POINT('Ctrl Pts',(-33.3107731596168,22.1657682908042,-366.137837498159));
#10235=CARTESIAN_POINT('Ctrl Pts',(-33.3107731596167,22.3604678616486,-366.170284769298));
#10236=CARTESIAN_POINT('Ctrl Pts',(-33.3107731596166,22.4267288128763,-366.178616665358));
#10237=CARTESIAN_POINT('Ctrl Pts',(-33.3107731596166,22.5459242596294,-366.188777424683));
#10238=CARTESIAN_POINT('Ctrl Pts',(-33.3107731596166,22.5987341763728,-366.191595843558));
#10239=CARTESIAN_POINT('Ctrl Pts',(-33.3107731596165,22.6515936154979,-366.192737686446));
#10240=CARTESIAN_POINT('',(-15.3107731595784,89.0985693752273,-367.628091673073));
#10241=CARTESIAN_POINT('Ctrl Pts',(-15.3106882473165,89.0980347088289,-367.628080123477));
#10242=CARTESIAN_POINT('Ctrl Pts',(-16.3150881534298,88.938596804799,-367.624636026457));
#10243=CARTESIAN_POINT('Ctrl Pts',(-17.2941054375343,88.6186633420577,-367.617724985496));
#10244=CARTESIAN_POINT('Ctrl Pts',(-18.8607064980498,87.8066276120476,-367.600183800077));
#10245=CARTESIAN_POINT('Ctrl Pts',(-19.4836197293124,87.3843458858599,-367.591061883658));
#10246=CARTESIAN_POINT('Ctrl Pts',(-22.4519777887767,84.8120704477774,-367.535496889728));
#10247=CARTESIAN_POINT('Ctrl Pts',(-24.8556684386239,82.7295750526343,-367.49051187674));
#10248=CARTESIAN_POINT('Ctrl Pts',(-28.1837882817736,79.8459060592753,-367.428220316613));
#10249=CARTESIAN_POINT('Ctrl Pts',(-29.1082370162685,79.044827066475,-367.410915813093));
#10250=CARTESIAN_POINT('Ctrl Pts',(-30.7409881603375,77.6303251663869,-367.380360457967));
#10251=CARTESIAN_POINT('Ctrl Pts',(-31.3575528662832,76.9113250742175,-367.364828981375));
#10252=CARTESIAN_POINT('Ctrl Pts',(-31.9927444306657,75.9000981730138,-367.34298496895));
#10253=CARTESIAN_POINT('Ctrl Pts',(-32.1206812511351,75.6767022857693,-367.338159283903));
#10254=CARTESIAN_POINT('Ctrl Pts',(-32.940543456761,74.1016636430775,-367.304136095202));
#10255=CARTESIAN_POINT('Ctrl Pts',(-33.311460648344,72.5847568973738,-367.271368642359));
#10256=CARTESIAN_POINT('Ctrl Pts',(-33.3067766232483,54.9271836600857,-366.889938669806));
#10257=CARTESIAN_POINT('Ctrl Pts',(-33.3105705806979,38.7898189337749,-366.541347473164));
#10258=CARTESIAN_POINT('Ctrl Pts',(-33.3107654629116,22.6515936154145,-366.192737686444));
#10259=CARTESIAN_POINT('',(-8.81122684038706,89.2152083955521,-367.630611250238));
#10260=CARTESIAN_POINT('Ctrl Pts',(-8.81122683958114,89.2152270203494,-367.63061165256));
#10261=CARTESIAN_POINT('Ctrl Pts',(-9.98157213133384,89.2152401214725,-367.630611935563));
#10262=CARTESIAN_POINT('Ctrl Pts',(-11.1519183945061,89.2152610463999,-367.630612387573));
#10263=CARTESIAN_POINT('Ctrl Pts',(-12.8237048133864,89.2153082640276,-367.630613407544));
#10264=CARTESIAN_POINT('Ctrl Pts',(-13.3251135611327,89.2151964157443,-367.630610991454));
#10265=CARTESIAN_POINT('Ctrl Pts',(-14.3234061664866,89.2155002477361,-367.630617554679));
#10266=CARTESIAN_POINT('Ctrl Pts',(-14.8200753134076,89.1759143436201,-367.629762439985));
#10267=CARTESIAN_POINT('Ctrl Pts',(-15.3106882473165,89.0980347088289,-367.628080123477));
#10268=CARTESIAN_POINT('',(-0.689226840481689,89.215208395547,-367.630611250238));
#10269=CARTESIAN_POINT('Ctrl Pts',(-0.689226841723018,89.2152083946092,
-367.630611250218));
#10270=CARTESIAN_POINT('Ctrl Pts',(-3.39654820900772,89.2152082745098,-367.630611247623));
#10271=CARTESIAN_POINT('Ctrl Pts',(-6.10388492512232,89.215196713721,-367.630610997892));
#10272=CARTESIAN_POINT('Ctrl Pts',(-8.81122683958114,89.2152270203494,-367.63061165256));
#10273=CARTESIAN_POINT('',(-0.689226840481927,89.8261950289952,-338.131951557657));
#10274=CARTESIAN_POINT('Ctrl Pts',(-0.689226840481925,89.8261950289952,
-338.131951557657));
#10275=CARTESIAN_POINT('Ctrl Pts',(-0.689226840481846,89.6225328178458,
-347.964838121851));
#10276=CARTESIAN_POINT('Ctrl Pts',(-0.689226840481768,89.4188706066964,
-357.797724686044));
#10277=CARTESIAN_POINT('Ctrl Pts',(-0.689226840481689,89.215208395547,-367.630611250238));
#10278=CARTESIAN_POINT('Ctrl Pts',(-0.430796796351351,89.8261950289954,
-338.131951557657));
#10279=CARTESIAN_POINT('Ctrl Pts',(-0.440384588832586,89.622532817846,-347.964838121851));
#10280=CARTESIAN_POINT('Ctrl Pts',(-0.449972381313819,89.4188706066965,
-357.797724686044));
#10281=CARTESIAN_POINT('Ctrl Pts',(-0.459560173795053,89.2152083955471,
-367.630611250238));
#10282=CARTESIAN_POINT('Ctrl Pts',(-0.172366752220777,89.8261950289956,
-338.131951557657));
#10283=CARTESIAN_POINT('Ctrl Pts',(-0.191542337183323,89.6225328178461,
-347.96483812185));
#10284=CARTESIAN_POINT('Ctrl Pts',(-0.210717922145871,89.4188706066967,
-357.797724686044));
#10285=CARTESIAN_POINT('Ctrl Pts',(-0.229893507108418,89.2152083955473,
-367.630611250238));
#10286=CARTESIAN_POINT('Ctrl Pts',(0.086063291909797,89.8261950289957,-338.131951557657));
#10287=CARTESIAN_POINT('Ctrl Pts',(0.0572999144659373,89.6225328178463,
-347.96483812185));
#10288=CARTESIAN_POINT('Ctrl Pts',(0.0285365370220777,89.4188706066968,
-357.797724686044));
#10289=CARTESIAN_POINT('Ctrl Pts',(-0.000226840421782004,89.2152083955474,
-367.630611250238));
#10290=CARTESIAN_POINT('',(-0.000226840421547298,89.8261950289957,-338.131951557657));
#10291=CARTESIAN_POINT('',(-0.000226840421326804,89.2152083955474,-367.630611250238));
#10292=CARTESIAN_POINT('Ctrl Pts',(-0.000226840421547298,89.8261950289957,
-338.131951557657));
#10293=CARTESIAN_POINT('Ctrl Pts',(-0.000226840421510548,89.7243638377441,
-343.048398976263));
#10294=CARTESIAN_POINT('Ctrl Pts',(-0.000226840421473744,89.6225326464926,
-347.964846394869));
#10295=CARTESIAN_POINT('Ctrl Pts',(-0.000226840421400245,89.4188704353432,
-357.797732959062));
#10296=CARTESIAN_POINT('Ctrl Pts',(-0.000226840421363553,89.3170394154453,
-362.71417210465));
#10297=CARTESIAN_POINT('Ctrl Pts',(-0.000226840421326804,89.2152083955474,
-367.630611250238));
#10298=CARTESIAN_POINT('Ctrl Pts',(-0.689226840481925,89.8261950289952,
-338.131951557657));
#10299=CARTESIAN_POINT('Ctrl Pts',(-0.459560173795139,89.8261950289954,
-338.131951557657));
#10300=CARTESIAN_POINT('Ctrl Pts',(-0.229893507108352,89.8261950289955,
-338.131951557657));
#10301=CARTESIAN_POINT('Ctrl Pts',(-0.000226840421566534,89.8261950289957,
-338.131951557657));
#10302=CARTESIAN_POINT('Ctrl Pts',(-0.689226840481689,89.215208395547,-367.630611250238));
#10303=CARTESIAN_POINT('Ctrl Pts',(-0.459560173795053,89.2152083955471,
-367.630611250238));
#10304=CARTESIAN_POINT('Ctrl Pts',(-0.229893507108418,89.2152083955473,
-367.630611250238));
#10305=CARTESIAN_POINT('Ctrl Pts',(-0.000226840421782004,89.2152083955474,
-367.630611250238));
#10306=CARTESIAN_POINT('Origin',(-7.31077315953466,236.380103566724,-358.710746372567));
#10307=CARTESIAN_POINT('',(-10.3107731595348,236.665791332302,-358.01728945206));
#10308=CARTESIAN_POINT('',(-7.31077315953467,239.439619014328,-359.160040514389));
#10309=CARTESIAN_POINT('Origin',(-7.31077315953465,236.665791332306,-358.017289452062));
#10310=CARTESIAN_POINT('',(-8.81077315953471,236.094415801141,-359.404203293072));
#10311=CARTESIAN_POINT('',(-8.81077315953471,236.094415801141,-359.404203293072));
#10312=CARTESIAN_POINT('',(-7.31077315953468,237.481329642154,-359.975578824236));
#10313=CARTESIAN_POINT('Origin',(-7.31077315953466,236.094415801143,-359.404203293073));
#10314=CARTESIAN_POINT('',(-7.31077315953468,237.481329642154,-359.975578824236));
#10315=CARTESIAN_POINT('Origin',(-9.56077315953082,233.910077886265,-357.693154512548));
#10316=CARTESIAN_POINT('',(-10.3107731595107,221.238033246429,-351.661419887334));
#10317=CARTESIAN_POINT('',(-10.3107731595438,242.410658258362,-360.384038051922));
#10318=CARTESIAN_POINT('',(-8.81077315951075,220.666657715268,-353.048333728345));
#10319=CARTESIAN_POINT('',(-8.81077315951075,220.666657715268,-353.048333728345));
#10320=CARTESIAN_POINT('',(-8.81077315953082,233.624390120684,-358.386611433054));
#10321=CARTESIAN_POINT('Origin',(-7.31077315951077,220.952345480852,-352.354876807841));
#10322=CARTESIAN_POINT('',(-7.31077315951074,218.464205564412,-350.518668825008));
#10323=CARTESIAN_POINT('Origin',(-7.31077315951076,221.238033246433,-351.661419887336));
#10324=CARTESIAN_POINT('',(-7.31077315951076,219.279743874259,-352.476958197182));
#10325=CARTESIAN_POINT('',(-7.31077315951076,219.279743874259,-352.476958197182));
#10326=CARTESIAN_POINT('Origin',(-7.31077315951078,220.66665771527,-353.048333728346));
#10327=CARTESIAN_POINT('Origin',(-28.8112268403927,110.251886683207,-374.586551295075));
#10328=CARTESIAN_POINT('',(-16.8112268403882,110.518260242541,-362.255295309219));
#10329=CARTESIAN_POINT('',(-16.9058273716481,109.08061192931,-359.175933698755));
#10330=CARTESIAN_POINT('Ctrl Pts',(-16.8112268403926,110.518260242537,-362.255295309223));
#10331=CARTESIAN_POINT('Ctrl Pts',(-16.8112268403927,110.24410113227,-362.011837532287));
#10332=CARTESIAN_POINT('Ctrl Pts',(-16.8211479372248,110.001258979625,-361.739568311046));
#10333=CARTESIAN_POINT('Ctrl Pts',(-16.8474249217622,109.582607724605,-361.145969150651));
#10334=CARTESIAN_POINT('Ctrl Pts',(-16.8670256716961,109.386060207373,-360.771588312753));
#10335=CARTESIAN_POINT('Ctrl Pts',(-16.8967310202498,109.130553060442,-359.980227177288));
#10336=CARTESIAN_POINT('Ctrl Pts',(-16.9058273716481,109.072250777619,-359.562997272547));
#10337=CARTESIAN_POINT('Ctrl Pts',(-16.9058273716481,109.08061192931,-359.175933698752));
#10338=CARTESIAN_POINT('',(-16.8112268403873,110.295079596104,-372.587017756403));
#10339=CARTESIAN_POINT('',(-16.8112268403927,110.251886683207,-374.586551295075));
#10340=CARTESIAN_POINT('',(-20.9520603793841,101.228925601011,-372.391175280147));
#10341=CARTESIAN_POINT('Origin',(-28.8112268403927,110.295079596104,-372.587017756402));
#10342=CARTESIAN_POINT('',(-20.9520603793653,102.11234025875,-331.495178268437));
#10343=CARTESIAN_POINT('',(-20.9520603793851,101.185732688121,-374.390708818695));
#10344=CARTESIAN_POINT('',(-20.9520603793785,102.112347929335,-331.494823174804));
#10345=CARTESIAN_POINT('',(-20.9520603793851,101.185732688121,-374.390708818695));
#10346=CARTESIAN_POINT('',(-19.5610054271245,103.541812048996,-331.261626002978));
#10347=CARTESIAN_POINT('Ctrl Pts',(-20.9520603793848,102.112347929329,-331.494823174805));
#10348=CARTESIAN_POINT('Ctrl Pts',(-20.4491380601936,102.54985423995,-331.423595713383));
#10349=CARTESIAN_POINT('Ctrl Pts',(-19.9834231773908,103.028712913928,-331.345501882798));
#10350=CARTESIAN_POINT('Ctrl Pts',(-19.5610054271245,103.541812048996,-331.261626002978));
#10351=CARTESIAN_POINT('',(-18.802840194973,104.568246493518,-331.140800628677));
#10352=CARTESIAN_POINT('Ctrl Pts',(-19.5610054271245,103.541812048996,-331.261626002978));
#10353=CARTESIAN_POINT('Ctrl Pts',(-19.287082298448,103.874538882351,-331.207235430124));
#10354=CARTESIAN_POINT('Ctrl Pts',(-19.0316671386973,104.221712046454,-331.165548468794));
#10355=CARTESIAN_POINT('Ctrl Pts',(-18.802840194973,104.568246493518,-331.140800628677));
#10356=CARTESIAN_POINT('',(-18.3353565537354,105.336735770209,-331.113210702739));
#10357=CARTESIAN_POINT('Ctrl Pts',(-18.802840194973,104.568246493518,-331.140800628677));
#10358=CARTESIAN_POINT('Ctrl Pts',(-18.6318258371832,104.82722983242,-331.122305271812));
#10359=CARTESIAN_POINT('Ctrl Pts',(-18.4755689913738,105.085715741334,-331.113201177255));
#10360=CARTESIAN_POINT('Ctrl Pts',(-18.3353565537354,105.336735770209,-331.113210702739));
#10361=CARTESIAN_POINT('',(-17.9069256727137,106.180194139983,-331.113240417559));
#10362=CARTESIAN_POINT('Ctrl Pts',(-18.3353565537354,105.336735770209,-331.113210702739));
#10363=CARTESIAN_POINT('Ctrl Pts',(-18.1815202988908,105.612146295719,-331.113221153773));
#10364=CARTESIAN_POINT('Ctrl Pts',(-18.0385645861219,105.893592281635,-331.113231099637));
#10365=CARTESIAN_POINT('Ctrl Pts',(-17.9069256727137,106.180194139983,-331.113240417559));
#10366=CARTESIAN_POINT('',(-16.8112268403924,111.190973404083,-331.113322281666));
#10367=CARTESIAN_POINT('Ctrl Pts',(-17.9069256727137,106.180194139983,-331.113240417559));
#10368=CARTESIAN_POINT('Ctrl Pts',(-17.1872542082967,107.747049819368,-331.113291358743));
#10369=CARTESIAN_POINT('Ctrl Pts',(-16.8112268403923,109.469256166955,-331.113322040858));
#10370=CARTESIAN_POINT('Ctrl Pts',(-16.8112268403924,111.190973404083,-331.113322281666));
#10371=CARTESIAN_POINT('',(-16.8112268403884,111.106788842769,-335.010486017473));
#10372=CARTESIAN_POINT('',(-16.8112268403927,110.251886683207,-374.586551295075));
#10373=CARTESIAN_POINT('',(-16.9058273716505,109.537506011193,-338.024893421133));
#10374=CARTESIAN_POINT('Ctrl Pts',(-16.9058273716505,109.537506011193,-338.02489342113));
#10375=CARTESIAN_POINT('Ctrl Pts',(-16.9058273716505,109.545867162884,-337.637829847334));
#10376=CARTESIAN_POINT('Ctrl Pts',(-16.896731020252,109.622132232326,-337.223506798523));
#10377=CARTESIAN_POINT('Ctrl Pts',(-16.8670256716977,109.911574259141,-336.44391737968));
#10378=CARTESIAN_POINT('Ctrl Pts',(-16.8474249217634,110.124105261567,-336.078373249206));
#10379=CARTESIAN_POINT('Ctrl Pts',(-16.8211479372251,110.567999289863,-335.503406356068));
#10380=CARTESIAN_POINT('Ctrl Pts',(-16.8112268403925,110.822372273929,-335.241877724903));
#10381=CARTESIAN_POINT('Ctrl Pts',(-16.8112268403924,111.106788842766,-335.010486017469));
#10382=CARTESIAN_POINT('',(-16.9058273716464,108.748421110828,-374.554074191663));
#10383=CARTESIAN_POINT('Origin',(-28.8112268403927,110.273483139656,-373.586784525738));
#10384=CARTESIAN_POINT('',(-14.8112268403927,110.251886683207,-374.586551295075));
#10385=CARTESIAN_POINT('',(-15.8112268403886,110.273483139656,-373.586784525737));
#10386=CARTESIAN_POINT('',(-19.6421993026233,99.6747070223684,-374.358068405967));
#10387=CARTESIAN_POINT('Origin',(-28.8112268403927,110.251886683207,-374.586551295075));
#10388=CARTESIAN_POINT('',(-19.7816796305306,99.8402077161711,-374.148624135108));
#10389=CARTESIAN_POINT('Ctrl Pts',(-19.8428936468331,100.494207897283,-329.758123331169));
#10390=CARTESIAN_POINT('Ctrl Pts',(-19.2602717645266,100.980904440634,-329.676751555118));
#10391=CARTESIAN_POINT('Ctrl Pts',(-18.7174964930648,101.514927000412,-329.587467246992));
#10392=CARTESIAN_POINT('Ctrl Pts',(-18.2216009468598,102.089146933308,-329.491462259035));
#10393=CARTESIAN_POINT('Ctrl Pts',(-20.212615891017,101.033587907965,-330.337023279048));
#10394=CARTESIAN_POINT('Ctrl Pts',(-19.6565605297489,101.503887707072,-330.259032941206));
#10395=CARTESIAN_POINT('Ctrl Pts',(-19.1394720545068,102.019522304917,-330.173478792261));
#10396=CARTESIAN_POINT('Ctrl Pts',(-18.668069106948,102.573368638537,-330.081516840349));
#10397=CARTESIAN_POINT('Ctrl Pts',(-20.5823381352009,101.572967918647,-330.915923226927));
#10398=CARTESIAN_POINT('Ctrl Pts',(-20.0528492949713,102.026870973511,-330.841314327295));
#10399=CARTESIAN_POINT('Ctrl Pts',(-19.5614476159488,102.524117609423,-330.75949033753));
#10400=CARTESIAN_POINT('Ctrl Pts',(-19.1145372670363,103.057590343767,-330.671571421664));
#10401=CARTESIAN_POINT('Ctrl Pts',(-20.9520603793848,102.112347929329,-331.494823174805));
#10402=CARTESIAN_POINT('Ctrl Pts',(-20.4491380601936,102.54985423995,-331.423595713383));
#10403=CARTESIAN_POINT('Ctrl Pts',(-19.9834231773908,103.028712913928,-331.345501882798));
#10404=CARTESIAN_POINT('Ctrl Pts',(-19.5610054271245,103.541812048996,-331.261626002978));
#10405=CARTESIAN_POINT('',(-19.655254416168,100.653775896177,-329.731444835814));
#10406=CARTESIAN_POINT('Ctrl Pts',(-19.655257170982,100.653778502866,-329.731444399997));
#10407=CARTESIAN_POINT('Ctrl Pts',(-19.8714222847151,100.896915297127,-330.025068482991));
#10408=CARTESIAN_POINT('Ctrl Pts',(-20.0879892168954,101.140501075109,-330.319379530063));
#10409=CARTESIAN_POINT('Ctrl Pts',(-20.3040694183412,101.383535844816,-330.613194232031));
#10410=CARTESIAN_POINT('Ctrl Pts',(-20.519957995628,101.626355086526,-330.906748373361));
#10411=CARTESIAN_POINT('Ctrl Pts',(-20.7362711544608,101.869648324109,-331.201045026359));
#10412=CARTESIAN_POINT('Ctrl Pts',(-20.9520603793848,102.112347929329,-331.494823174805));
#10413=CARTESIAN_POINT('',(-18.2216009468598,102.089146933308,-329.491462259034));
#10414=CARTESIAN_POINT('Ctrl Pts',(-18.2216009468598,102.089146933308,-329.491462259035));
#10415=CARTESIAN_POINT('Ctrl Pts',(-18.6638618941038,101.577032933913,-329.577083630792));
#10416=CARTESIAN_POINT('Ctrl Pts',(-19.1434102176623,101.096891275869,-329.657359482356));
#10417=CARTESIAN_POINT('Ctrl Pts',(-19.6552569252267,100.65377871562,-329.731444364426));
#10418=CARTESIAN_POINT('',(-19.5610054271245,103.541812048996,-331.261626002978));
#10419=CARTESIAN_POINT('Ctrl Pts',(-17.233748985796,103.36825831935,-329.277605048271));
#10420=CARTESIAN_POINT('Ctrl Pts',(-17.0075564657726,103.697676368914,-329.222528980602));
#10421=CARTESIAN_POINT('Ctrl Pts',(-16.798911670112,104.033878819895,-329.180726068935));
#10422=CARTESIAN_POINT('Ctrl Pts',(-16.6111113005965,104.366515699526,-329.15345343836));
#10423=CARTESIAN_POINT('Ctrl Pts',(-17.756779388855,103.768254377406,-329.89867024174));
#10424=CARTESIAN_POINT('Ctrl Pts',(-17.5489795895761,104.074194190083,-329.855787744339));
#10425=CARTESIAN_POINT('Ctrl Pts',(-17.3577974438659,104.384491127041,-329.824884438375));
#10426=CARTESIAN_POINT('Ctrl Pts',(-17.1858597183094,104.689922389753,-329.80670585982));
#10427=CARTESIAN_POINT('Ctrl Pts',(-18.279809791914,104.168250435462,-330.519735435208));
#10428=CARTESIAN_POINT('Ctrl Pts',(-18.0904027133797,104.450712011252,-330.489046508076));
#10429=CARTESIAN_POINT('Ctrl Pts',(-17.9166832176199,104.735103434188,-330.469042807815));
#10430=CARTESIAN_POINT('Ctrl Pts',(-17.7606081360224,105.013329079981,-330.45995828128));
#10431=CARTESIAN_POINT('Ctrl Pts',(-18.802840194973,104.568246493518,-331.140800628677));
#10432=CARTESIAN_POINT('Ctrl Pts',(-18.6318258371832,104.82722983242,-331.122305271812));
#10433=CARTESIAN_POINT('Ctrl Pts',(-18.4755689913738,105.085715741334,-331.113201177255));
#10434=CARTESIAN_POINT('Ctrl Pts',(-18.3353565537354,105.336735770209,-331.113210702739));
#10435=CARTESIAN_POINT('',(-17.2337489857956,103.36825831935,-329.277605048271));
#10436=CARTESIAN_POINT('',(-17.2337489857956,103.36825831935,-329.277605048271));
#10437=CARTESIAN_POINT('',(-16.6111113005965,104.366515699526,-329.15345343836));
#10438=CARTESIAN_POINT('Ctrl Pts',(-16.6111113005965,104.366515699526,-329.15345343836));
#10439=CARTESIAN_POINT('Ctrl Pts',(-16.798911670112,104.033878819895,-329.180726068935));
#10440=CARTESIAN_POINT('Ctrl Pts',(-17.0075564657726,103.697676368914,-329.222528980602));
#10441=CARTESIAN_POINT('Ctrl Pts',(-17.233748985796,103.36825831935,-329.277605048271));
#10442=CARTESIAN_POINT('',(-18.3353565537354,105.336735770209,-331.113210702739));
#10443=CARTESIAN_POINT('Ctrl Pts',(-18.2216009468597,102.089146933308,-329.491462259035));
#10444=CARTESIAN_POINT('Ctrl Pts',(-17.8697290792041,102.496595319928,-329.423340142037));
#10445=CARTESIAN_POINT('Ctrl Pts',(-17.5364074509635,102.927478220747,-329.351299961377));
#10446=CARTESIAN_POINT('Ctrl Pts',(-17.233748985796,103.368258319351,-329.277605048271));
#10447=CARTESIAN_POINT('Ctrl Pts',(-18.668069106948,102.573368638537,-330.081516840349));
#10448=CARTESIAN_POINT('Ctrl Pts',(-18.3421801522854,102.955909840735,-330.017971904733));
#10449=CARTESIAN_POINT('Ctrl Pts',(-18.0348273468748,103.358889495982,-329.95604946385));
#10450=CARTESIAN_POINT('Ctrl Pts',(-17.756779388855,103.768254377406,-329.89867024174));
#10451=CARTESIAN_POINT('Ctrl Pts',(-19.1145372670363,103.057590343767,-330.671571421664));
#10452=CARTESIAN_POINT('Ctrl Pts',(-18.8146312253667,103.415224361543,-330.612603667429));
#10453=CARTESIAN_POINT('Ctrl Pts',(-18.5332472427861,103.790300771218,-330.560798966322));
#10454=CARTESIAN_POINT('Ctrl Pts',(-18.279809791914,104.168250435462,-330.519735435208));
#10455=CARTESIAN_POINT('Ctrl Pts',(-19.5610054271245,103.541812048996,-331.261626002978));
#10456=CARTESIAN_POINT('Ctrl Pts',(-19.287082298448,103.874538882351,-331.207235430124));
#10457=CARTESIAN_POINT('Ctrl Pts',(-19.0316671386973,104.221712046454,-331.165548468794));
#10458=CARTESIAN_POINT('Ctrl Pts',(-18.802840194973,104.568246493518,-331.140800628677));
#10459=CARTESIAN_POINT('Ctrl Pts',(-17.233748985796,103.368258319351,-329.277605048271));
#10460=CARTESIAN_POINT('Ctrl Pts',(-17.5364074509635,102.927478220747,-329.351299961377));
#10461=CARTESIAN_POINT('Ctrl Pts',(-17.8697290792041,102.496595319928,-329.423340142037));
#10462=CARTESIAN_POINT('Ctrl Pts',(-18.2216009468597,102.089146933308,-329.491462259035));
#10463=CARTESIAN_POINT('Ctrl Pts',(-16.1086232635374,105.347095739496,-329.113322283177));
#10464=CARTESIAN_POINT('Ctrl Pts',(-15.2643608541367,107.169496459407,-329.113322283177));
#10465=CARTESIAN_POINT('Ctrl Pts',(-14.8185452415423,109.175279329091,-329.113322283177));
#10466=CARTESIAN_POINT('Ctrl Pts',(-14.8113175237057,111.183776590566,-329.113322283177));
#10467=CARTESIAN_POINT('Ctrl Pts',(-16.7080573999295,105.624795206325,-329.779961661304));
#10468=CARTESIAN_POINT('Ctrl Pts',(-15.9053253055234,107.36201424606,-329.779978641699));
#10469=CARTESIAN_POINT('Ctrl Pts',(-15.482772441159,109.273271608379,-329.77998886907));
#10470=CARTESIAN_POINT('Ctrl Pts',(-15.4779539626012,111.186175528405,-329.77998894934));
#10471=CARTESIAN_POINT('Ctrl Pts',(-17.3074915363216,105.902494673154,-330.446601039431));
#10472=CARTESIAN_POINT('Ctrl Pts',(-16.54628975691,107.554532032714,-330.446635000221));
#10473=CARTESIAN_POINT('Ctrl Pts',(-16.1469996407757,109.371263887667,-330.446655454964));
#10474=CARTESIAN_POINT('Ctrl Pts',(-16.1445904014968,111.188574466244,-330.446655615503));
#10475=CARTESIAN_POINT('Ctrl Pts',(-17.9069256727137,106.180194139983,-331.113240417559));
#10476=CARTESIAN_POINT('Ctrl Pts',(-17.1872542082967,107.747049819368,-331.113291358743));
#10477=CARTESIAN_POINT('Ctrl Pts',(-16.8112268403923,109.469256166955,-331.113322040858));
#10478=CARTESIAN_POINT('Ctrl Pts',(-16.8112268403924,111.190973404083,-331.113322281666));
#10479=CARTESIAN_POINT('',(-16.1086232635374,105.347095739496,-329.113322283177));
#10480=CARTESIAN_POINT('',(-16.1086232635374,105.347095739496,-329.113322283177));
#10481=CARTESIAN_POINT('',(-14.8113175237057,111.183776590566,-329.113322283177));
#10482=CARTESIAN_POINT('Ctrl Pts',(-14.8113175237057,111.183776590566,-329.113322283177));
#10483=CARTESIAN_POINT('Ctrl Pts',(-14.8185452415423,109.175279329091,-329.113322283177));
#10484=CARTESIAN_POINT('Ctrl Pts',(-15.2643608541367,107.169496459407,-329.113322283177));
#10485=CARTESIAN_POINT('Ctrl Pts',(-16.1086232635374,105.347095739496,-329.113322283177));
#10486=CARTESIAN_POINT('',(-16.8112268403924,111.190973404083,-331.113322281666));
#10487=CARTESIAN_POINT('Ctrl Pts',(-16.6111113005965,104.366515699526,-329.15345343836));
#10488=CARTESIAN_POINT('Ctrl Pts',(-16.4305009346241,104.686417458617,-329.127224950089));
#10489=CARTESIAN_POINT('Ctrl Pts',(-16.2630517655691,105.013750786383,-329.113322283177));
#10490=CARTESIAN_POINT('Ctrl Pts',(-16.1086232635374,105.347095739496,-329.113322283177));
#10491=CARTESIAN_POINT('Ctrl Pts',(-17.1858597183094,104.689922389753,-329.80670585982));
#10492=CARTESIAN_POINT('Ctrl Pts',(-17.0141740560463,104.994993737651,-329.78922368465));
#10493=CARTESIAN_POINT('Ctrl Pts',(-16.8548893724201,105.3070312848,-329.77995855533));
#10494=CARTESIAN_POINT('Ctrl Pts',(-16.7080573999295,105.624795206325,-329.779961661304));
#10495=CARTESIAN_POINT('Ctrl Pts',(-17.7606081360224,105.013329079981,-330.45995828128));
#10496=CARTESIAN_POINT('Ctrl Pts',(-17.5978471774686,105.303570016685,-330.451222419211));
#10497=CARTESIAN_POINT('Ctrl Pts',(-17.446726979271,105.600311783217,-330.446594827484));
#10498=CARTESIAN_POINT('Ctrl Pts',(-17.3074915363216,105.902494673154,-330.446601039431));
#10499=CARTESIAN_POINT('Ctrl Pts',(-18.3353565537354,105.336735770209,-331.113210702739));
#10500=CARTESIAN_POINT('Ctrl Pts',(-18.1815202988908,105.612146295719,-331.113221153773));
#10501=CARTESIAN_POINT('Ctrl Pts',(-18.0385645861219,105.893592281635,-331.113231099637));
#10502=CARTESIAN_POINT('Ctrl Pts',(-17.9069256727137,106.180194139983,-331.113240417559));
#10503=CARTESIAN_POINT('Ctrl Pts',(-16.1086232635374,105.347095739496,-329.113322283177));
#10504=CARTESIAN_POINT('Ctrl Pts',(-16.2630517655691,105.013750786383,-329.113322283177));
#10505=CARTESIAN_POINT('Ctrl Pts',(-16.4305009346241,104.686417458617,-329.127224950089));
#10506=CARTESIAN_POINT('Ctrl Pts',(-16.6111113005965,104.366515699526,-329.15345343836));
#10507=CARTESIAN_POINT('Origin',(-15.8112268403897,139.389207232462,-330.113322283177));
#10508=CARTESIAN_POINT('',(-14.8112268403911,111.234176393209,-329.113322283177));
#10509=CARTESIAN_POINT('',(-16.8112268403875,111.234176393209,-331.113322283176));
#10510=CARTESIAN_POINT('',(-14.8112268403911,111.234176393209,-329.113322283177));
#10511=CARTESIAN_POINT('',(-14.8112268403915,146.916202969617,-329.113322283177));
#10512=CARTESIAN_POINT('',(-14.8112268403914,139.389207232462,-329.113322283177));
#10513=CARTESIAN_POINT('',(-16.8112268403879,146.916202969617,-331.113322283176));
#10514=CARTESIAN_POINT('',(-16.8112268403879,146.916202969617,-331.113322283176));
#10515=CARTESIAN_POINT('',(-16.8112268403879,139.389207232462,-331.113322283176));
#10516=CARTESIAN_POINT('Origin',(-15.8112268403879,146.916202969617,-317.113322283177));
#10517=CARTESIAN_POINT('',(-16.8112268403881,156.04056076985,-327.731518680556));
#10518=CARTESIAN_POINT('',(-14.8112268403878,154.737081084103,-326.214633480931));
#10519=CARTESIAN_POINT('',(-16.8112268403881,156.04056076985,-327.731518680556));
#10520=CARTESIAN_POINT('Origin',(-16.811226840388,146.916202969617,-317.113322283177));
#10521=CARTESIAN_POINT('Origin',(-14.8112268403878,146.916202969617,-317.113322283177));
#10522=CARTESIAN_POINT('Origin',(-15.8112268403881,162.427611230013,-335.164256158721));
#10523=CARTESIAN_POINT('',(-16.8112268403882,170.812216877775,-330.090954656592));
#10524=CARTESIAN_POINT('',(-14.8112268403882,172.523360887522,-329.055587003096));
#10525=CARTESIAN_POINT('',(-15.8112268403882,171.667788882648,-329.573270829844));
#10526=CARTESIAN_POINT('Origin',(-16.8112268403881,162.427611230013,-335.164256158721));
#10527=CARTESIAN_POINT('Origin',(-14.8112268403881,162.427611230013,-335.164256158721));
#10528=CARTESIAN_POINT('Ctrl Pts',(-14.8113175237057,111.183776590566,-329.113322283177));
#10529=CARTESIAN_POINT('Ctrl Pts',(-14.8112570682287,111.200576452244,-329.113322283177));
#10530=CARTESIAN_POINT('Ctrl Pts',(-14.8112268403924,111.217376422726,-329.113322283177));
#10531=CARTESIAN_POINT('Ctrl Pts',(-14.8112268403924,111.234176393209,-329.113322283177));
#10532=CARTESIAN_POINT('Ctrl Pts',(-15.4779539625996,111.186175528405,-329.77998894934));
#10533=CARTESIAN_POINT('Ctrl Pts',(-15.4779136589483,111.202175809747,-329.779988950011));
#10534=CARTESIAN_POINT('Ctrl Pts',(-15.4778935070574,111.218176101478,-329.779988949843));
#10535=CARTESIAN_POINT('Ctrl Pts',(-15.4778935070574,111.234176393209,-329.779988949843));
#10536=CARTESIAN_POINT('Ctrl Pts',(-16.1445904014936,111.188574466244,-330.446655615503));
#10537=CARTESIAN_POINT('Ctrl Pts',(-16.1445702496679,111.203775167251,-330.446655616846));
#10538=CARTESIAN_POINT('Ctrl Pts',(-16.1445601737225,111.21897578023,-330.44665561651));
#10539=CARTESIAN_POINT('Ctrl Pts',(-16.1445601737225,111.234176393209,-330.44665561651));
#10540=CARTESIAN_POINT('Ctrl Pts',(-16.8112268403875,111.190973404083,-331.113322281666));
#10541=CARTESIAN_POINT('Ctrl Pts',(-16.8112268403875,111.205374524755,-331.11332228368));
#10542=CARTESIAN_POINT('Ctrl Pts',(-16.8112268403875,111.219775458981,-331.113322283177));
#10543=CARTESIAN_POINT('Ctrl Pts',(-16.8112268403875,111.234176393209,-331.113322283177));
#10544=CARTESIAN_POINT('Ctrl Pts',(-16.8112268403875,111.190973404083,-331.113322281666));
#10545=CARTESIAN_POINT('Ctrl Pts',(-16.8112268403875,111.205374524755,-331.11332228368));
#10546=CARTESIAN_POINT('Ctrl Pts',(-16.8112268403875,111.219775458981,-331.113322283177));
#10547=CARTESIAN_POINT('Ctrl Pts',(-16.8112268403875,111.234176393209,-331.113322283177));
#10548=CARTESIAN_POINT('Ctrl Pts',(-14.8112268403924,111.234176393209,-329.113322283177));
#10549=CARTESIAN_POINT('Ctrl Pts',(-14.8112268403924,111.217376422726,-329.113322283177));
#10550=CARTESIAN_POINT('Ctrl Pts',(-14.8112570682287,111.200576452244,-329.113322283177));
#10551=CARTESIAN_POINT('Ctrl Pts',(-14.8113175237057,111.183776590566,-329.113322283177));
#10552=CARTESIAN_POINT('Origin',(-16.1487655271799,105.038604308262,-329.113322283177));
#10553=CARTESIAN_POINT('',(-10.8112268403875,105.347101398683,-329.113322283177));
#10554=CARTESIAN_POINT('',(-16.1487655271799,105.347095739496,-329.113322283177));
#10555=CARTESIAN_POINT('',(-10.811226840388,146.916202969617,-329.113322283177));
#10556=CARTESIAN_POINT('',(-10.8112268403881,163.018481201158,-329.113322283177));
#10557=CARTESIAN_POINT('',(-16.811226840388,146.916202969617,-329.113322283177));
#10558=CARTESIAN_POINT('Origin',(-16.8112268403881,146.916202969617,-317.113322283177));
#10559=CARTESIAN_POINT('',(-10.8112268403881,154.737081084103,-326.21463348093));
#10560=CARTESIAN_POINT('Origin',(-10.8112268403881,146.916202969617,-317.113322283177));
#10561=CARTESIAN_POINT('',(-16.8112268403881,154.737081084103,-326.214633480931));
#10562=CARTESIAN_POINT('Origin',(-16.8112268403881,162.427611230013,-335.164256158721));
#10563=CARTESIAN_POINT('',(-10.8112268403883,172.523360887522,-329.055587003096));
#10564=CARTESIAN_POINT('Origin',(-10.8112268403881,162.427611230013,-335.164256158721));
#10565=CARTESIAN_POINT('',(-16.8112268403883,172.523360887522,-329.055587003096));
#10566=CARTESIAN_POINT('Origin',(-15.8112268403884,182.790224946006,-322.84338108212));
#10567=CARTESIAN_POINT('',(-14.8112268403883,178.219220696697,-333.938691810207));
#10568=CARTESIAN_POINT('Origin',(-14.8112268403885,182.790224946006,-322.84338108212));
#10569=CARTESIAN_POINT('',(-16.8112268403883,177.457386655146,-335.787910264888));
#10570=CARTESIAN_POINT('',(-14.8112268403883,178.219220696697,-333.938691810207));
#10571=CARTESIAN_POINT('Origin',(-16.8112268403884,182.790224946006,-322.84338108212));
#10572=CARTESIAN_POINT('Origin',(-16.8112268403881,173.739810156662,-350.409602851276));
#10573=CARTESIAN_POINT('',(-16.8112268403888,241.451612654794,-362.15201003139));
#10574=CARTESIAN_POINT('',(-16.8112268403886,210.440293069452,-349.376083599475));
#10575=CARTESIAN_POINT('',(-16.8112268403888,243.308161900476,-364.990627082754));
#10576=CARTESIAN_POINT('Origin',(-16.8112268403888,240.308861592468,-364.925837713411));
#10577=CARTESIAN_POINT('',(-16.8112268403888,243.099997909623,-374.627182095021));
#10578=CARTESIAN_POINT('',(-16.8112268403888,243.33632328457,-363.686949506521));
#10579=CARTESIAN_POINT('',(-16.8112268403888,242.253872909166,-375.437524914838));
#10580=CARTESIAN_POINT('',(-16.8112268403886,230.337692841008,-386.849776003831));
#10581=CARTESIAN_POINT('',(-16.8112268403876,137.722664429933,-373.179494581512));
#10582=CARTESIAN_POINT('',(-16.8112268403874,115.940940919768,-362.153214012824));
#10583=CARTESIAN_POINT('Origin',(-16.8112268403882,113.174257474172,-359.264362560799));
#10584=CARTESIAN_POINT('',(-16.8112268403878,138.025944361383,-341.002173735201));
#10585=CARTESIAN_POINT('',(-16.8112268403877,132.248035652017,-346.535737728312));
#10586=CARTESIAN_POINT('',(-16.8112268403878,135.259260915788,-334.113322283177));
#10587=CARTESIAN_POINT('Origin',(-16.8112268403883,135.259260915788,-338.113322283177));
#10588=CARTESIAN_POINT('',(-16.8112268403876,113.631151556057,-334.113322283177));
#10589=CARTESIAN_POINT('',(-16.8112268403881,159.479397950908,-334.113322283177));
#10590=CARTESIAN_POINT('Origin',(-16.8112268403884,113.631151556057,-338.113322283177));
#10591=CARTESIAN_POINT('',(-16.8112268403882,187.705615634414,-365.894102063736));
#10592=CARTESIAN_POINT('',(-16.8112268403884,199.497752425185,-354.101965272966));
#10593=CARTESIAN_POINT('',(-16.8112268403882,186.671075505718,-366.928642192432));
#10594=CARTESIAN_POINT('',(-16.8112268403884,198.192993383541,-347.575101238857));
#10595=CARTESIAN_POINT('Origin',(-16.8112268403881,196.669325300438,-351.27353814822));
#10596=CARTESIAN_POINT('',(-16.8112268403883,177.685269263945,-339.126406435112));
#10597=CARTESIAN_POINT('',(-16.8112268403884,191.012892228175,-344.617070256583));
#10598=CARTESIAN_POINT('',(-16.8112268403884,172.668280577808,-340.876328226643));
#10599=CARTESIAN_POINT('Origin',(-16.8112268403882,176.161601180842,-342.824843344475));
#10600=CARTESIAN_POINT('',(-16.8112268403883,168.433589611778,-345.235368295808));
#10601=CARTESIAN_POINT('Origin',(-16.8112268403883,162.427611230013,-335.164256158721));
#10602=CARTESIAN_POINT('',(-16.8112268403881,167.653935600374,-351.499276279189));
#10603=CARTESIAN_POINT('Origin',(-16.8112268403882,170.48236272512,-348.670849154443));
#10604=CARTESIAN_POINT('',(-16.8112268403881,182.048761384922,-365.894102063736));
#10605=CARTESIAN_POINT('',(-16.8112268403881,166.590748104636,-350.436088783451));
#10606=CARTESIAN_POINT('Origin',(-16.811226840388,184.877188509668,-363.06567493899));
#10607=CARTESIAN_POINT('',(-16.8112268403883,193.92488058436,-364.624584582097));
#10608=CARTESIAN_POINT('',(-16.8112268403883,196.666921883316,-371.452078784187));
#10609=CARTESIAN_POINT('Origin',(-16.811226840388,196.753307709106,-367.453011706843));
#10610=CARTESIAN_POINT('',(-16.8112268403884,209.870466634679,-371.73729508455));
#10611=CARTESIAN_POINT('',(-16.8112268403881,180.351435072353,-371.099639884296));
#10612=CARTESIAN_POINT('',(-16.8112268403885,213.291884507054,-365.52970785827));
#10613=CARTESIAN_POINT('Origin',(-16.8112268403879,209.956852460469,-367.738228007205));
#10614=CARTESIAN_POINT('',(-16.8112268403885,207.918037645653,-357.414793667945));
#10615=CARTESIAN_POINT('',(-16.8112268403885,205.89303672951,-354.356889508474));
#10616=CARTESIAN_POINT('',(-16.8112268403884,201.754578474322,-356.794886692134));
#10617=CARTESIAN_POINT('Origin',(-16.811226840388,204.583005599068,-359.62331381688));
#10618=CARTESIAN_POINT('',(-16.8112268403884,198.077709398844,-360.471755767612));
#10619=CARTESIAN_POINT('',(-16.8112268403888,240.190788793533,-370.391792789135));
#10620=CARTESIAN_POINT('',(-16.8112268403888,240.279260767157,-366.296151475887));
#10621=CARTESIAN_POINT('',(-16.8112268403888,240.369417661235,-362.122509983178));
#10622=CARTESIAN_POINT('',(-16.8112268403888,239.041561270036,-364.40374010831));
#10623=CARTESIAN_POINT('Origin',(-16.8112268403879,238.279727228484,-366.252958562992));
#10624=CARTESIAN_POINT('',(-16.8112268403886,220.439530772379,-356.740145772434));
#10625=CARTESIAN_POINT('',(-16.8112268403885,209.297542007125,-352.149911281497));
#10626=CARTESIAN_POINT('',(-16.8112268403885,215.580830642691,-362.647102830731));
#10627=CARTESIAN_POINT('Origin',(-16.811226840388,218.915862689276,-360.438582681796));
#10628=CARTESIAN_POINT('',(-16.8112268403885,220.614961965192,-370.249020927496));
#10629=CARTESIAN_POINT('',(-16.8112268403885,202.785488442599,-343.325170764632));
#10630=CARTESIAN_POINT('',(-16.8112268403886,223.863608185987,-372.039567855906));
#10631=CARTESIAN_POINT('Origin',(-16.8112268403879,223.949994011777,-368.040500778561));
#10632=CARTESIAN_POINT('',(-16.8112268403887,238.148062341966,-372.348133414912));
#10633=CARTESIAN_POINT('',(-16.8112268403883,197.533461970195,-371.470797345176));
#10634=CARTESIAN_POINT('Origin',(-16.8112268403879,238.191255254861,-370.348599876239));
#10635=CARTESIAN_POINT('',(-16.8112268403881,162.427611230013,-340.164256158721));
#10636=CARTESIAN_POINT('Origin',(-16.8112268403881,162.427611230013,-335.164256158721));
#10637=CARTESIAN_POINT('',(-16.8112268403879,144.918011113679,-339.247785503863));
#10638=CARTESIAN_POINT('',(-16.8112268403874,120.149174579785,-362.969160985791));
#10639=CARTESIAN_POINT('',(-16.811226840388,151.060322223363,-333.365229496025));
#10640=CARTESIAN_POINT('',(-16.8112268403874,122.829472199591,-369.85707951516));
#10641=CARTESIAN_POINT('Origin',(-16.8112268403881,122.915858025381,-365.858012437815));
#10642=CARTESIAN_POINT('',(-16.811226840388,172.390271553968,-370.927666853716));
#10643=CARTESIAN_POINT('',(-16.8112268403877,143.235518410048,-370.297880611742));
#10644=CARTESIAN_POINT('',(-16.8112268403881,175.305084504504,-364.100172651625));
#10645=CARTESIAN_POINT('Origin',(-16.811226840388,172.476657379758,-366.928599776371));
#10646=CARTESIAN_POINT('',(-16.8112268403879,150.513121684021,-339.308209831142));
#10647=CARTESIAN_POINT('',(-16.8112268403881,175.012417950255,-363.807506097376));
#10648=CARTESIAN_POINT('Origin',(-16.8112268403883,147.684694559275,-342.136636955888));
#10649=CARTESIAN_POINT('Origin',(-18.6039106902313,101.918930653061,-373.406313705611));
#10650=CARTESIAN_POINT('',(-40.0502174669759,81.9918830853317,-373.976092980685));
#10651=CARTESIAN_POINT('',(-16.8823699972956,102.066001233573,-374.409723935031));
#10652=CARTESIAN_POINT('',(-41.3600785438103,83.5461016640746,-372.009199854742));
#10653=CARTESIAN_POINT('',(-41.3600785438103,83.5461016640746,-372.009199854742));
#10654=CARTESIAN_POINT('',(-18.19223107413,103.620219812316,-372.442830809088));
#10655=CARTESIAN_POINT('Origin',(-21.7626466174232,100.483388461575,-374.375537133817));
#10656=CARTESIAN_POINT('',(-41.36007854381,84.3571308528612,-334.464150097071));
#10657=CARTESIAN_POINT('',(-41.3600785438101,83.8800734337363,-356.548613623109));
#10658=CARTESIAN_POINT('',(-41.173952003499,84.5190725810131,-334.436632151831));
#10659=CARTESIAN_POINT('Ctrl Pts',(-41.1739520034991,84.5190725810133,-334.436632151831));
#10660=CARTESIAN_POINT('Ctrl Pts',(-41.2359799583848,84.4651075794155,-334.445654669218));
#10661=CARTESIAN_POINT('Ctrl Pts',(-41.2980090275274,84.4111383764877,-334.45482696399));
#10662=CARTESIAN_POINT('Ctrl Pts',(-41.3600785438101,84.3571308528614,-334.464150097071));
#10663=CARTESIAN_POINT('',(-27.3147024878602,96.5767717850866,-332.42068111884));
#10664=CARTESIAN_POINT('',(-21.8497742661801,100.591465323845,-365.875888832451));
#10665=CARTESIAN_POINT('',(-24.4946860559464,98.2241554664135,-369.325567899156));
#10666=CARTESIAN_POINT('Origin',(-24.4946860559464,98.2997430639797,-365.826384206479));
#10667=CARTESIAN_POINT('',(-21.8497742661795,101.180485587896,-338.60831890053));
#10668=CARTESIAN_POINT('',(-21.8497742661802,100.478083927496,-371.124664371466));
#10669=CARTESIAN_POINT('',(-24.82040750149,98.6815494756235,-335.080169716792));
#10670=CARTESIAN_POINT('Origin',(-24.4946860559458,98.8887633280309,-338.558814274559));
#10671=CARTESIAN_POINT('',(-35.2624427856361,89.5968641618565,-336.599056565163));
#10672=CARTESIAN_POINT('',(-22.3912844427225,100.794913199918,-334.726832176107));
#10673=CARTESIAN_POINT('',(-37.5816331298582,87.5123557543985,-340.028196496958));
#10674=CARTESIAN_POINT('Origin',(-34.9367213400919,89.8040780142639,-340.07770112293));
#10675=CARTESIAN_POINT('',(-37.5816331298584,86.9603675736483,-365.581436748301));
#10676=CARTESIAN_POINT('',(-37.5816331298583,87.1636588245472,-356.170455940423));
#10677=CARTESIAN_POINT('',(-34.9367213400921,89.1765022359474,-369.13012506695));
#10678=CARTESIAN_POINT('Origin',(-34.9367213400921,89.2520898335137,-365.630941374273));
#10679=CARTESIAN_POINT('',(-27.1892974094565,95.8893702972375,-369.275133049982));
#10680=CARTESIAN_POINT('Origin',(-26.7462562853674,95.777897825907,-331.550449592141));
#10681=CARTESIAN_POINT('',(-19.6552263115569,100.653743342639,-329.731450278506));
#10682=CARTESIAN_POINT('',(-27.1778834303873,109.11475215393,-339.962459201316));
#10683=CARTESIAN_POINT('',(-40.0370595985133,82.9213246626539,-332.696169098433));
#10684=CARTESIAN_POINT('',(-41.173952003499,84.5190725810131,-334.436632151831));
#10685=CARTESIAN_POINT('',(-26.1778100828745,94.9790238667274,-330.680218065443));
#10686=CARTESIAN_POINT('Origin',(-15.8112268403876,137.701067973485,-374.179261350848));
#10687=CARTESIAN_POINT('',(-14.8112268403887,243.038913906408,-377.454949543831));
#10688=CARTESIAN_POINT('',(-14.8112268403891,243.038913906408,-377.454949543831));
#10689=CARTESIAN_POINT('',(-14.8112268403875,137.679471517037,-375.179028120185));
#10690=CARTESIAN_POINT('Origin',(-15.8112268403887,231.029363702407,-387.571988866837));
#10691=CARTESIAN_POINT('',(-14.8112268403891,245.081640357976,-375.498608918054));
#10692=CARTESIAN_POINT('',(-14.8112268403889,231.721034563806,-388.294201729844));
#10693=CARTESIAN_POINT('',(-14.8112268403891,245.081640357976,-375.498608918054));
#10694=CARTESIAN_POINT('Origin',(-15.811226840389,244.336090053906,-363.708545962969));
#10695=CARTESIAN_POINT('',(-14.811226840389,245.307695439148,-365.033819995649));
#10696=CARTESIAN_POINT('',(-14.811226840389,245.307695439148,-365.033819995649));
#10697=CARTESIAN_POINT('',(-14.8112268403891,245.335856823243,-363.730142419416));
#10698=CARTESIAN_POINT('Origin',(-15.8112268403889,240.308861592468,-364.925837713411));
#10699=CARTESIAN_POINT('',(-14.811226840389,242.213446696345,-360.302791576709));
#10700=CARTESIAN_POINT('',(-14.811226840389,242.213446696345,-360.302791576709));
#10701=CARTESIAN_POINT('Origin',(-14.811226840389,240.308861592468,-364.925837713411));
#10702=CARTESIAN_POINT('Origin',(-15.8112268403886,210.821210090227,-348.451474372134));
#10703=CARTESIAN_POINT('',(-14.8112268403887,211.202127111003,-347.526865144794));
#10704=CARTESIAN_POINT('Origin',(-16.8112268403885,182.790224946006,-322.84338108212));
#10705=CARTESIAN_POINT('',(-10.8112268403884,178.219220696697,-333.938691810207));
#10706=CARTESIAN_POINT('Origin',(-10.8112268403885,182.790224946006,-322.84338108212));
#10707=CARTESIAN_POINT('',(-16.8112268403883,178.219220696697,-333.938691810207));
#10708=CARTESIAN_POINT('Origin',(-9.81122684038807,146.916202969617,-317.113322283177));
#10709=CARTESIAN_POINT('',(-8.81122684038795,146.916202969617,-331.113322283177));
#10710=CARTESIAN_POINT('',(-8.81122684038807,156.040560769851,-327.731518680556));
#10711=CARTESIAN_POINT('Origin',(-8.81122684038803,146.916202969617,-317.113322283177));
#10712=CARTESIAN_POINT('',(-10.8112268403881,154.737081084103,-326.21463348093));
#10713=CARTESIAN_POINT('',(-10.811226840388,146.916202969617,-329.113322283177));
#10714=CARTESIAN_POINT('Origin',(-9.81122684038809,162.427611230013,-335.164256158721));
#10715=CARTESIAN_POINT('',(-8.81122684038823,170.812216877775,-330.090954656592));
#10716=CARTESIAN_POINT('',(-10.8112268403883,172.523360887522,-329.055587003096));
#10717=CARTESIAN_POINT('Origin',(-8.8112268403881,162.427611230013,-335.164256158721));
#10718=CARTESIAN_POINT('Origin',(-9.81122684038843,182.790224946006,-322.84338108212));
#10719=CARTESIAN_POINT('',(-8.81122684038827,177.457386655146,-335.787910264888));
#10720=CARTESIAN_POINT('Origin',(-8.81122684038841,182.790224946006,-322.84338108212));
#10721=CARTESIAN_POINT('',(-10.8112268403884,178.219220696697,-333.938691810207));
#10722=CARTESIAN_POINT('Origin',(-9.81122684038862,210.821210090227,-348.451474372134));
#10723=CARTESIAN_POINT('',(-9.86790737190731,210.659889981795,-348.323712174742));
#10724=CARTESIAN_POINT('',(-7.8112268403885,204.961831340683,-348.200625591899));
#10725=CARTESIAN_POINT('',(-4.79756299376315,196.612438686109,-348.020266231738));
#10726=CARTESIAN_POINT('',(-10.8112268403832,215.69037788239,-349.375917762681));
#10727=CARTESIAN_POINT('Origin',(3.18877315961715,210.35753959153,-362.320446945449));
#10728=CARTESIAN_POINT('',(-10.8112268403887,211.202127111003,-347.526865144794));
#10729=CARTESIAN_POINT('',(-8.81122684038851,205.17010480847,-347.204891325011));
#10730=CARTESIAN_POINT('',(-8.81122684038856,210.440293069452,-349.376083599475));
#10731=CARTESIAN_POINT('',(-7.42568102654084,204.881532377042,-348.584526770202));
#10732=CARTESIAN_POINT('Origin',(-15.3112268403882,127.084983802866,-351.854199731652));
#10733=CARTESIAN_POINT('',(-15.3112268403883,136.988438069285,-339.918854440692));
#10734=CARTESIAN_POINT('',(-15.3112268403883,135.259260915788,-335.613322283177));
#10735=CARTESIAN_POINT('Origin',(-15.3112268403883,135.259260915788,-338.113322283177));
#10736=CARTESIAN_POINT('',(-15.3112268403882,114.903434627669,-361.069894718315));
#10737=CARTESIAN_POINT('',(-15.3112268403882,118.682338472817,-357.450798726535));
#10738=CARTESIAN_POINT('',(-15.3112268403882,110.674840550831,-359.21037141968));
#10739=CARTESIAN_POINT('Origin',(-15.3112268403882,113.174257474172,-359.264362560799));
#10740=CARTESIAN_POINT('',(-15.3112268403884,111.131734632716,-338.059331142058));
#10741=CARTESIAN_POINT('',(-15.3112268403883,111.028799546118,-342.824514691045));
#10742=CARTESIAN_POINT('',(-15.3112268403884,113.631151556057,-335.613322283177));
#10743=CARTESIAN_POINT('Origin',(-15.3112268403883,113.631151556057,-338.113322283177));
#10744=CARTESIAN_POINT('',(-15.3112268403883,136.151984774011,-335.613322283177));
#10745=CARTESIAN_POINT('Origin',(-16.0612268403883,136.151984774011,-334.863322283177));
#10746=CARTESIAN_POINT('',(-16.8112268403876,113.631151556057,-334.113322283177));
#10747=CARTESIAN_POINT('',(-15.3112268403883,135.259260915788,-335.613322283177));
#10748=CARTESIAN_POINT('Origin',(-16.0612268403883,113.631151556057,-338.113322283177));
#10749=CARTESIAN_POINT('',(-16.8112268403875,109.632084478712,-338.026936457387));
#10750=CARTESIAN_POINT('Origin',(-16.0612268403883,110.278974469115,-342.808317348709));
#10751=CARTESIAN_POINT('',(-16.8112268403873,109.175190396827,-359.177976735009));
#10752=CARTESIAN_POINT('Origin',(-16.0612268403882,113.174257474172,-359.264362560799));
#10753=CARTESIAN_POINT('',(-16.8112268403874,115.940940919768,-362.153214012824));
#10754=CARTESIAN_POINT('Origin',(-16.0612268403882,119.201091618866,-357.99245837379));
#10755=CARTESIAN_POINT('',(-16.8112268403878,138.025944361383,-341.002173735201));
#10756=CARTESIAN_POINT('Origin',(-16.0612268403883,135.259260915788,-338.113322283177));
#10757=CARTESIAN_POINT('Origin',(-15.3112268403882,147.761271847364,-353.841491373495));
#10758=CARTESIAN_POINT('',(-15.311226840388,172.422666238639,-369.428016699712));
#10759=CARTESIAN_POINT('',(-15.311226840388,174.244424332724,-365.160832823405));
#10760=CARTESIAN_POINT('Origin',(-15.311226840388,172.476657379758,-366.928599776371));
#10761=CARTESIAN_POINT('',(-15.3112268403881,122.861866884262,-368.357429361156));
#10762=CARTESIAN_POINT('',(-15.3112268403881,130.3217518976,-368.518574026827));
#10763=CARTESIAN_POINT('',(-15.3112268403881,121.186680871884,-364.0524802803));
#10764=CARTESIAN_POINT('Origin',(-15.3112268403881,122.915858025381,-365.858012437815));
#10765=CARTESIAN_POINT('',(-15.3112268403883,145.955517405777,-340.331104798372));
#10766=CARTESIAN_POINT('',(-15.3112268403883,144.465565376671,-341.758047540884));
#10767=CARTESIAN_POINT('',(-15.3112268403883,149.452461512241,-340.368870002922));
#10768=CARTESIAN_POINT('Origin',(-15.3112268403882,147.684694559275,-342.136636955888));
#10769=CARTESIAN_POINT('',(-15.3112268403881,168.315095331705,-359.231503822386));
#10770=CARTESIAN_POINT('Origin',(-16.0612268403881,168.845425417595,-358.701173736496));
#10771=CARTESIAN_POINT('',(-16.8112268403879,150.513121684021,-339.308209831142));
#10772=CARTESIAN_POINT('',(-15.311226840388,174.244424332724,-365.160832823405));
#10773=CARTESIAN_POINT('Origin',(-16.0612268403882,147.684694559275,-342.136636955888));
#10774=CARTESIAN_POINT('',(-16.8112268403879,144.918011113679,-339.247785503863));
#10775=CARTESIAN_POINT('Origin',(-16.0612268403883,143.946812230622,-341.216387893629));
#10776=CARTESIAN_POINT('',(-16.8112268403874,120.149174579785,-362.969160985791));
#10777=CARTESIAN_POINT('Origin',(-16.0612268403881,122.915858025381,-365.858012437815));
#10778=CARTESIAN_POINT('',(-16.8112268403874,122.829472199591,-369.85707951516));
#10779=CARTESIAN_POINT('Origin',(-16.0612268403881,130.305554555264,-369.268399103829));
#10780=CARTESIAN_POINT('',(-16.811226840388,172.390271553968,-370.927666853716));
#10781=CARTESIAN_POINT('Origin',(-16.061226840388,172.476657379758,-366.928599776371));
#10782=CARTESIAN_POINT('Origin',(-15.3112268403881,183.384511039639,-353.042050195714));
#10783=CARTESIAN_POINT('',(-15.3112268403881,198.437092253405,-353.041305101186));
#10784=CARTESIAN_POINT('',(-15.3112268403881,197.621617852378,-348.962015079868));
#10785=CARTESIAN_POINT('Origin',(-15.3112268403881,196.669325300438,-351.27353814822));
#10786=CARTESIAN_POINT('',(-15.311226840388,186.644955462634,-364.833441891957));
#10787=CARTESIAN_POINT('',(-15.311226840388,187.363478718573,-364.114918636018));
#10788=CARTESIAN_POINT('',(-15.311226840388,183.109421556701,-364.833441891957));
#10789=CARTESIAN_POINT('Origin',(-15.311226840388,184.877188509668,-363.06567493899));
#10790=CARTESIAN_POINT('',(-15.3112268403881,168.714595772154,-350.438616107409));
#10791=CARTESIAN_POINT('',(-15.3112268403881,170.720695333269,-352.444715668524));
#10792=CARTESIAN_POINT('',(-15.3112268403882,169.201879529281,-346.523673617796));
#10793=CARTESIAN_POINT('Origin',(-15.3112268403882,170.48236272512,-348.670849154443));
#10794=CARTESIAN_POINT('',(-15.3112268403882,173.978275803946,-341.60702139583));
#10795=CARTESIAN_POINT('Origin',(-15.3112268403883,162.427611230013,-335.164256158721));
#10796=CARTESIAN_POINT('',(-15.3112268403882,177.113893732782,-340.513320276123));
#10797=CARTESIAN_POINT('Origin',(-15.3112268403882,176.161601180842,-342.824843344475));
#10798=CARTESIAN_POINT('',(-15.3112268403881,195.027727988325,-347.893394120853));
#10799=CARTESIAN_POINT('Origin',(-16.0612268403881,195.313415753907,-347.199937200347));
#10800=CARTESIAN_POINT('',(-16.8112268403883,177.685269263945,-339.126406435112));
#10801=CARTESIAN_POINT('',(-15.3112268403881,197.621617852378,-348.962015079868));
#10802=CARTESIAN_POINT('Origin',(-16.0612268403882,176.161601180842,-342.824843344475));
#10803=CARTESIAN_POINT('',(-16.8112268403884,172.668280577808,-340.876328226643));
#10804=CARTESIAN_POINT('Origin',(-16.0612268403883,162.427611230013,-335.164256158721));
#10805=CARTESIAN_POINT('',(-16.8112268403883,168.433589611778,-345.235368295808));
#10806=CARTESIAN_POINT('Origin',(-16.0612268403882,170.48236272512,-348.670849154443));
#10807=CARTESIAN_POINT('',(-16.8112268403881,167.653935600374,-351.499276279189));
#10808=CARTESIAN_POINT('Origin',(-16.0612268403881,170.190365247379,-352.975045754414));
#10809=CARTESIAN_POINT('',(-16.8112268403881,182.048761384922,-365.894102063736));
#10810=CARTESIAN_POINT('Origin',(-16.061226840388,184.877188509668,-363.06567493899));
#10811=CARTESIAN_POINT('',(-16.8112268403882,187.705615634414,-365.894102063736));
#10812=CARTESIAN_POINT('Origin',(-16.061226840388,187.893808804463,-364.645248721908));
#10813=CARTESIAN_POINT('',(-16.8112268403884,199.497752425185,-354.101965272966));
#10814=CARTESIAN_POINT('Origin',(-16.0612268403881,196.669325300438,-351.27353814822));
#10815=CARTESIAN_POINT('Origin',(-15.311226840388,202.432018688736,-362.618122846825));
#10816=CARTESIAN_POINT('',(-15.3112268403879,209.90286131935,-370.237644930546));
#10817=CARTESIAN_POINT('',(-15.3112268403879,212.041247489584,-366.357902914121));
#10818=CARTESIAN_POINT('Origin',(-15.3112268403879,209.956852460469,-367.738228007205));
#10819=CARTESIAN_POINT('',(-15.3112268403879,196.699316567987,-369.952428630183));
#10820=CARTESIAN_POINT('',(-15.3112268403879,194.855042538895,-369.912589554743));
#10821=CARTESIAN_POINT('',(-15.311226840388,194.98554075614,-365.685244753876));
#10822=CARTESIAN_POINT('Origin',(-15.311226840388,196.753307709106,-367.453011706843));
#10823=CARTESIAN_POINT('',(-15.311226840388,202.815238646102,-357.855546863914));
#10824=CARTESIAN_POINT('',(-15.311226840388,203.259291704756,-357.41149380526));
#10825=CARTESIAN_POINT('',(-15.311226840388,206.667400628184,-358.242988723796));
#10826=CARTESIAN_POINT('Origin',(-15.311226840388,204.583005599068,-359.62331381688));
#10827=CARTESIAN_POINT('',(-15.3112268403879,211.825827247271,-366.032602095858));
#10828=CARTESIAN_POINT('Origin',(-16.0612268403879,212.451145756006,-365.618504567933));
#10829=CARTESIAN_POINT('',(-16.8112268403885,207.918037645653,-357.414793667945));
#10830=CARTESIAN_POINT('',(-15.3112268403879,212.041247489584,-366.357902914121));
#10831=CARTESIAN_POINT('Origin',(-16.061226840388,204.583005599068,-359.62331381688));
#10832=CARTESIAN_POINT('',(-16.8112268403884,201.754578474322,-356.794886692134));
#10833=CARTESIAN_POINT('Origin',(-16.061226840388,202.728961618866,-356.88116371937));
#10834=CARTESIAN_POINT('',(-16.8112268403883,193.92488058436,-364.624584582097));
#10835=CARTESIAN_POINT('Origin',(-16.061226840388,196.753307709106,-367.453011706843));
#10836=CARTESIAN_POINT('',(-16.8112268403883,196.666921883316,-371.452078784187));
#10837=CARTESIAN_POINT('Origin',(-16.0612268403879,194.838845196559,-370.662414631745));
#10838=CARTESIAN_POINT('',(-16.8112268403884,209.870466634679,-371.73729508455));
#10839=CARTESIAN_POINT('Origin',(-16.0612268403879,209.956852460469,-367.738228007205));
#10840=CARTESIAN_POINT('Origin',(-15.3112268403879,224.343793555768,-362.0813535297));
#10841=CARTESIAN_POINT('',(-15.3112268403879,238.779610613153,-366.263756791215));
#10842=CARTESIAN_POINT('',(-15.3112268403879,238.470185738872,-365.790653949321));
#10843=CARTESIAN_POINT('Origin',(-15.3112268403879,238.279727228484,-366.252958562992));
#10844=CARTESIAN_POINT('',(-15.3112268403878,238.691138639529,-370.359398104463));
#10845=CARTESIAN_POINT('',(-15.3112268403879,238.755563698979,-367.376962828249));
#10846=CARTESIAN_POINT('',(-15.3112268403878,238.180457026637,-370.848483260907));
#10847=CARTESIAN_POINT('Origin',(-15.3112268403878,238.191255254861,-370.348599876239));
#10848=CARTESIAN_POINT('',(-15.3112268403879,223.896002870658,-370.539917701901));
#10849=CARTESIAN_POINT('',(-15.3112268403879,222.98205216267,-370.520175000638));
#10850=CARTESIAN_POINT('',(-15.3112268403879,221.865598982662,-369.420825871645));
#10851=CARTESIAN_POINT('Origin',(-15.3112268403879,223.949994011777,-368.040500778561));
#10852=CARTESIAN_POINT('',(-15.311226840388,216.831467660161,-361.81890777488));
#10853=CARTESIAN_POINT('',(-15.311226840388,214.435879787943,-358.201389352823));
#10854=CARTESIAN_POINT('',(-15.311226840388,219.868155241216,-358.127059613445));
#10855=CARTESIAN_POINT('Origin',(-15.311226840388,218.915862689276,-360.438582681796));
#10856=CARTESIAN_POINT('',(-15.3112268403879,232.412287181183,-363.294943758981));
#10857=CARTESIAN_POINT('Origin',(-16.0612268403879,232.697974946765,-362.601486838476));
#10858=CARTESIAN_POINT('',(-16.8112268403886,220.439530772379,-356.740145772434));
#10859=CARTESIAN_POINT('',(-15.3112268403879,238.470185738872,-365.790653949321));
#10860=CARTESIAN_POINT('Origin',(-16.061226840388,218.915862689276,-360.438582681796));
#10861=CARTESIAN_POINT('',(-16.8112268403885,215.580830642691,-362.647102830731));
#10862=CARTESIAN_POINT('Origin',(-16.061226840388,213.810561279208,-358.615486880748));
#10863=CARTESIAN_POINT('',(-16.8112268403885,220.614961965192,-370.249020927496));
#10864=CARTESIAN_POINT('Origin',(-16.0612268403879,223.949994011777,-368.040500778561));
#10865=CARTESIAN_POINT('',(-16.8112268403886,223.863608185987,-372.039567855906));
#10866=CARTESIAN_POINT('Origin',(-16.0612268403879,222.965854820334,-371.27000007764));
#10867=CARTESIAN_POINT('',(-16.8112268403887,238.148062341966,-372.348133414912));
#10868=CARTESIAN_POINT('Origin',(-16.0612268403878,238.191255254861,-370.348599876239));
#10869=CARTESIAN_POINT('',(-16.8112268403888,240.190788793533,-370.391792789135));
#10870=CARTESIAN_POINT('Origin',(-16.0612268403879,239.505388775981,-367.393160170585));
#10871=CARTESIAN_POINT('',(-16.8112268403888,240.279260767157,-366.296151475887));
#10872=CARTESIAN_POINT('Origin',(-16.0612268403879,238.279727228484,-366.252958562992));
#10873=CARTESIAN_POINT('Origin',(-16.8112268403881,162.427611230013,-335.164256158721));
#10874=CARTESIAN_POINT('',(-9.81077315960099,162.427611230013,-339.664256158721));
#10875=CARTESIAN_POINT('Origin',(-9.81077315960103,162.427611230013,-335.164256158721));
#10876=CARTESIAN_POINT('',(-16.3112268403881,162.427611230013,-339.664256158721));
#10877=CARTESIAN_POINT('',(-16.8112268403881,162.427611230013,-339.664256158721));
#10878=CARTESIAN_POINT('Origin',(-16.3112268403881,162.427611230013,-335.164256158721));
#10879=CARTESIAN_POINT('Origin',(-16.5612268403881,162.427611230013,-335.164256158721));
#10880=CARTESIAN_POINT('',(-16.5612268403881,162.427611230013,-339.914256158721));
#10881=CARTESIAN_POINT('Origin',(-38.8112268404206,8.88515865917754,-358.893729120868));
#10882=CARTESIAN_POINT('',(-38.8112268404207,15.5053302127623,-362.430205041108));
#10883=CARTESIAN_POINT('',(-38.8112268404207,15.2579224227701,-354.928730338173));
#10884=CARTESIAN_POINT('',(-38.8112268404207,15.4482361073795,-360.699095494277));
#10885=CARTESIAN_POINT('',(-38.8112268404205,8.63775086918524,-351.392254417932));
#10886=CARTESIAN_POINT('',(-38.8112268404206,13.730190525789,-354.112620510425));
#10887=CARTESIAN_POINT('',(-38.8112268404205,2.26498710559277,-355.357253200627));
#10888=CARTESIAN_POINT('',(-38.8112268404205,7.16711307758704,-352.307254137016));
#10889=CARTESIAN_POINT('',(-38.8112268404205,2.51239489558498,-362.858727903563));
#10890=CARTESIAN_POINT('',(-38.8112268404205,2.32208121097559,-357.088362747459));
#10891=CARTESIAN_POINT('',(-38.8112268404207,9.13256644916971,-366.395203823804));
#10892=CARTESIAN_POINT('',(-38.8112268404206,4.04012679256607,-363.674837731311));
#10893=CARTESIAN_POINT('',(-38.8112268404207,10.603204240768,-365.48020410472));
#10894=CARTESIAN_POINT('',(-38.8112268404206,8.32079345822884,-362.853715474374));
#10895=CARTESIAN_POINT('Origin',(-38.8112268404206,8.8851586591776,-358.893729120868));
#10896=CARTESIAN_POINT('Origin',(-13.8265065495643,79.5770471199526,-373.923928914672));
#10897=CARTESIAN_POINT('',(-15.3107731635715,88.239496109094,-336.912076323454));
#10898=CARTESIAN_POINT('',(-19.0659508879475,86.4171201670123,-337.206558229639));
#10899=CARTESIAN_POINT('Ctrl Pts',(-15.3101034815072,88.2360215738352,-336.91259337452));
#10900=CARTESIAN_POINT('Ctrl Pts',(-16.6946367223079,87.9691346303422,-336.955484523914));
#10901=CARTESIAN_POINT('Ctrl Pts',(-18.0080581460742,87.3374007927748,-337.057200294105));
#10902=CARTESIAN_POINT('Ctrl Pts',(-19.0659508884352,86.4171201666952,-337.206558224742));
#10903=CARTESIAN_POINT('',(-13.8265065495586,88.3789090947471,-336.889653748863));
#10904=CARTESIAN_POINT('Ctrl Pts',(-13.8265065495586,88.3806702412709,-336.891177846433));
#10905=CARTESIAN_POINT('Ctrl Pts',(-14.3245818899146,88.3806702412712,-336.891177846433));
#10906=CARTESIAN_POINT('Ctrl Pts',(-14.8219033037173,88.3319185557273,-336.898989447242));
#10907=CARTESIAN_POINT('Ctrl Pts',(-15.3103759084299,88.2377638987203,-336.914121782903));
#10908=CARTESIAN_POINT('',(-13.8265065495585,88.4464121047445,-333.764730621332));
#10909=CARTESIAN_POINT('',(-13.8265065495595,87.5751812746421,-374.096700566252));
#10910=CARTESIAN_POINT('',(-15.3107731595786,88.3069519266868,-333.789337948117));
#10911=CARTESIAN_POINT('Ctrl Pts',(-15.3103199364065,88.3047073719792,-333.789800303472));
#10912=CARTESIAN_POINT('Ctrl Pts',(-14.8211710956944,88.3984067115354,-333.773249967086));
#10913=CARTESIAN_POINT('Ctrl Pts',(-14.3239247171802,88.4464121047448,-333.764730621332));
#10914=CARTESIAN_POINT('Ctrl Pts',(-13.8265065495586,88.4464121047445,-333.764730621332));
#10915=CARTESIAN_POINT('',(-18.877340906456,86.6431181789873,-334.080964148517));
#10916=CARTESIAN_POINT('Ctrl Pts',(-18.877340906456,86.6431181789874,-334.080964148517));
#10917=CARTESIAN_POINT('Ctrl Pts',(-17.8430528092481,87.4885423740076,-333.933680939984));
#10918=CARTESIAN_POINT('Ctrl Pts',(-16.6050525702002,88.0566937152125,-333.833607543388));
#10919=CARTESIAN_POINT('Ctrl Pts',(-15.3103199364065,88.3047073719792,-333.789800303473));
#10920=CARTESIAN_POINT('',(-19.0659508568972,86.4840514496892,-334.108103374237));
#10921=CARTESIAN_POINT('Ctrl Pts',(-19.0659508568972,86.4840514496892,-334.108103374237));
#10922=CARTESIAN_POINT('Ctrl Pts',(-19.0039086767936,86.5380288273827,-334.099078787666));
#10923=CARTESIAN_POINT('Ctrl Pts',(-18.9410388538561,86.5910516551141,-334.090034772162));
#10924=CARTESIAN_POINT('Ctrl Pts',(-18.877340906456,86.6431181789874,-334.080964148517));
#10925=CARTESIAN_POINT('',(-19.0659508568981,85.6211497833476,-374.054490565586));
#10926=CARTESIAN_POINT('Origin',(-44.8107731596372,8.88515865917752,-358.893729120868));
#10927=CARTESIAN_POINT('',(-45.8107731596372,8.32079345822874,-362.853715474374));
#10928=CARTESIAN_POINT('Origin',(-45.8107731596372,8.88515865917751,-358.893729120868));
#10929=CARTESIAN_POINT('',(-44.8107731596372,8.32079345822875,-362.853715474374));
#10930=CARTESIAN_POINT('Ctrl Pts',(-28.8640909266608,77.9595620401348,-335.533329940272));
#10931=CARTESIAN_POINT('Ctrl Pts',(-28.9261105657481,77.9056042733729,-335.542351248053));
#10932=CARTESIAN_POINT('Ctrl Pts',(-28.9881319681572,77.8516408992458,-335.551561375942));
#10933=CARTESIAN_POINT('Ctrl Pts',(-29.0502174669717,77.7976178447215,-335.560962102685));
#10934=CARTESIAN_POINT('Ctrl Pts',(-29.367139421863,78.4132060691473,-334.788286364636));
#10935=CARTESIAN_POINT('Ctrl Pts',(-29.4352359736182,78.3539613216614,-334.79819161338));
#10936=CARTESIAN_POINT('Ctrl Pts',(-29.5029595219834,78.2942884770959,-334.808293691606));
#10937=CARTESIAN_POINT('Ctrl Pts',(-29.5703384434999,78.2341638354728,-334.818591720537));
#10938=CARTESIAN_POINT('Ctrl Pts',(-29.8701879170652,78.8668500981598,-334.043242789001));
#10939=CARTESIAN_POINT('Ctrl Pts',(-29.9443613814884,78.8023183699498,-334.054031978708));
#10940=CARTESIAN_POINT('Ctrl Pts',(-30.0177870758095,78.736936054946,-334.06502600727));
#10941=CARTESIAN_POINT('Ctrl Pts',(-30.0904594200281,78.6707098262242,-334.076221338389));
#10942=CARTESIAN_POINT('Ctrl Pts',(-30.3732364122675,79.3204941271723,-333.298199213365));
#10943=CARTESIAN_POINT('Ctrl Pts',(-30.4534867893585,79.2506754182383,-333.309872344035));
#10944=CARTESIAN_POINT('Ctrl Pts',(-30.5326146296357,79.1795836327961,-333.321758322933));
#10945=CARTESIAN_POINT('Ctrl Pts',(-30.6105803965563,79.1072558169756,-333.333850956242));
#10946=CARTESIAN_POINT('',(-29.0502174669717,77.7976178447213,-335.560962102684));
#10947=CARTESIAN_POINT('',(-30.6105803965562,79.1072558169755,-333.333850956241));
#10948=CARTESIAN_POINT('',(-29.0502174669717,77.7976178447213,-335.560962102684));
#10949=CARTESIAN_POINT('',(-28.8640909266607,77.9595620401346,-335.533329940272));
#10950=CARTESIAN_POINT('Ctrl Pts',(-29.0502174669717,77.7976178447215,-335.560962102685));
#10951=CARTESIAN_POINT('Ctrl Pts',(-28.9881319681572,77.8516408992458,-335.551561375942));
#10952=CARTESIAN_POINT('Ctrl Pts',(-28.9261105657481,77.9056042733729,-335.542351248053));
#10953=CARTESIAN_POINT('Ctrl Pts',(-28.8640909266608,77.9595620401348,-335.533329940272));
#10954=CARTESIAN_POINT('',(-30.3732364122674,79.3204941271721,-333.298199213364));
#10955=CARTESIAN_POINT('',(-30.3732364122674,79.3204941271721,-333.298199213364));
#10956=CARTESIAN_POINT('Ctrl Pts',(-30.3732364122675,79.3204941271723,-333.298199213365));
#10957=CARTESIAN_POINT('Ctrl Pts',(-30.4534867893585,79.2506754182383,-333.309872344035));
#10958=CARTESIAN_POINT('Ctrl Pts',(-30.5326146296357,79.1795836327961,-333.321758322933));
#10959=CARTESIAN_POINT('Ctrl Pts',(-30.6105803965563,79.1072558169756,-333.333850956242));
#10960=CARTESIAN_POINT('Origin',(-30.4106379743295,77.9510017453488,-334.530964279096));
#10961=CARTESIAN_POINT('',(-20.5750963425039,87.8449835367267,-331.872972647329));
#10962=CARTESIAN_POINT('',(-19.0659508568972,86.4840514496892,-334.108103374237));
#10963=CARTESIAN_POINT('',(-31.1652107171328,78.6314677888676,-333.413398915642));
#10964=CARTESIAN_POINT('',(-29.6560652315261,77.2705357018301,-335.64852964255));
#10965=CARTESIAN_POINT('Ctrl Pts',(-18.877340906456,86.6431181789874,-334.080964148517));
#10966=CARTESIAN_POINT('Ctrl Pts',(-18.9410388538561,86.5910516551141,-334.090034772162));
#10967=CARTESIAN_POINT('Ctrl Pts',(-19.0039086767936,86.5380288273827,-334.099078787666));
#10968=CARTESIAN_POINT('Ctrl Pts',(-19.0659508568972,86.4840514496892,-334.108103374237));
#10969=CARTESIAN_POINT('Ctrl Pts',(-19.381217205035,87.097717342594,-333.335942394883));
#10970=CARTESIAN_POINT('Ctrl Pts',(-19.4443632300029,87.0450138674473,-333.344997672837));
#10971=CARTESIAN_POINT('Ctrl Pts',(-19.5069571719958,86.9916728563953,-333.354035212029));
#10972=CARTESIAN_POINT('Ctrl Pts',(-19.5689993520995,86.9376954787018,-333.363059798601));
#10973=CARTESIAN_POINT('Ctrl Pts',(-19.885093503614,87.5523165062006,-332.590920641249));
#10974=CARTESIAN_POINT('Ctrl Pts',(-19.9476876061498,87.4989760797805,-332.599960573512));
#10975=CARTESIAN_POINT('Ctrl Pts',(-20.010005667198,87.4453168854077,-332.608991636394));
#10976=CARTESIAN_POINT('Ctrl Pts',(-20.0720478473017,87.3913395077142,-332.618016222965));
#10977=CARTESIAN_POINT('Ctrl Pts',(-20.3889698021929,88.0069156698072,-331.845898887615));
#10978=CARTESIAN_POINT('Ctrl Pts',(-20.4510119822966,87.9529382921137,-331.854923474186));
#10979=CARTESIAN_POINT('Ctrl Pts',(-20.5130541624003,87.8989609144203,-331.863948060757));
#10980=CARTESIAN_POINT('Ctrl Pts',(-20.5750963425039,87.8449835367268,-331.872972647329));
#10981=CARTESIAN_POINT('',(-20.3889698021929,88.0069156698072,-331.845898887615));
#10982=CARTESIAN_POINT('',(-20.3889698021929,88.0069156698072,-331.845898887615));
#10983=CARTESIAN_POINT('Ctrl Pts',(-20.3889698021929,88.0069156698072,-331.845898887615));
#10984=CARTESIAN_POINT('Ctrl Pts',(-20.4510119822966,87.9529382921137,-331.854923474186));
#10985=CARTESIAN_POINT('Ctrl Pts',(-20.5130541624003,87.8989609144203,-331.863948060757));
#10986=CARTESIAN_POINT('Ctrl Pts',(-20.5750963425039,87.8449835367268,-331.872972647329));
#10987=CARTESIAN_POINT('Ctrl Pts',(-13.8265065495586,88.4464121047445,-333.764730621332));
#10988=CARTESIAN_POINT('Ctrl Pts',(-15.6405455095836,88.4464121047456,-333.764730621332));
#10989=CARTESIAN_POINT('Ctrl Pts',(-17.4522996834625,87.8079428850555,-333.878037474429));
#10990=CARTESIAN_POINT('Ctrl Pts',(-18.877340906456,86.6431181789874,-334.080964148517));
#10991=CARTESIAN_POINT('Ctrl Pts',(-13.826506549558,89.1183495887598,-332.988284029544));
#10992=CARTESIAN_POINT('Ctrl Pts',(-15.8321234224611,89.1183495887611,-332.988284029544));
#10993=CARTESIAN_POINT('Ctrl Pts',(-17.8322325652822,88.3953664483154,-333.113534302935));
#10994=CARTESIAN_POINT('Ctrl Pts',(-19.381217205035,87.097717342594,-333.335942394883));
#10995=CARTESIAN_POINT('Ctrl Pts',(-13.8265065495575,89.7902870727751,-332.211837437756));
#10996=CARTESIAN_POINT('Ctrl Pts',(-16.0237013353387,89.7902870727765,-332.211837437756));
#10997=CARTESIAN_POINT('Ctrl Pts',(-18.2121654471018,88.9827900115754,-332.349031131441));
#10998=CARTESIAN_POINT('Ctrl Pts',(-19.885093503614,87.5523165062006,-332.590920641249));
#10999=CARTESIAN_POINT('Ctrl Pts',(-13.826506549557,90.4622245567904,-331.435390845968));
#11000=CARTESIAN_POINT('Ctrl Pts',(-16.2152792482162,90.4622245567919,-331.435390845968));
#11001=CARTESIAN_POINT('Ctrl Pts',(-18.5920983289215,89.5702135748353,-331.584527959946));
#11002=CARTESIAN_POINT('Ctrl Pts',(-20.388969802193,88.0069156698073,-331.845898887615));
#11003=CARTESIAN_POINT('',(-13.826506549557,90.4622245567903,-331.435390845968));
#11004=CARTESIAN_POINT('',(-13.8265065495585,88.4464121047445,-333.764730621332));
#11005=CARTESIAN_POINT('Ctrl Pts',(-13.826506549557,90.4622245567904,-331.435390845968));
#11006=CARTESIAN_POINT('Ctrl Pts',(-16.2152792482162,90.4622245567919,-331.435390845968));
#11007=CARTESIAN_POINT('Ctrl Pts',(-18.5920983289215,89.5702135748353,-331.584527959946));
#11008=CARTESIAN_POINT('Ctrl Pts',(-20.388969802193,88.0069156698073,-331.845898887615));
#11009=CARTESIAN_POINT('Ctrl Pts',(-19.0659508884352,86.4171201666952,-337.206558224742));
#11010=CARTESIAN_POINT('Ctrl Pts',(-17.6348956055922,87.6620218461509,-337.004515572293));
#11011=CARTESIAN_POINT('Ctrl Pts',(-15.7362460307597,88.3789090947483,-336.889653748862));
#11012=CARTESIAN_POINT('Ctrl Pts',(-13.8265065495586,88.3789090947471,-336.889653748863));
#11013=CARTESIAN_POINT('Ctrl Pts',(-19.3405995015355,86.819528987082,-337.637733159764));
#11014=CARTESIAN_POINT('Ctrl Pts',(-17.8251856267693,88.1162275072859,-337.424998832938));
#11015=CARTESIAN_POINT('Ctrl Pts',(-15.831105885679,88.8580500402685,-337.304302695521));
#11016=CARTESIAN_POINT('Ctrl Pts',(-13.8265065495583,88.8580500402673,-337.304302695521));
#11017=CARTESIAN_POINT('Ctrl Pts',(-19.6152481146358,87.2219378074689,-338.068908094787));
#11018=CARTESIAN_POINT('Ctrl Pts',(-18.0154756479464,88.570433168421,-337.845482093583));
#11019=CARTESIAN_POINT('Ctrl Pts',(-15.9259657405983,89.3371909857888,-337.71895164218));
#11020=CARTESIAN_POINT('Ctrl Pts',(-13.8265065495581,89.3371909857875,-337.71895164218));
#11021=CARTESIAN_POINT('Ctrl Pts',(-19.8898967277362,87.6243466278557,-338.500083029809));
#11022=CARTESIAN_POINT('Ctrl Pts',(-18.2057656691235,89.0246388295561,-338.265965354228));
#11023=CARTESIAN_POINT('Ctrl Pts',(-16.0208255955175,89.816331931309,-338.133600588838));
#11024=CARTESIAN_POINT('Ctrl Pts',(-13.8265065495579,89.8163319313077,-338.133600588839));
#11025=CARTESIAN_POINT('',(-19.8898967276883,87.6243466278955,-338.500083029802));
#11026=CARTESIAN_POINT('',(-15.3107731595778,89.6994170799961,-338.153147818479));
#11027=CARTESIAN_POINT('Ctrl Pts',(-19.8898967277362,87.6243466278557,-338.500083029809));
#11028=CARTESIAN_POINT('Ctrl Pts',(-18.5872000496255,88.7074903595805,-338.318990046157));
#11029=CARTESIAN_POINT('Ctrl Pts',(-16.9848584103296,89.426495970342,-338.198778048892));
#11030=CARTESIAN_POINT('Ctrl Pts',(-15.3103103003656,89.6966258173823,-338.153614495301));
#11031=CARTESIAN_POINT('',(-13.8265065495579,89.8163319313077,-338.133600588839));
#11032=CARTESIAN_POINT('Ctrl Pts',(-15.3103103003656,89.6966258173823,-338.153614495301));
#11033=CARTESIAN_POINT('Ctrl Pts',(-14.8199964524242,89.7757208305133,-338.140390440635));
#11034=CARTESIAN_POINT('Ctrl Pts',(-14.3234920553111,89.816331931308,-338.133600588839));
#11035=CARTESIAN_POINT('Ctrl Pts',(-13.8265065495579,89.8163319313077,-338.133600588839));
#11036=CARTESIAN_POINT('',(-13.8265065495579,89.8163319313077,-338.133600588839));
#11037=CARTESIAN_POINT('',(-19.0659508879475,86.4171201670123,-337.206558229639));
#11038=CARTESIAN_POINT('Ctrl Pts',(-19.2046151294289,86.2964871269418,-337.22643319372));
#11039=CARTESIAN_POINT('Ctrl Pts',(-19.1584019740797,86.3366930793523,-337.219711079499));
#11040=CARTESIAN_POINT('Ctrl Pts',(-19.1121881812512,86.3768974837808,-337.213086208224));
#11041=CARTESIAN_POINT('Ctrl Pts',(-19.0659508883945,86.4171201667306,-337.206558224737));
#11042=CARTESIAN_POINT('Ctrl Pts',(-19.4869434100002,86.6932611933345,-337.658648185314));
#11043=CARTESIAN_POINT('Ctrl Pts',(-19.4383401146629,86.7355465937698,-337.651578403986));
#11044=CARTESIAN_POINT('Ctrl Pts',(-19.3895624142831,86.7776327519101,-337.64460659047));
#11045=CARTESIAN_POINT('Ctrl Pts',(-19.3405995014924,86.8195289871189,-337.637733159758));
#11046=CARTESIAN_POINT('Ctrl Pts',(-19.7692716905714,87.0900352597272,-338.090863176908));
#11047=CARTESIAN_POINT('Ctrl Pts',(-19.7182782552461,87.1344001081874,-338.083445728473));
#11048=CARTESIAN_POINT('Ctrl Pts',(-19.6669366473149,87.1783680200395,-338.076126972716));
#11049=CARTESIAN_POINT('Ctrl Pts',(-19.6152481145903,87.2219378075072,-338.06890809478));
#11050=CARTESIAN_POINT('Ctrl Pts',(-20.0515999711426,87.4868093261199,-338.523078168501));
#11051=CARTESIAN_POINT('Ctrl Pts',(-19.9982163958293,87.533253622605,-338.51531305296));
#11052=CARTESIAN_POINT('Ctrl Pts',(-19.9443108803468,87.5791032881689,-338.507647354962));
#11053=CARTESIAN_POINT('Ctrl Pts',(-19.8898967276883,87.6243466278955,-338.500083029802));
#11054=CARTESIAN_POINT('',(-19.204615129429,86.2964871269418,-337.22643319372));
#11055=CARTESIAN_POINT('Ctrl Pts',(-19.0659508883945,86.4171201667306,-337.206558224737));
#11056=CARTESIAN_POINT('Ctrl Pts',(-19.1121881812512,86.3768974837808,-337.213086208224));
#11057=CARTESIAN_POINT('Ctrl Pts',(-19.1584019740797,86.3366930793523,-337.219711079499));
#11058=CARTESIAN_POINT('Ctrl Pts',(-19.2046151294289,86.2964871269418,-337.22643319372));
#11059=CARTESIAN_POINT('',(-20.0515999711426,87.4868093261199,-338.523078168501));
#11060=CARTESIAN_POINT('',(-20.0515999711426,87.4868093261199,-338.523078168501));
#11061=CARTESIAN_POINT('Ctrl Pts',(-20.0515999711426,87.4868093261199,-338.523078168501));
#11062=CARTESIAN_POINT('Ctrl Pts',(-19.9982163958293,87.533253622605,-338.51531305296));
#11063=CARTESIAN_POINT('Ctrl Pts',(-19.9443108803468,87.5791032881689,-338.507647354962));
#11064=CARTESIAN_POINT('Ctrl Pts',(-19.8898967276883,87.6243466278955,-338.500083029802));
#11065=CARTESIAN_POINT('Origin',(-38.6468044470675,70.3451731684277,-340.641194196551));
#11066=CARTESIAN_POINT('',(-29.0502174669717,77.7307050234518,-338.658563568483));
#11067=CARTESIAN_POINT('',(-29.8972023086854,78.9210272226299,-339.955208543264));
#11068=CARTESIAN_POINT('',(-29.0502174669717,77.7307050234518,-338.658563568483));
#11069=CARTESIAN_POINT('',(-39.0702968679243,70.9403342680167,-341.289516683941));
#11070=CARTESIAN_POINT('',(-38.2233120262107,69.7500120688386,-339.99287170916));
#11071=CARTESIAN_POINT('Origin',(30.8107731595795,2.25777291275576,-362.722709598939));
#11072=CARTESIAN_POINT('',(-32.8107731596371,2.51239489558506,-362.858727903563));
#11073=CARTESIAN_POINT('',(-32.8107731596373,9.13256644916982,-366.395203823804));
#11074=CARTESIAN_POINT('',(-32.8107731596372,9.04784601543314,-366.349946420512));
#11075=CARTESIAN_POINT('',(30.8107731595793,9.13256644917069,-366.395203823804));
#11076=CARTESIAN_POINT('',(30.8107731595795,2.51239489558594,-362.858727903564));
#11077=CARTESIAN_POINT('Origin',(30.8107731595795,2.25547142136326,-355.068734942823));
#11078=CARTESIAN_POINT('',(-32.8107731596371,2.26498710559286,-355.357253200627));
#11079=CARTESIAN_POINT('',(-32.810773159637,2.13081136866156,-351.289006617246));
#11080=CARTESIAN_POINT('',(30.8107731595795,2.26498710559372,-355.357253200628));
#11081=CARTESIAN_POINT('Origin',(30.8107731595794,8.88285716778599,-351.239754464752));
#11082=CARTESIAN_POINT('',(-32.8107731596371,8.63775086918533,-351.392254417932));
#11083=CARTESIAN_POINT('',(-32.8107731596372,17.7723116300524,-345.708923975933));
#11084=CARTESIAN_POINT('',(30.8107731595794,8.63775086918617,-351.392254417933));
#11085=CARTESIAN_POINT('Origin',(30.8107731595793,15.5125444056012,-355.064748642798));
#11086=CARTESIAN_POINT('',(-32.8107731596373,15.2579224227702,-354.928730338173));
#11087=CARTESIAN_POINT('',(-32.8107731596374,20.5202636284674,-357.739857331998));
#11088=CARTESIAN_POINT('',(30.8107731595793,15.257922422771,-354.928730338173));
#11089=CARTESIAN_POINT('Origin',(30.8107731595793,15.5148458969937,-362.718723298914));
#11090=CARTESIAN_POINT('',(-32.8107731596374,15.5053302127623,-362.430205041108));
#11091=CARTESIAN_POINT('',(-32.8107731596373,15.3235760546787,-356.919367168701));
#11092=CARTESIAN_POINT('',(30.8107731595793,15.5053302127632,-362.430205041109));
#11093=CARTESIAN_POINT('Origin',(30.8107731595793,8.88746015057096,-366.547703776985));
#11094=CARTESIAN_POINT('',(-32.8107731596374,19.4926587030354,-359.949373615902));
#11095=CARTESIAN_POINT('Origin',(-31.8107731596374,22.7055847566262,-363.693320763105));
#11096=CARTESIAN_POINT('',(-33.3007731596374,22.6515936155074,-366.192737686446));
#11097=CARTESIAN_POINT('',(-33.3007731596374,20.3439446843362,-362.873164577398));
#11098=CARTESIAN_POINT('Origin',(-33.3007731596374,22.7055847566261,-363.693320763105));
#11099=CARTESIAN_POINT('',(-31.8107731596375,22.6515936155074,-366.192737686446));
#11100=CARTESIAN_POINT('',(-31.8107731596374,20.3439446843362,-362.873164577398));
#11101=CARTESIAN_POINT('Origin',(-31.8107731596372,8.8851586591777,-358.893729120868));
#11102=CARTESIAN_POINT('',(-33.3007731596373,19.6012042078306,-353.209887856173));
#11103=CARTESIAN_POINT('Origin',(-33.3007731596372,8.88515865917768,-358.893729120868));
#11104=CARTESIAN_POINT('',(-31.8107731596373,19.6012042078306,-353.209887856173));
#11105=CARTESIAN_POINT('Origin',(-31.8107731596373,21.8097664873442,-352.038455972746));
#11106=CARTESIAN_POINT('',(-33.3007731596373,21.3975086914803,-349.572681548807));
#11107=CARTESIAN_POINT('Origin',(-33.3007731596373,21.8097664873442,-352.038455972746));
#11108=CARTESIAN_POINT('',(-31.8107731596373,21.3975086914803,-349.572681548807));
#11109=CARTESIAN_POINT('Ctrl Pts',(-31.8107731596379,71.6621893423995,-339.658154563788));
#11110=CARTESIAN_POINT('Ctrl Pts',(-31.8107731633285,72.606387671714,-339.50039876731));
#11111=CARTESIAN_POINT('Ctrl Pts',(-31.4203787406834,74.8237434776526,-339.132559470208));
#11112=CARTESIAN_POINT('Ctrl Pts',(-30.1392259390418,76.7413946524076,-338.819506477715));
#11113=CARTESIAN_POINT('Ctrl Pts',(-29.1875032039724,77.6084755849453,-338.678700648559));
#11114=CARTESIAN_POINT('Ctrl Pts',(-32.3055502684957,71.7607159544024,-340.145239606048));
#11115=CARTESIAN_POINT('Ctrl Pts',(-32.2927470713173,72.7608528839364,-339.978095780487));
#11116=CARTESIAN_POINT('Ctrl Pts',(-31.8495695285117,75.0988971936637,-339.58911669941));
#11117=CARTESIAN_POINT('Ctrl Pts',(-30.4787671660411,77.1023465097088,-339.259197951889));
#11118=CARTESIAN_POINT('Ctrl Pts',(-29.4702909963873,78.0057796511252,-339.110926597123));
#11119=CARTESIAN_POINT('Ctrl Pts',(-32.8003273773535,71.8592425664054,-340.632324648308));
#11120=CARTESIAN_POINT('Ctrl Pts',(-32.7747209793062,72.9153180961588,-340.455792793665));
#11121=CARTESIAN_POINT('Ctrl Pts',(-32.27876031634,75.3740509096748,-340.045673928612));
#11122=CARTESIAN_POINT('Ctrl Pts',(-30.8183083930403,77.4632983670099,-339.698889426063));
#11123=CARTESIAN_POINT('Ctrl Pts',(-29.7530787888022,78.403083717305,-339.543152545687));
#11124=CARTESIAN_POINT('Ctrl Pts',(-33.2951044862113,71.9577691784084,-341.119409690568));
#11125=CARTESIAN_POINT('Ctrl Pts',(-33.256694887295,73.0697833083812,-340.933489806842));
#11126=CARTESIAN_POINT('Ctrl Pts',(-32.7079511041683,75.649204625686,-340.502231157814));
#11127=CARTESIAN_POINT('Ctrl Pts',(-31.1578496200395,77.8242502243111,-340.138580900237));
#11128=CARTESIAN_POINT('Ctrl Pts',(-30.035866581217,78.8003877834849,-339.975378494251));
#11129=CARTESIAN_POINT('',(-31.8107731596379,71.6621893434218,-339.658154569323));
#11130=CARTESIAN_POINT('',(-33.2951044862075,71.9577691785201,-341.119409690549));
#11131=CARTESIAN_POINT('',(-31.8107731596379,71.6621893434218,-339.658154569323));
#11132=CARTESIAN_POINT('',(-30.0358665812171,78.8003877834849,-339.975378494251));
#11133=CARTESIAN_POINT('Ctrl Pts',(-33.2951044862113,71.9577691784084,-341.119409690568));
#11134=CARTESIAN_POINT('Ctrl Pts',(-33.256694887295,73.0697833083812,-340.933489806842));
#11135=CARTESIAN_POINT('Ctrl Pts',(-32.7079511041683,75.649204625686,-340.502231157814));
#11136=CARTESIAN_POINT('Ctrl Pts',(-31.1578496200395,77.8242502243111,-340.138580900237));
#11137=CARTESIAN_POINT('Ctrl Pts',(-30.035866581217,78.8003877834849,-339.975378494251));
#11138=CARTESIAN_POINT('',(-29.1875032039724,77.6084755849453,-338.678700648559));
#11139=CARTESIAN_POINT('',(-30.0358665812171,78.8003877834849,-339.975378494251));
#11140=CARTESIAN_POINT('Ctrl Pts',(-29.1875032039724,77.6084755849453,-338.678700648559));
#11141=CARTESIAN_POINT('Ctrl Pts',(-30.1392259390418,76.7413946524076,-338.819506477715));
#11142=CARTESIAN_POINT('Ctrl Pts',(-31.4203787406834,74.8237434776526,-339.132559470208));
#11143=CARTESIAN_POINT('Ctrl Pts',(-31.8107731633285,72.606387671714,-339.50039876731));
#11144=CARTESIAN_POINT('Ctrl Pts',(-31.8107731596379,71.6621893423995,-339.658154563788));
#11145=CARTESIAN_POINT('Ctrl Pts',(-29.1875032039724,77.6084755849453,-338.678700648559));
#11146=CARTESIAN_POINT('Ctrl Pts',(-29.1422010138846,77.6497488085218,-338.671998263292));
#11147=CARTESIAN_POINT('Ctrl Pts',(-29.0964388911489,77.6904918770701,-338.665286885479));
#11148=CARTESIAN_POINT('Ctrl Pts',(-29.0502174669717,77.7307050234518,-338.658563568483));
#11149=CARTESIAN_POINT('Ctrl Pts',(-29.4702909963873,78.0057796511251,-339.110926597123));
#11150=CARTESIAN_POINT('Ctrl Pts',(-29.4246823949363,78.0466995156367,-339.104217234613));
#11151=CARTESIAN_POINT('Ctrl Pts',(-29.3787671717201,78.0872659434628,-339.097501877072));
#11152=CARTESIAN_POINT('Ctrl Pts',(-29.3325457475429,78.1274790898445,-339.090778560077));
#11153=CARTESIAN_POINT('Ctrl Pts',(-29.7530787888022,78.403083717305,-339.543152545687));
#11154=CARTESIAN_POINT('Ctrl Pts',(-29.7071637759881,78.4436502227516,-339.536436205934));
#11155=CARTESIAN_POINT('Ctrl Pts',(-29.6610954522913,78.4840400098555,-339.529716868666));
#11156=CARTESIAN_POINT('Ctrl Pts',(-29.6148740281141,78.5242531562372,-339.52299355167));
#11157=CARTESIAN_POINT('Ctrl Pts',(-30.0358665812171,78.8003877834849,-339.975378494251));
#11158=CARTESIAN_POINT('Ctrl Pts',(-29.9896451570398,78.8406009298666,-339.968655177255));
#11159=CARTESIAN_POINT('Ctrl Pts',(-29.9434237328626,78.8808140762482,-339.96193186026));
#11160=CARTESIAN_POINT('Ctrl Pts',(-29.8972023086853,78.9210272226299,-339.955208543264));
#11161=CARTESIAN_POINT('Ctrl Pts',(-29.0502174669717,77.7307050234518,-338.658563568483));
#11162=CARTESIAN_POINT('Ctrl Pts',(-29.0964388911489,77.6904918770701,-338.665286885479));
#11163=CARTESIAN_POINT('Ctrl Pts',(-29.1422010138846,77.6497488085218,-338.671998263292));
#11164=CARTESIAN_POINT('Ctrl Pts',(-29.1875032039724,77.6084755849453,-338.678700648559));
#11165=CARTESIAN_POINT('Ctrl Pts',(-30.0358665812171,78.8003877834849,-339.975378494251));
#11166=CARTESIAN_POINT('Ctrl Pts',(-29.9896451570398,78.8406009298666,-339.968655177255));
#11167=CARTESIAN_POINT('Ctrl Pts',(-29.9434237328626,78.8808140762482,-339.96193186026));
#11168=CARTESIAN_POINT('Ctrl Pts',(-29.8972023086853,78.9210272226299,-339.955208543264));
#11169=CARTESIAN_POINT('Origin',(-31.8107731595866,74.5782132733009,-373.815946632434));
#11170=CARTESIAN_POINT('',(-29.0502174669718,77.3473015560447,-356.407495986811));
#11171=CARTESIAN_POINT('Ctrl Pts',(-29.0502174669717,77.7976178447215,-335.560962102685));
#11172=CARTESIAN_POINT('Ctrl Pts',(-29.7383715771929,77.1988276646077,-335.6651595219));
#11173=CARTESIAN_POINT('Ctrl Pts',(-31.115561319325,75.5153120720006,-335.956562192821));
#11174=CARTESIAN_POINT('Ctrl Pts',(-31.7436088646466,73.3624630902311,-336.321818823621));
#11175=CARTESIAN_POINT('Ctrl Pts',(-31.8021042314731,72.1021160616186,-336.53279585141));
#11176=CARTESIAN_POINT('Ctrl Pts',(-29.5703384434999,78.2341638354728,-334.818591720537));
#11177=CARTESIAN_POINT('Ctrl Pts',(-30.3171647180605,77.5677438171355,-334.932734814683));
#11178=CARTESIAN_POINT('Ctrl Pts',(-31.7954068523715,75.7026975197218,-335.251177201441));
#11179=CARTESIAN_POINT('Ctrl Pts',(-32.4326636296438,73.3544809971477,-335.647325235053));
#11180=CARTESIAN_POINT('Ctrl Pts',(-32.4716605408614,71.9921816821032,-335.875262181846));
#11181=CARTESIAN_POINT('Ctrl Pts',(-30.0904594200281,78.6707098262242,-334.076221338389));
#11182=CARTESIAN_POINT('Ctrl Pts',(-30.8959578589281,77.9366599696633,-334.200310107466));
#11183=CARTESIAN_POINT('Ctrl Pts',(-32.475252385418,75.8900829674431,-334.54579221006));
#11184=CARTESIAN_POINT('Ctrl Pts',(-33.1217183946409,73.3464989040644,-334.972831646484));
#11185=CARTESIAN_POINT('Ctrl Pts',(-33.1412168502497,71.8822473025878,-335.217728512282));
#11186=CARTESIAN_POINT('Ctrl Pts',(-30.6105803965563,79.1072558169756,-333.333850956242));
#11187=CARTESIAN_POINT('Ctrl Pts',(-31.4747509997957,78.305576122191,-333.467885400249));
#11188=CARTESIAN_POINT('Ctrl Pts',(-33.1550979184645,76.0774684151644,-333.84040721868));
#11189=CARTESIAN_POINT('Ctrl Pts',(-33.810773159638,73.338516810981,-334.298338057915));
#11190=CARTESIAN_POINT('Ctrl Pts',(-33.810773159638,71.7723129230724,-334.560194842719));
#11191=CARTESIAN_POINT('',(-33.8107731596379,71.7723129230723,-334.560194842718));
#11192=CARTESIAN_POINT('Ctrl Pts',(-30.6105803965563,79.1072558169756,-333.333850956242));
#11193=CARTESIAN_POINT('Ctrl Pts',(-31.4747509997957,78.305576122191,-333.467885400249));
#11194=CARTESIAN_POINT('Ctrl Pts',(-33.1550979184645,76.0774684151644,-333.84040721868));
#11195=CARTESIAN_POINT('Ctrl Pts',(-33.810773159638,73.338516810981,-334.298338057915));
#11196=CARTESIAN_POINT('Ctrl Pts',(-33.810773159638,71.7723129230724,-334.560194842719));
#11197=CARTESIAN_POINT('',(-31.8021042314731,72.1021160616185,-336.532795851409));
#11198=CARTESIAN_POINT('',(-33.8107731596379,71.7723129230723,-334.560194842718));
#11199=CARTESIAN_POINT('Ctrl Pts',(-31.8021042314731,72.1021160616186,-336.53279585141));
#11200=CARTESIAN_POINT('Ctrl Pts',(-31.7436088646466,73.3624630902311,-336.321818823621));
#11201=CARTESIAN_POINT('Ctrl Pts',(-31.115561319325,75.5153120720006,-335.956562192821));
#11202=CARTESIAN_POINT('Ctrl Pts',(-29.7383715771929,77.1988276646077,-335.6651595219));
#11203=CARTESIAN_POINT('Ctrl Pts',(-29.0502174669717,77.7976178447215,-335.560962102685));
#11204=CARTESIAN_POINT('Ctrl Pts',(-31.8021042314731,72.1021160616186,-336.53279585141));
#11205=CARTESIAN_POINT('Ctrl Pts',(-31.8078864885047,71.9775309728532,-336.553650894614));
#11206=CARTESIAN_POINT('Ctrl Pts',(-31.810773159638,71.8529407162261,-336.57447502808));
#11207=CARTESIAN_POINT('Ctrl Pts',(-31.810773159638,71.7283514944574,-336.595305351185));
#11208=CARTESIAN_POINT('Ctrl Pts',(-32.4716605408614,71.9921816821032,-335.875262181846));
#11209=CARTESIAN_POINT('Ctrl Pts',(-32.4755153788825,71.86759521567,-335.896108985017));
#11210=CARTESIAN_POINT('Ctrl Pts',(-32.4774398263046,71.7430053039957,-335.916935181696));
#11211=CARTESIAN_POINT('Ctrl Pts',(-32.4774398263046,71.618416082227,-335.937765504801));
#11212=CARTESIAN_POINT('Ctrl Pts',(-33.1412168502497,71.8822473025878,-335.217728512282));
#11213=CARTESIAN_POINT('Ctrl Pts',(-33.1431442692602,71.7576594584869,-335.238567075421));
#11214=CARTESIAN_POINT('Ctrl Pts',(-33.1441064929713,71.6330698917653,-335.259395335312));
#11215=CARTESIAN_POINT('Ctrl Pts',(-33.1441064929713,71.5084806699966,-335.280225658417));
#11216=CARTESIAN_POINT('Ctrl Pts',(-33.810773159638,71.7723129230724,-334.560194842719));
#11217=CARTESIAN_POINT('Ctrl Pts',(-33.810773159638,71.6477237013037,-334.581025165824));
#11218=CARTESIAN_POINT('Ctrl Pts',(-33.810773159638,71.523134479535,-334.601855488929));
#11219=CARTESIAN_POINT('Ctrl Pts',(-33.810773159638,71.3985452577662,-334.622685812034));
#11220=CARTESIAN_POINT('',(-31.8107731596379,71.7283514944572,-336.595305351184));
#11221=CARTESIAN_POINT('',(-33.8107731596379,71.3985452577661,-334.622685812033));
#11222=CARTESIAN_POINT('',(-31.8107731596379,71.7283514944572,-336.595305351184));
#11223=CARTESIAN_POINT('Ctrl Pts',(-31.810773159638,71.7283514944574,-336.595305351185));
#11224=CARTESIAN_POINT('Ctrl Pts',(-31.810773159638,71.8529407162261,-336.57447502808));
#11225=CARTESIAN_POINT('Ctrl Pts',(-31.8078864885047,71.9775309728532,-336.553650894614));
#11226=CARTESIAN_POINT('Ctrl Pts',(-31.8021042314731,72.1021160616186,-336.53279585141));
#11227=CARTESIAN_POINT('Ctrl Pts',(-33.810773159638,71.7723129230724,-334.560194842719));
#11228=CARTESIAN_POINT('Ctrl Pts',(-33.810773159638,71.6477237013037,-334.581025165824));
#11229=CARTESIAN_POINT('Ctrl Pts',(-33.810773159638,71.523134479535,-334.601855488929));
#11230=CARTESIAN_POINT('Ctrl Pts',(-33.810773159638,71.3985452577662,-334.622685812034));
#11231=CARTESIAN_POINT('Origin',(-45.8107731596372,8.88515865917751,-358.893729120868));
#11232=CARTESIAN_POINT('',(-45.8107731596372,8.00333803269505,-365.081207798222));
#11233=CARTESIAN_POINT('Origin',(-45.8107731596372,8.88515865917751,-358.893729120868));
#11234=CARTESIAN_POINT('Origin',(-43.3107731596375,29.720272646265,-358.749486124161));
#11235=CARTESIAN_POINT('',(-43.3107731596376,37.0733098198975,-363.089258263413));
#11236=CARTESIAN_POINT('',(-43.3107731596376,35.5856911809901,-366.472133524883));
#11237=CARTESIAN_POINT('Origin',(-43.3107731596376,35.6288840938852,-364.472599986211));
#11238=CARTESIAN_POINT('',(-43.3107731596374,23.539327217904,-366.211914059045));
#11239=CARTESIAN_POINT('',(-43.3107731596381,69.5896733881635,-367.206670362176));
#11240=CARTESIAN_POINT('',(-43.3107731596374,21.701873480208,-363.53181591975));
#11241=CARTESIAN_POINT('Origin',(-43.3107731596374,23.582520130799,-364.212380520372));
#11242=CARTESIAN_POINT('',(-43.3107731596373,20.8461983362295,-352.358168104278));
#11243=CARTESIAN_POINT('Origin',(-43.3107731596372,8.88515865917755,-358.893729120868));
#11244=CARTESIAN_POINT('',(-43.3107731596373,22.2714821924633,-349.426560157629));
#11245=CARTESIAN_POINT('Origin',(-43.3107731596373,22.6012884291545,-351.399179696779));
#11246=CARTESIAN_POINT('',(-43.3107731596373,22.708542802622,-349.353487113293));
#11247=CARTESIAN_POINT('',(-43.3107731596371,7.70938050359127,-351.861227289836));
#11248=CARTESIAN_POINT('',(-43.3107731596373,24.4827747653256,-349.942764929645));
#11249=CARTESIAN_POINT('Origin',(-43.3107731596373,23.0383490393131,-351.326106652443));
#11250=CARTESIAN_POINT('',(-43.3107731596377,42.6609224680194,-368.923602245763));
#11251=CARTESIAN_POINT('Origin',(-43.3107731596379,60.9966039434236,-357.166363468228));
#11252=CARTESIAN_POINT('',(-43.3107731596379,66.5342581213199,-350.559915699694));
#11253=CARTESIAN_POINT('',(-43.310773159638,69.9171333827902,-352.047534338602));
#11254=CARTESIAN_POINT('Origin',(-43.310773159638,67.9175998441178,-352.004341425707));
#11255=CARTESIAN_POINT('',(-43.3107731596381,69.6328663010585,-365.207136823504));
#11256=CARTESIAN_POINT('',(-43.3107731596379,70.1466561971605,-341.422213320316));
#11257=CARTESIAN_POINT('',(-43.3107731596381,67.5901398494911,-367.163477449281));
#11258=CARTESIAN_POINT('Origin',(-43.310773159638,67.6333327623861,-365.163943910609));
#11259=CARTESIAN_POINT('',(-43.3107731596379,54.430537364589,-366.879210367549));
#11260=CARTESIAN_POINT('',(-43.3107731596381,69.5896733881635,-367.206670362176));
#11261=CARTESIAN_POINT('',(-43.3107731596378,53.0903885546861,-363.435251102865));
#11262=CARTESIAN_POINT('Origin',(-43.3107731596379,54.473730277484,-364.879676828877));
#11263=CARTESIAN_POINT('',(-43.3107731596378,47.2560445723362,-369.022863750986));
#11264=CARTESIAN_POINT('Origin',(-43.3107731596377,47.8705398567654,-351.011673097132));
#11265=CARTESIAN_POINT('',(-43.3107731596375,34.1259290349995,-350.614197079574));
#11266=CARTESIAN_POINT('',(-43.3107731596375,35.2405485243208,-347.258235817625));
#11267=CARTESIAN_POINT('Origin',(-43.3107731596375,35.5703547610119,-349.230855356776));
#11268=CARTESIAN_POINT('',(-43.3107731596378,59.5462832797813,-343.194511034101));
#11269=CARTESIAN_POINT('',(-43.3107731596371,7.70938050359127,-351.861227289836));
#11270=CARTESIAN_POINT('',(-43.3107731596378,61.2594312392704,-346.611556299264));
#11271=CARTESIAN_POINT('Origin',(-43.3107731596378,59.8760895164724,-345.167130573252));
#11272=CARTESIAN_POINT('',(-43.3107731596377,46.5518015040256,-360.697208119102));
#11273=CARTESIAN_POINT('',(-43.3107731596377,42.760183973243,-364.328480141446));
#11274=CARTESIAN_POINT('',(-43.3107731596377,43.7240340552153,-360.636124115887));
#11275=CARTESIAN_POINT('Origin',(-43.3107731596377,45.1684597812277,-359.252782393089));
#11276=CARTESIAN_POINT('',(-43.3107731596378,47.3553060775598,-364.42774164667));
#11277=CARTESIAN_POINT('Origin',(-31.8107731596054,8.8851586591777,-358.893729120868));
#11278=CARTESIAN_POINT('',(-33.8107731596053,-4.74177712495538,-358.599366941406));
#11279=CARTESIAN_POINT('',(-42.81077315963,-4.74177712495551,-358.599366941406));
#11280=CARTESIAN_POINT('',(-31.8107731596053,-4.74177712495535,-358.599366941406));
#11281=CARTESIAN_POINT('',(-33.8107731596053,6.63751023434527,-345.450213787596));
#11282=CARTESIAN_POINT('Origin',(-33.8107731596055,8.88515865917767,-358.893729120868));
#11283=CARTESIAN_POINT('',(-42.8107731596371,6.63751023434514,-345.450213787595));
#11284=CARTESIAN_POINT('',(-31.8107731596053,6.63751023434529,-345.450213787595));
#11285=CARTESIAN_POINT('Origin',(-42.8107731596302,8.88515865917755,-358.893729120868));
#11286=CARTESIAN_POINT('Origin',(-28.5845753143191,93.0680921512662,-351.977663971346));
#11287=CARTESIAN_POINT('',(-35.4657036980468,87.361253187812,-340.024932455686));
#11288=CARTESIAN_POINT('',(-34.1404520727771,88.5524008492165,-338.065423923231));
#11289=CARTESIAN_POINT('Origin',(-33.9543255324661,88.670808764878,-340.053220813384));
#11290=CARTESIAN_POINT('',(-23.6984167886309,97.6370861629836,-336.546537074859));
#11291=CARTESIAN_POINT('',(-35.4657036980468,87.3994173886633,-338.258193551912));
#11292=CARTESIAN_POINT('',(-22.0009120827392,99.0650496557109,-338.56262232271));
#11293=CARTESIAN_POINT('Origin',(-23.5122902483199,97.7554940786449,-338.534333965012));
#11294=CARTESIAN_POINT('',(-22.0009120827398,98.4760293916598,-365.830192254631));
#11295=CARTESIAN_POINT('',(-22.0009120827391,99.1139338896983,-336.299619926749));
#11296=CARTESIAN_POINT('',(-23.5122902483206,97.1232809016988,-367.801437435605));
#11297=CARTESIAN_POINT('Origin',(-23.5122902483209,97.1664738145942,-365.801903896932));
#11298=CARTESIAN_POINT('',(-33.9543255324663,88.0756276712327,-367.605994603399));
#11299=CARTESIAN_POINT('',(-22.0009120827398,98.4328364787647,-367.829725793303));
#11300=CARTESIAN_POINT('',(-35.465703698047,86.8092650070618,-365.578172707029));
#11301=CARTESIAN_POINT('Origin',(-33.9543255324666,88.1188205841281,-365.606461064727));
#11302=CARTESIAN_POINT('',(-35.465703698047,86.7660720941668,-367.577706245701));
#11303=CARTESIAN_POINT('Origin',(-13.8265065495642,79.701334726808,-368.170271157142));
#11304=CARTESIAN_POINT('',(-19.065950856898,85.7293480301496,-369.045659051212));
#11305=CARTESIAN_POINT('',(-13.8265065495593,87.6833795214441,-369.087869051878));
#11306=CARTESIAN_POINT('Origin',(-13.8265065495642,79.6852453667546,-368.915097400297));
#11307=CARTESIAN_POINT('',(-13.8265065495584,89.2052107278618,-367.630395285673));
#11308=CARTESIAN_POINT('',(-13.8265065495584,89.2052107278618,-367.630395285673));
#11309=CARTESIAN_POINT('',(-20.0417973591388,86.8872408713137,-367.580323672384));
#11310=CARTESIAN_POINT('Origin',(-13.8265065495641,79.7174240868614,-367.425444913986));
#11311=CARTESIAN_POINT('',(-20.0417973591388,86.8872408713137,-367.580323672384));
#11312=CARTESIAN_POINT('Origin',(-35.2712054766047,72.6897842598089,-368.018811187742));
#11313=CARTESIAN_POINT('',(-30.0260639692128,78.2362279614541,-367.393448863913));
#11314=CARTESIAN_POINT('',(-29.0502174669719,77.07833512029,-368.858784242742));
#11315=CARTESIAN_POINT('',(-30.0260639692128,78.2362279614541,-367.393448863913));
#11316=CARTESIAN_POINT('',(-34.7832822254843,72.1108378392268,-368.751478877156));
#11317=CARTESIAN_POINT('',(-35.7591287277252,73.2687306803909,-367.286143498328));
#11318=CARTESIAN_POINT('Origin',(-23.8107731596381,71.0503218169484,-367.983396348671));
#11319=CARTESIAN_POINT('',(-33.3007731596381,71.0664111770016,-367.238570105516));
#11320=CARTESIAN_POINT('',(-31.8107731596381,71.0342324568949,-368.728222591826));
#11321=CARTESIAN_POINT('',(-33.3007731596381,71.0664111770016,-367.238570105516));
#11322=CARTESIAN_POINT('Origin',(-23.8107731596381,71.034232456895,-368.728222591827));
#11323=CARTESIAN_POINT('Origin',(-23.8107731596381,71.0664111770018,-367.238570105516));
#11324=CARTESIAN_POINT('Origin',(-32.0607731596374,15.4845331965576,-370.638710558564));
#11325=CARTESIAN_POINT('',(-31.8107731596373,9.1706291860917,-367.549276855025));
#11326=CARTESIAN_POINT('',(-31.8107731596371,1.53196970118623,-363.468727716286));
#11327=CARTESIAN_POINT('',(-31.8107731596374,15.3667378893729,-370.859219664057));
#11328=CARTESIAN_POINT('',(-31.8107731596373,9.1706291860917,-367.549276855025));
#11329=CARTESIAN_POINT('',(-31.8107731596371,1.53196970118622,-363.468727716286));
#11330=CARTESIAN_POINT('Origin',(-32.060773159637,1.25655889381591,-347.534000764503));
#11331=CARTESIAN_POINT('',(-31.8107731596371,1.24649917427214,-354.813179982129));
#11332=CARTESIAN_POINT('',(-31.810773159637,1.00669475310095,-347.542241588781));
#11333=CARTESIAN_POINT('',(-31.8107731596371,1.24649917427214,-354.813179982129));
#11334=CARTESIAN_POINT('Origin',(-32.0607731596373,26.2655595917287,-339.54128864347));
#11335=CARTESIAN_POINT('',(-31.8107731596371,8.59968813226349,-350.238181386711));
#11336=CARTESIAN_POINT('',(-31.8107731596371,8.59968813226349,-350.238181386711));
#11337=CARTESIAN_POINT('',(-31.8107731596373,26.1334907581984,-339.329020362255));
#11338=CARTESIAN_POINT('Origin',(-32.0607731596374,25.8813687728882,-359.75343870472));
#11339=CARTESIAN_POINT('',(-31.8107731596373,16.238347617169,-354.31873052545));
#11340=CARTESIAN_POINT('',(-31.8107731596373,16.238347617169,-354.31873052545));
#11341=CARTESIAN_POINT('',(-31.8107731596374,25.9991640800728,-359.532929599227));
#11342=CARTESIAN_POINT('Origin',(-32.0607731596372,15.8818986345095,-351.095288565654));
#11343=CARTESIAN_POINT('',(-31.8107731596373,16.5238181440831,-362.974278259607));
#11344=CARTESIAN_POINT('',(-31.8107731596372,16.1317627752244,-351.087047741375));
#11345=CARTESIAN_POINT('',(-32.3107731596373,16.0145741784227,-362.702241650358));
#11346=CARTESIAN_POINT('Origin',(-32.0607731596375,30.4940637560916,-353.987848298464));
#11347=CARTESIAN_POINT('',(-31.8107731596375,30.626132589622,-354.200116579679));
#11348=CARTESIAN_POINT('Origin',(-32.5557731596379,52.7552620005471,-367.588195713235));
#11349=CARTESIAN_POINT('',(-31.8107731596374,22.6194148954006,-367.682390172757));
#11350=CARTESIAN_POINT('',(-33.3007731596374,22.6515936155074,-366.192737686446));
#11351=CARTESIAN_POINT('',(-31.8107731596379,52.7391726404937,-368.333021956391));
#11352=CARTESIAN_POINT('',(-33.3007731596379,52.7713513606004,-366.84336947008));
#11353=CARTESIAN_POINT('Origin',(-32.5557731596374,22.7055847566262,-363.693320763105));
#11354=CARTESIAN_POINT('',(-31.8107731596374,18.9364072012514,-362.384351490716));
#11355=CARTESIAN_POINT('',(-33.3007731596374,20.3439446843362,-362.873164577398));
#11356=CARTESIAN_POINT('Origin',(-31.8107731596374,22.7055847566262,-363.693320763105));
#11357=CARTESIAN_POINT('Origin',(-32.5557731596372,8.88515865917769,-358.893729120868));
#11358=CARTESIAN_POINT('',(-31.8107731596373,18.2849010892405,-353.908061258695));
#11359=CARTESIAN_POINT('',(-33.3007731596373,19.6012042078306,-353.209887856173));
#11360=CARTESIAN_POINT('Origin',(-31.8107731596372,8.8851586591777,-358.893729120868));
#11361=CARTESIAN_POINT('Origin',(-32.5557731596373,21.8097664873442,-352.038455972746));
#11362=CARTESIAN_POINT('',(-31.8107731596373,21.1518030451454,-348.10307999214));
#11363=CARTESIAN_POINT('',(-33.3007731596373,21.3975086914803,-349.572681548807));
#11364=CARTESIAN_POINT('Origin',(-31.8107731596373,21.8097664873442,-352.038455972746));
#11365=CARTESIAN_POINT('Origin',(-32.5557731596377,50.7594627062425,-343.908256486731));
#11366=CARTESIAN_POINT('',(-33.3007731596379,71.6294382800732,-341.174303995232));
#11367=CARTESIAN_POINT('',(-31.8107731596379,71.3837326337383,-339.704702438565));
#11368=CARTESIAN_POINT('',(-33.3007731596379,71.6294382800732,-341.174303995232));
#11369=CARTESIAN_POINT('',(-31.8107731596377,50.636609883075,-343.173455708398));
#11370=CARTESIAN_POINT('',(-33.3007731596377,50.8823155294099,-344.643057265065));
#11371=CARTESIAN_POINT('Ctrl Pts',(-31.8107731596379,71.3837326337383,-339.704702438565));
#11372=CARTESIAN_POINT('Ctrl Pts',(-31.8107731596379,71.476515870633,-339.689189822178));
#11373=CARTESIAN_POINT('Ctrl Pts',(-31.8107731596379,71.5692986457984,-339.673674656732));
#11374=CARTESIAN_POINT('Ctrl Pts',(-31.8107731596379,71.6621893424943,-339.658154563772));
#11375=CARTESIAN_POINT('Ctrl Pts',(-32.3074398263046,71.4656345158499,-340.194569624121));
#11376=CARTESIAN_POINT('Ctrl Pts',(-32.3074398263046,71.5639784075878,-340.178127310643));
#11377=CARTESIAN_POINT('Ctrl Pts',(-32.3068098535816,71.6623219907605,-340.161683297917));
#11378=CARTESIAN_POINT('Ctrl Pts',(-32.3055502684944,71.7607159545029,-340.145239606031));
#11379=CARTESIAN_POINT('Ctrl Pts',(-32.8041064929713,71.5475363979616,-340.684436809677));
#11380=CARTESIAN_POINT('Ctrl Pts',(-32.8041064929713,71.6514409445427,-340.667064799108));
#11381=CARTESIAN_POINT('Ctrl Pts',(-32.8028465475253,71.7553453357225,-340.649691939101));
#11382=CARTESIAN_POINT('Ctrl Pts',(-32.800327377351,71.8592425665115,-340.63232464829));
#11383=CARTESIAN_POINT('Ctrl Pts',(-33.3007731596379,71.6294382800732,-341.174303995232));
#11384=CARTESIAN_POINT('Ctrl Pts',(-33.3007731596379,71.7389034814976,-341.156002287572));
#11385=CARTESIAN_POINT('Ctrl Pts',(-33.298883241469,71.8483686806845,-341.137700580286));
#11386=CARTESIAN_POINT('Ctrl Pts',(-33.2951044862075,71.9577691785201,-341.119409690549));
#11387=CARTESIAN_POINT('Ctrl Pts',(-31.8107731596379,71.6621893424943,-339.658154563772));
#11388=CARTESIAN_POINT('Ctrl Pts',(-31.8107731596379,71.5692986457984,-339.673674656732));
#11389=CARTESIAN_POINT('Ctrl Pts',(-31.8107731596379,71.476515870633,-339.689189822178));
#11390=CARTESIAN_POINT('Ctrl Pts',(-31.8107731596379,71.3837326337383,-339.704702438565));
#11391=CARTESIAN_POINT('Ctrl Pts',(-33.3007731596379,71.6294382800732,-341.174303995232));
#11392=CARTESIAN_POINT('Ctrl Pts',(-33.3007731596379,71.7389034814976,-341.156002287572));
#11393=CARTESIAN_POINT('Ctrl Pts',(-33.298883241469,71.8483686806845,-341.137700580286));
#11394=CARTESIAN_POINT('Ctrl Pts',(-33.2951044862075,71.9577691785201,-341.119409690549));
#11395=CARTESIAN_POINT('Origin',(-23.810773159638,71.3031988926497,-356.276934335896));
#11396=CARTESIAN_POINT('',(-31.810773159638,71.3031988926496,-356.276934335896));
#11397=CARTESIAN_POINT('Origin',(-32.810773159638,77.8063157008145,-334.565238010694));
#11398=CARTESIAN_POINT('',(-33.810773159638,77.6414125824689,-333.578928241119));
#11399=CARTESIAN_POINT('',(-31.8107731596371,6.96731647103642,-347.422833326746));
#11400=CARTESIAN_POINT('',(-31.8107731596371,6.96731647103642,-347.422833326746));
#11401=CARTESIAN_POINT('',(-31.810773159638,77.97121881916,-335.55154778027));
#11402=CARTESIAN_POINT('Origin',(-32.8107731596213,8.88515865917769,-358.893729120868));
#11403=CARTESIAN_POINT('',(-31.810773159637,-2.74224358628301,-358.642559854301));
#11404=CARTESIAN_POINT('',(-32.8107731596211,-3.74201035561919,-358.620963397854));
#11405=CARTESIAN_POINT('Origin',(-31.8107731596372,8.8851586591777,-358.893729120868));
#11406=CARTESIAN_POINT('Origin',(-38.4450518912551,4.75091048722542,-359.404279812534));
#11407=CARTESIAN_POINT('',(-33.7404252938895,-2.74296403628978,-365.224008062451));
#11408=CARTESIAN_POINT('',(-31.8107731596371,-0.796500165775955,-364.466580044548));
#11409=CARTESIAN_POINT('',(-31.3739840793896,-0.355905641692886,-364.295131376977));
#11410=CARTESIAN_POINT('',(-31.810773159637,-2.7591026588834,-359.423018472068));
#11411=CARTESIAN_POINT('Origin',(-31.8107731596372,11.442989141607,-356.800189416805));
#11412=CARTESIAN_POINT('',(-33.7404252938894,-4.70556652939715,-360.180446489971));
#11413=CARTESIAN_POINT('',(-31.3739840793895,-2.31850813480035,-359.251569804497));
#11414=CARTESIAN_POINT('Origin',(-37.9529087833681,5.24734130064531,-359.211103554433));
#11415=CARTESIAN_POINT('Origin',(-32.810773159637,-3.65639783510341,-354.65769501358));
#11416=CARTESIAN_POINT('',(-33.810773159637,-4.75032639271645,-358.995138989957));
#11417=CARTESIAN_POINT('Origin',(-23.8107731596371,5.2473413006455,-359.211103554433));
#11418=CARTESIAN_POINT('',(-31.810773159637,-2.65663106576722,-354.679291470028));
#11419=CARTESIAN_POINT('',(-33.810773159637,-4.65616460443961,-354.636098557133));
#11420=CARTESIAN_POINT('Origin',(-31.8107731596371,-5.03332928699672,-372.096218327438));
#11421=CARTESIAN_POINT('',(-42.810773159637,-4.75032639271657,-358.995138989957));
#11422=CARTESIAN_POINT('',(-28.8732731596346,-4.7503263927164,-358.995138989958));
#11423=CARTESIAN_POINT('',(-42.810773159637,-4.65616460443973,-354.636098557133));
#11424=CARTESIAN_POINT('Origin',(-45.3107731596372,8.88515865917752,-358.893729120868));
#11425=CARTESIAN_POINT('',(-44.8107731596372,7.86224673245787,-366.071204386599));
#11426=CARTESIAN_POINT('',(-45.3107731596372,7.93279238257646,-365.57620609241));
#11427=CARTESIAN_POINT('Origin',(-44.8107731596372,8.88515865917752,-358.893729120868));
#11428=CARTESIAN_POINT('Origin',(-44.0607731596372,8.88515865917753,-358.893729120868));
#11429=CARTESIAN_POINT('',(-44.8107731596374,20.2913884922646,-363.021392469283));
#11430=CARTESIAN_POINT('',(-43.3107731596374,21.701873480208,-363.53181591975));
#11431=CARTESIAN_POINT('',(-44.8107731596373,19.5298807665358,-353.077409409902));
#11432=CARTESIAN_POINT('Origin',(-44.8107731596372,8.88515865917752,-358.893729120868));
#11433=CARTESIAN_POINT('',(-43.3107731596373,20.8461983362295,-352.358168104278));
#11434=CARTESIAN_POINT('Origin',(-44.0607731596374,23.582520130799,-364.212380520372));
#11435=CARTESIAN_POINT('',(-44.8107731596375,23.5069325332327,-367.711564213049));
#11436=CARTESIAN_POINT('',(-43.3107731596374,23.539327217904,-366.211914059045));
#11437=CARTESIAN_POINT('Origin',(-44.8107731596374,23.582520130799,-364.212380520372));
#11438=CARTESIAN_POINT('Origin',(-44.0607731596376,34.9836936637004,-367.209304442582));
#11439=CARTESIAN_POINT('',(-44.8107731596376,35.5532964963189,-367.971783678887));
#11440=CARTESIAN_POINT('',(-43.3107731596376,35.5856911809901,-366.472133524883));
#11441=CARTESIAN_POINT('',(-44.8107731596376,34.9674963213647,-367.959129519584));
#11442=CARTESIAN_POINT('Origin',(-44.0607731596376,35.6288840938851,-364.472599986211));
#11443=CARTESIAN_POINT('',(-44.8107731596376,38.1566291144068,-362.051751971314));
#11444=CARTESIAN_POINT('',(-44.8107731596376,38.1566291144068,-362.051751971314));
#11445=CARTESIAN_POINT('Origin',(-44.8107731596376,35.6288840938851,-364.472599986211));
#11446=CARTESIAN_POINT('Origin',(-44.0607731596376,36.2432910118659,-361.138257671935));
#11447=CARTESIAN_POINT('',(-44.8107731596374,25.5660940598349,-348.905258637547));
#11448=CARTESIAN_POINT('',(-43.3107731596373,24.4827747653256,-349.942764929645));
#11449=CARTESIAN_POINT('',(-44.8107731596376,36.7849506591205,-360.619504525886));
#11450=CARTESIAN_POINT('Origin',(-44.0607731596373,23.0383490393131,-351.326106652443));
#11451=CARTESIAN_POINT('',(-44.8107731596373,22.4611881251037,-347.87402245893));
#11452=CARTESIAN_POINT('',(-43.3107731596373,22.708542802622,-349.353487113293));
#11453=CARTESIAN_POINT('Origin',(-44.8107731596373,23.0383490393131,-351.326106652443));
#11454=CARTESIAN_POINT('Origin',(-44.0607731596375,37.3666412480279,-346.142359899144));
#11455=CARTESIAN_POINT('',(-44.8107731596373,22.024127514945,-347.947095503265));
#11456=CARTESIAN_POINT('',(-43.3107731596373,22.2714821924633,-349.426560157629));
#11457=CARTESIAN_POINT('',(-44.8107731596375,37.2429639092688,-345.402627571963));
#11458=CARTESIAN_POINT('Origin',(-44.0607731596373,22.6012884291545,-351.399179696779));
#11459=CARTESIAN_POINT('Origin',(-44.8107731596373,22.6012884291544,-351.399179696779));
#11460=CARTESIAN_POINT('Origin',(-44.0607731596379,54.473730277484,-364.879676828877));
#11461=CARTESIAN_POINT('',(-44.8107731596378,52.0528822625877,-362.351931808355));
#11462=CARTESIAN_POINT('',(-43.3107731596378,53.0903885546861,-363.435251102865));
#11463=CARTESIAN_POINT('',(-44.8107731596379,54.3981426799177,-368.378860521554));
#11464=CARTESIAN_POINT('',(-43.3107731596379,54.430537364589,-366.879210367549));
#11465=CARTESIAN_POINT('Origin',(-44.8107731596379,54.473730277484,-364.879676828877));
#11466=CARTESIAN_POINT('Origin',(-44.0607731596378,49.5720342735457,-367.524434403174));
#11467=CARTESIAN_POINT('',(-44.8107731596381,67.5577451648199,-368.663127603286));
#11468=CARTESIAN_POINT('',(-43.3107731596381,67.5901398494911,-367.163477449281));
#11469=CARTESIAN_POINT('',(-44.8107731596378,49.5558369312101,-368.274259480176));
#11470=CARTESIAN_POINT('Origin',(-44.0607731596381,67.6333327623861,-365.163943910609));
#11471=CARTESIAN_POINT('',(-44.8107731596381,71.1325164550628,-365.239531508175));
#11472=CARTESIAN_POINT('',(-43.3107731596381,69.6328663010585,-365.207136823504));
#11473=CARTESIAN_POINT('Origin',(-44.8107731596381,67.6333327623861,-365.163943910609));
#11474=CARTESIAN_POINT('Origin',(-44.060773159638,70.646474664268,-353.01198993455));
#11475=CARTESIAN_POINT('',(-44.810773159638,71.4167835367944,-352.079929023273));
#11476=CARTESIAN_POINT('',(-43.310773159638,69.9171333827902,-352.047534338602));
#11477=CARTESIAN_POINT('',(-44.810773159638,71.3962997412701,-353.028187276885));
#11478=CARTESIAN_POINT('Origin',(-44.060773159638,67.9175998441178,-352.004341425707));
#11479=CARTESIAN_POINT('',(-44.8107731596379,65.4967518292215,-349.476596405185));
#11480=CARTESIAN_POINT('',(-44.8107731596379,65.4967518292215,-349.476596405185));
#11481=CARTESIAN_POINT('Origin',(-44.810773159638,67.9175998441178,-352.004341425707));
#11482=CARTESIAN_POINT('Origin',(-44.0607731596379,66.5448327332394,-349.511313286574));
#11483=CARTESIAN_POINT('',(-44.8107731596379,66.0260795871902,-348.969653639319));
#11484=CARTESIAN_POINT('Origin',(-44.0607731596375,33.0553359345379,-350.580660740986));
#11485=CARTESIAN_POINT('',(-44.8107731596377,42.6407147607059,-361.673630407986));
#11486=CARTESIAN_POINT('',(-43.3107731596377,43.7240340552153,-360.636124115887));
#11487=CARTESIAN_POINT('',(-44.8107731596375,33.0426097404901,-351.651703371672));
#11488=CARTESIAN_POINT('',(-44.8107731596375,32.5136762872833,-351.099413887035));
#11489=CARTESIAN_POINT('',(-43.3107731596375,34.1259290349995,-350.614197079574));
#11490=CARTESIAN_POINT('Origin',(-44.0607731596377,45.1684597812277,-359.252782393089));
#11491=CARTESIAN_POINT('',(-44.8107731596378,47.5893077961241,-361.780527413611));
#11492=CARTESIAN_POINT('',(-43.3107731596377,46.5518015040256,-360.697208119102));
#11493=CARTESIAN_POINT('Origin',(-44.8107731596377,45.1684597812277,-359.252782393089));
#11494=CARTESIAN_POINT('Origin',(-44.0607731596378,52.877391465348,-355.677599021703));
#11495=CARTESIAN_POINT('',(-44.8107731596378,62.2969375313687,-347.694875593773));
#11496=CARTESIAN_POINT('',(-43.3107731596378,61.2594312392704,-346.611556299264));
#11497=CARTESIAN_POINT('',(-44.8107731596378,53.3961446113972,-356.219258668957));
#11498=CARTESIAN_POINT('Origin',(-44.0607731596378,59.8760895164724,-345.167130573252));
#11499=CARTESIAN_POINT('',(-44.8107731596378,59.298928602263,-341.715046379738));
#11500=CARTESIAN_POINT('',(-44.8107731596378,59.298928602263,-341.715046379738));
#11501=CARTESIAN_POINT('Origin',(-44.8107731596378,59.8760895164724,-345.167130573252));
#11502=CARTESIAN_POINT('Origin',(-44.0607731596378,58.4630733917153,-342.615204887837));
#11503=CARTESIAN_POINT('',(-44.8107731596375,34.9931938468024,-345.778771163262));
#11504=CARTESIAN_POINT('',(-43.3107731596375,35.2405485243208,-347.258235817625));
#11505=CARTESIAN_POINT('',(-44.8107731596377,58.3393960529561,-341.875472560655));
#11506=CARTESIAN_POINT('Origin',(-44.0607731596375,35.5703547610119,-349.230855356776));
#11507=CARTESIAN_POINT('Origin',(-44.8107731596375,35.5703547610119,-349.230855356776));
#11508=CARTESIAN_POINT('Origin',(-43.810773159637,-3.65639783510356,-354.65769501358));
#11509=CARTESIAN_POINT('',(-42.8811210253847,-4.70556652939729,-360.180446489971));
#11510=CARTESIAN_POINT('Origin',(-52.8107731596372,5.24734130064511,-359.211103554432));
#11511=CARTESIAN_POINT('',(-44.810773159637,-2.74224358628319,-358.642559854301));
#11512=CARTESIAN_POINT('',(-43.8107731596335,-3.74201035561933,-358.620963397854));
#11513=CARTESIAN_POINT('',(-44.8107731596371,-2.75910265888357,-359.423018472068));
#11514=CARTESIAN_POINT('',(-44.810773159637,-2.65663106576739,-354.679291470028));
#11515=CARTESIAN_POINT('',(-45.2475622398846,-2.31850813480053,-359.251569804497));
#11516=CARTESIAN_POINT('Origin',(-43.8107731596337,8.88515865917754,-358.893729120868));
#11517=CARTESIAN_POINT('',(-44.8107731596371,6.9673164710362,-347.422833326746));
#11518=CARTESIAN_POINT('',(-44.8107731596371,6.9673164710362,-347.422833326746));
#11519=CARTESIAN_POINT('Origin',(-44.8107731596372,8.88515865917752,-358.893729120868));
#11520=CARTESIAN_POINT('Origin',(-43.810773159638,77.8063157008144,-334.565238010694));
#11521=CARTESIAN_POINT('',(-42.8107731596379,76.4408454982982,-333.779653471741));
#11522=CARTESIAN_POINT('',(-44.810773159638,76.7706517349893,-335.752273010892));
#11523=CARTESIAN_POINT('',(-42.8107731596379,76.4408454982982,-333.779653471741));
#11524=CARTESIAN_POINT('',(-44.810773159638,77.9712188191599,-335.55154778027));
#11525=CARTESIAN_POINT('',(-42.810773159638,77.6414125824688,-333.578928241119));
#11526=CARTESIAN_POINT('Origin',(-38.1764944280192,4.75091048722542,-359.404279812533));
#11527=CARTESIAN_POINT('',(-44.8107731596371,-0.796500165776179,-364.466580044548));
#11528=CARTESIAN_POINT('Origin',(-44.8107731596372,11.4429891416068,-356.800189416805));
#11529=CARTESIAN_POINT('',(-42.8811210253846,-2.74296403628996,-365.224008062451));
#11530=CARTESIAN_POINT('',(-45.2475622398847,-0.355905641693087,-364.295131376977));
#11531=CARTESIAN_POINT('Origin',(-38.6686375359062,5.24734130064533,-359.211103554432));
#11532=CARTESIAN_POINT('Ctrl Pts',(-42.810773159638,76.8146131636046,-333.717162502426));
#11533=CARTESIAN_POINT('Ctrl Pts',(-42.810773159638,76.6900239418359,-333.737992825531));
#11534=CARTESIAN_POINT('Ctrl Pts',(-42.810773159638,76.5654347200671,-333.758823148637));
#11535=CARTESIAN_POINT('Ctrl Pts',(-42.810773159638,76.4408454982984,-333.779653471742));
#11536=CARTESIAN_POINT('Ctrl Pts',(-43.4751285476937,76.9245479151475,-334.374698397142));
#11537=CARTESIAN_POINT('Ctrl Pts',(-43.4766699068699,76.7999595745877,-334.395533990887));
#11538=CARTESIAN_POINT('Ctrl Pts',(-43.4774398263047,76.6753701322975,-334.41636299502));
#11539=CARTESIAN_POINT('Ctrl Pts',(-43.4774398263047,76.5507809105288,-334.437193318125));
#11540=CARTESIAN_POINT('Ctrl Pts',(-44.1394839357494,77.0344826666905,-335.032234291857));
#11541=CARTESIAN_POINT('Ctrl Pts',(-44.1425666541018,76.9098952073396,-335.053075156242));
#11542=CARTESIAN_POINT('Ctrl Pts',(-44.1441064929714,76.7853055445279,-335.073902841404));
#11543=CARTESIAN_POINT('Ctrl Pts',(-44.1441064929714,76.6607163227591,-335.094733164509));
#11544=CARTESIAN_POINT('Ctrl Pts',(-44.8038393238051,77.1444174182334,-335.689770186572));
#11545=CARTESIAN_POINT('Ctrl Pts',(-44.8084634013337,77.0198308400915,-335.710616321597));
#11546=CARTESIAN_POINT('Ctrl Pts',(-44.810773159638,76.8952409567582,-335.731442687787));
#11547=CARTESIAN_POINT('Ctrl Pts',(-44.810773159638,76.7706517349895,-335.752273010892));
#11548=CARTESIAN_POINT('',(-42.8107731596379,76.8146131636044,-333.717162502426));
#11549=CARTESIAN_POINT('Ctrl Pts',(-42.810773159638,76.4408454982984,-333.779653471742));
#11550=CARTESIAN_POINT('Ctrl Pts',(-42.810773159638,76.5654347200671,-333.758823148637));
#11551=CARTESIAN_POINT('Ctrl Pts',(-42.810773159638,76.6900239418359,-333.737992825531));
#11552=CARTESIAN_POINT('Ctrl Pts',(-42.810773159638,76.8146131636046,-333.717162502426));
#11553=CARTESIAN_POINT('',(-44.803839323805,77.1444174182332,-335.689770186571));
#11554=CARTESIAN_POINT('',(-44.803839323805,77.1444174182332,-335.689770186571));
#11555=CARTESIAN_POINT('Ctrl Pts',(-44.8038393238051,77.1444174182334,-335.689770186572));
#11556=CARTESIAN_POINT('Ctrl Pts',(-44.8084634013337,77.0198308400915,-335.710616321597));
#11557=CARTESIAN_POINT('Ctrl Pts',(-44.810773159638,76.8952409567582,-335.731442687787));
#11558=CARTESIAN_POINT('Ctrl Pts',(-44.810773159638,76.7706517349895,-335.752273010892));
#11559=CARTESIAN_POINT('Ctrl Pts',(-44.8038393238051,77.1444174182334,-335.689770186572));
#11560=CARTESIAN_POINT('Ctrl Pts',(-44.7448786183968,78.7329964345009,-335.423965208499));
#11561=CARTESIAN_POINT('Ctrl Pts',(-43.9727762387924,81.4587970723548,-334.962914071399));
#11562=CARTESIAN_POINT('Ctrl Pts',(-42.2330559548282,83.5975414283826,-334.595275407321));
#11563=CARTESIAN_POINT('Ctrl Pts',(-41.3600785438101,84.3571308528613,-334.464150097071));
#11564=CARTESIAN_POINT('Ctrl Pts',(-44.1394839357494,77.0344826666905,-335.032234291857));
#11565=CARTESIAN_POINT('Ctrl Pts',(-44.1001767988105,78.5211221081837,-334.783541880243));
#11566=CARTESIAN_POINT('Ctrl Pts',(-43.404542190168,81.0857867728375,-334.35120440276));
#11567=CARTESIAN_POINT('Ctrl Pts',(-41.7860091215867,83.1124113121343,-334.005663838298));
#11568=CARTESIAN_POINT('Ctrl Pts',(-40.9696324488556,83.8334024268183,-333.88236786505));
#11569=CARTESIAN_POINT('Ctrl Pts',(-43.4751285476937,76.9245479151475,-334.374698397142));
#11570=CARTESIAN_POINT('Ctrl Pts',(-43.4554749792243,78.3092477818666,-334.143118551987));
#11571=CARTESIAN_POINT('Ctrl Pts',(-42.8363081415436,80.7127764733202,-333.73949473412));
#11572=CARTESIAN_POINT('Ctrl Pts',(-41.3389622883452,82.627281195886,-333.416052269275));
#11573=CARTESIAN_POINT('Ctrl Pts',(-40.5791863539012,83.3096740007753,-333.30058563303));
#11574=CARTESIAN_POINT('Ctrl Pts',(-42.8107731596381,76.8146131636046,-333.717162502426));
#11575=CARTESIAN_POINT('Ctrl Pts',(-42.8107731596381,78.0973734555494,-333.502695223731));
#11576=CARTESIAN_POINT('Ctrl Pts',(-42.2680740929192,80.3397661738029,-333.127785065481));
#11577=CARTESIAN_POINT('Ctrl Pts',(-40.8919154551038,82.1421510796377,-332.826440700252));
#11578=CARTESIAN_POINT('Ctrl Pts',(-40.1887402589467,82.7859455747324,-332.718803401009));
#11579=CARTESIAN_POINT('',(-40.1887402589466,82.7859455747323,-332.718803401008));
#11580=CARTESIAN_POINT('',(-40.1887402589466,82.7859455747323,-332.718803401008));
#11581=CARTESIAN_POINT('Ctrl Pts',(-41.3600785438101,84.3571308528613,-334.464150097071));
#11582=CARTESIAN_POINT('Ctrl Pts',(-42.2330559548282,83.5975414283826,-334.595275407321));
#11583=CARTESIAN_POINT('Ctrl Pts',(-43.9727762387924,81.4587970723548,-334.962914071399));
#11584=CARTESIAN_POINT('Ctrl Pts',(-44.7448786183968,78.7329964345009,-335.423965208499));
#11585=CARTESIAN_POINT('Ctrl Pts',(-44.8038393238051,77.1444174182334,-335.689770186572));
#11586=CARTESIAN_POINT('Ctrl Pts',(-42.8107731596381,76.8146131636046,-333.717162502426));
#11587=CARTESIAN_POINT('Ctrl Pts',(-42.8107731596381,78.0973734555494,-333.502695223731));
#11588=CARTESIAN_POINT('Ctrl Pts',(-42.2680740929192,80.3397661738029,-333.127785065481));
#11589=CARTESIAN_POINT('Ctrl Pts',(-40.8919154551038,82.1421510796377,-332.826440700252));
#11590=CARTESIAN_POINT('Ctrl Pts',(-40.1887402589467,82.7859455747324,-332.718803401009));
#11591=CARTESIAN_POINT('Ctrl Pts',(-40.0370595985134,82.921324662654,-332.696169098434));
#11592=CARTESIAN_POINT('Ctrl Pts',(-40.0881780966067,82.8768510082128,-332.703604738359));
#11593=CARTESIAN_POINT('Ctrl Pts',(-40.1387438400972,82.8317199697987,-332.711150287636));
#11594=CARTESIAN_POINT('Ctrl Pts',(-40.1887402589467,82.7859455747324,-332.718803401009));
#11595=CARTESIAN_POINT('Ctrl Pts',(-40.4160237335086,83.4539073021071,-333.276323449566));
#11596=CARTESIAN_POINT('Ctrl Pts',(-40.4707787171994,83.4062698652803,-333.284288048646));
#11597=CARTESIAN_POINT('Ctrl Pts',(-40.5251655692406,83.3581927720284,-333.292375846421));
#11598=CARTESIAN_POINT('Ctrl Pts',(-40.5791863539012,83.3096740007753,-333.30058563303));
#11599=CARTESIAN_POINT('Ctrl Pts',(-40.7949878685039,83.9864899415602,-333.856477800699));
#11600=CARTESIAN_POINT('Ctrl Pts',(-40.8533793377921,83.9356887223479,-333.864971358932));
#11601=CARTESIAN_POINT('Ctrl Pts',(-40.911587298384,83.8846655742581,-333.873601405206));
#11602=CARTESIAN_POINT('Ctrl Pts',(-40.9696324488556,83.8334024268184,-333.88236786505));
#11603=CARTESIAN_POINT('Ctrl Pts',(-41.1739520034991,84.5190725810133,-334.436632151831));
#11604=CARTESIAN_POINT('Ctrl Pts',(-41.2359799583848,84.4651075794155,-334.445654669218));
#11605=CARTESIAN_POINT('Ctrl Pts',(-41.2980090275274,84.4111383764877,-334.45482696399));
#11606=CARTESIAN_POINT('Ctrl Pts',(-41.3600785438101,84.3571308528614,-334.464150097071));
#11607=CARTESIAN_POINT('Ctrl Pts',(-40.1887402589467,82.7859455747324,-332.718803401009));
#11608=CARTESIAN_POINT('Ctrl Pts',(-40.1387438400972,82.8317199697987,-332.711150287636));
#11609=CARTESIAN_POINT('Ctrl Pts',(-40.0881780966067,82.8768510082128,-332.703604738359));
#11610=CARTESIAN_POINT('Ctrl Pts',(-40.0370595985134,82.921324662654,-332.696169098434));
#11611=CARTESIAN_POINT('Origin',(-21.830289086293,100.272681543598,-335.460015855141));
#11612=CARTESIAN_POINT('',(-34.1404520727771,88.5524008492165,-338.065423923231));
#11613=CARTESIAN_POINT('',(-24.82040750149,98.6815494756235,-335.080169716792));
#11614=CARTESIAN_POINT('Origin',(-34.4455234362786,89.2374433895705,-340.065460968157));
#11615=CARTESIAN_POINT('',(-35.4657036980468,87.361253187812,-340.024932455686));
#11616=CARTESIAN_POINT('Origin',(-36.5236684139526,87.0881075412539,-356.168823919786));
#11617=CARTESIAN_POINT('',(-35.465703698047,86.8092650070618,-365.578172707029));
#11618=CARTESIAN_POINT('Origin',(-34.4455234362792,88.6854552088207,-365.6187012195));
#11619=CARTESIAN_POINT('',(-33.9543255324663,88.0756276712327,-367.605994603399));
#11620=CARTESIAN_POINT('Origin',(-26.6980995056436,95.3389330148801,-368.513067818206));
#11621=CARTESIAN_POINT('',(-23.5122902483206,97.1232809016988,-367.801437435605));
#11622=CARTESIAN_POINT('Origin',(-24.0034881521334,97.7331084392867,-365.814144051706));
#11623=CARTESIAN_POINT('',(-22.0009120827398,98.4760293916598,-365.830192254631));
#11624=CARTESIAN_POINT('Origin',(-21.92534317446,99.4203659614031,-371.101816082556));
#11625=CARTESIAN_POINT('',(-22.0009120827392,99.0650496557109,-338.56262232271));
#11626=CARTESIAN_POINT('Origin',(-24.0034881521324,98.3221287033374,-338.546574119786));
#11627=CARTESIAN_POINT('Origin',(-13.8265065495643,79.5770471199526,-373.923928914672));
#11628=CARTESIAN_POINT('',(-13.8265065495594,87.6183741875371,-372.097167027579));
#11629=CARTESIAN_POINT('',(-19.065950856898,85.6643426962426,-372.054957026914));
#11630=CARTESIAN_POINT('Origin',(-13.8265065495642,79.6202400328476,-371.924395375999));
#11631=CARTESIAN_POINT('',(-13.8265065495595,87.5751812746421,-374.096700566252));
#11632=CARTESIAN_POINT('',(-19.0659508568981,85.6211497833476,-374.054490565586));
#11633=CARTESIAN_POINT('Origin',(-31.8107731595866,74.5782132733009,-373.815946632434));
#11634=CARTESIAN_POINT('',(-29.0502174669719,77.013329786383,-371.868082218444));
#11635=CARTESIAN_POINT('',(-21.9419316521076,83.1724073383904,-372.001127498791));
#11636=CARTESIAN_POINT('',(-29.0502174669718,77.3473015560447,-356.407495986811));
#11637=CARTESIAN_POINT('Origin',(-23.810773159638,71.3031988926497,-356.276934335896));
#11638=CARTESIAN_POINT('',(-31.8107731596381,70.9692271229879,-371.73752056753));
#11639=CARTESIAN_POINT('Origin',(-23.8107731596381,70.969227122988,-371.73752056753));
#11640=CARTESIAN_POINT('',(-31.810773159638,71.3031988926496,-356.276934335896));
#11641=CARTESIAN_POINT('Origin',(-31.8107731596376,50.1871792528615,-338.352529660979));
#11642=CARTESIAN_POINT('',(-31.8107731596372,4.79800732282716,-370.308123321768));
#11643=CARTESIAN_POINT('',(-31.8107731596372,5.768754585027,-371.321735718379));
#11644=CARTESIAN_POINT('',(-31.8107731596382,75.2069295162366,-371.829061272801));
#11645=CARTESIAN_POINT('Origin',(-32.8107731596373,5.04654172202076,-372.013406579778));
#11646=CARTESIAN_POINT('',(-33.8107731596371,-1.97478732941669,-366.127812168422));
#11647=CARTESIAN_POINT('Origin',(-23.8107731596374,5.2473413006455,-359.211103554433));
#11648=CARTESIAN_POINT('',(-33.8107731596372,3.92658049979416,-372.28976577012));
#11649=CARTESIAN_POINT('',(-33.8107731596372,4.32432885901453,-372.705077441177));
#11650=CARTESIAN_POINT('',(-33.8107731596372,3.92658049979416,-372.28976577012));
#11651=CARTESIAN_POINT('Origin',(-28.8732731596347,5.24734130064543,-359.211103554433));
#11652=CARTESIAN_POINT('',(-42.8107731596371,-1.97478732941681,-366.127812168422));
#11653=CARTESIAN_POINT('Origin',(-52.8107731596371,5.24734130064511,-359.211103554432));
#11654=CARTESIAN_POINT('',(-28.8732731596348,-1.97478732941663,-366.127812168422));
#11655=CARTESIAN_POINT('Origin',(-43.8107731596372,5.04654172202069,-372.013406579778));
#11656=CARTESIAN_POINT('',(-44.8107731596372,4.79800732282712,-370.308123321768));
#11657=CARTESIAN_POINT('',(-44.8107731596373,5.76875458502689,-371.321735718379));
#11658=CARTESIAN_POINT('',(-42.8107731596372,3.92658049979403,-372.28976577012));
#11659=CARTESIAN_POINT('',(-44.8107731596372,4.79800732282712,-370.308123321768));
#11660=CARTESIAN_POINT('',(-42.8107731596372,4.32432885901448,-372.705077441177));
#11661=CARTESIAN_POINT('Origin',(-44.8107731596376,50.1871792528613,-338.352529660979));
#11662=CARTESIAN_POINT('',(-44.8107731596382,75.990973334835,-371.845997791098));
#11663=CARTESIAN_POINT('',(-44.8107731596381,76.3249451044966,-356.385411559466));
#11664=CARTESIAN_POINT('',(-44.8107731596382,75.2069295162364,-371.829061272801));
#11665=CARTESIAN_POINT('Origin',(-34.8107731596381,76.3249451044968,-356.385411559466));
#11666=CARTESIAN_POINT('Origin',(-34.8107731596382,75.9909733348351,-371.845997791099));
#11667=CARTESIAN_POINT('Origin',(-13.8265065495643,79.5986435764001,-372.924162145335));
#11668=CARTESIAN_POINT('',(-20.3758119337315,87.1321754491963,-374.087130978315));
#11669=CARTESIAN_POINT('',(-13.8265065495582,89.5747148133145,-374.139893479147));
#11670=CARTESIAN_POINT('Origin',(-13.8265065495643,79.5770471199526,-373.923928914672));
#11671=CARTESIAN_POINT('',(-13.8265065495594,87.6183741875371,-372.097167027579));
#11672=CARTESIAN_POINT('',(-19.065950856898,85.6643426962426,-372.054957026914));
#11673=CARTESIAN_POINT('Origin',(-22.5968621905243,83.9063237148673,-373.017214474492));
#11674=CARTESIAN_POINT('',(-30.3600785438054,78.4811625393367,-373.900256169845));
#11675=CARTESIAN_POINT('',(-29.0502174669719,77.013329786383,-371.868082218444));
#11676=CARTESIAN_POINT('',(-23.2517927289411,84.6402400913442,-374.033301450192));
#11677=CARTESIAN_POINT('Origin',(-23.8107731596382,70.9476306665405,-372.737287336865));
#11678=CARTESIAN_POINT('',(-33.8107731596382,70.9260342100929,-373.737054106201));
#11679=CARTESIAN_POINT('',(-31.8107731596381,70.9692271229879,-371.73752056753));
#11680=CARTESIAN_POINT('Origin',(-23.8107731596382,70.926034210093,-373.737054106201));
#11681=CARTESIAN_POINT('Origin',(-32.8107731596228,75.1853330597891,-372.828828042138));
#11682=CARTESIAN_POINT('',(-33.8107731596073,75.1637366033415,-373.828594811474));
#11683=CARTESIAN_POINT('Origin',(-25.9357731596326,-0.456600672259862,-367.713037155384));
#11684=CARTESIAN_POINT('',(-25.9357731596328,3.92658049979426,-372.289765770121));
#11685=CARTESIAN_POINT('Origin',(-43.810773159642,75.1853330597889,-372.828828042137));
#11686=CARTESIAN_POINT('',(-42.8107731596458,75.94778042194,-373.84553132977));
#11687=CARTESIAN_POINT('',(-44.8107731596382,75.990973334835,-371.845997791098));
#11688=CARTESIAN_POINT('',(-42.8107731596458,75.1637366033414,-373.828594811474));
#11689=CARTESIAN_POINT('Origin',(-34.8107731596382,75.9693768783876,-372.845764560435));
#11690=CARTESIAN_POINT('Origin',(-34.8107731596383,75.9477804219401,-373.84553132977));
#11691=CARTESIAN_POINT('Origin',(-9.81122684038814,163.018481201158,-330.113322283177));
#11692=CARTESIAN_POINT('',(-7.81122684038757,114.153006633164,-332.113322283177));
#11693=CARTESIAN_POINT('',(-9.52744822472522,110.747342063864,-330.397100898839));
#11694=CARTESIAN_POINT('',(0.144310556085103,129.939951189483,-340.068859679649));
#11695=CARTESIAN_POINT('',(-8.81122684038758,114.39073281895,-331.113322283177));
#11696=CARTESIAN_POINT('',(-9.92938304943465,114.65654782964,-329.995166074129));
#11697=CARTESIAN_POINT('',(-8.81122684038813,163.018481201158,-331.113322283177));
#11698=CARTESIAN_POINT('Origin',(1.18877315961243,105.347101398683,-341.113322283176));
#11699=CARTESIAN_POINT('Origin',(-18.890259537581,98.8072865727987,-374.339330827828));
#11700=CARTESIAN_POINT('',(-16.6554243539869,97.1790768230432,-330.312386777329));
#11701=CARTESIAN_POINT('Origin',(-8.81122684038813,173.739810156662,-350.409602851276));
#11702=CARTESIAN_POINT('',(-8.81122684038825,181.66325700651,-346.69710827966));
#11703=CARTESIAN_POINT('',(-8.81122684038818,175.322262398931,-346.560133319023));
#11704=CARTESIAN_POINT('',(-8.81122684038791,154.327250232246,-351.238588235237));
#11705=CARTESIAN_POINT('',(-8.81122684038782,144.296538164308,-346.183797253673));
#11706=CARTESIAN_POINT('',(-8.81122684038814,173.433677461247,-349.407377520066));
#11707=CARTESIAN_POINT('Origin',(-8.8112268403881,162.427611230016,-335.16425615873));
#11708=CARTESIAN_POINT('Origin',(-8.81122684038816,181.382503072693,-359.694076281031));
#11709=CARTESIAN_POINT('',(-8.81116040037503,163.485795981795,-327.739281745873));
#11710=CARTESIAN_POINT('Origin',(-8.81122684038814,162.427611230017,-335.164256158698));
#11711=CARTESIAN_POINT('Origin',(-8.31122684038817,175.311464170708,-347.060016703691));
#11712=CARTESIAN_POINT('',(-7.81122684038835,181.641660550063,-347.696875048997));
#11713=CARTESIAN_POINT('',(-8.81122684038825,181.66325700651,-346.69710827966));
#11714=CARTESIAN_POINT('',(-7.81122684038817,175.300665942484,-347.559900088359));
#11715=CARTESIAN_POINT('Origin',(-8.31122684038822,181.382503072693,-359.694076281031));
#11716=CARTESIAN_POINT('',(-7.81122684038792,174.045125585205,-350.19866204014));
#11717=CARTESIAN_POINT('',(-8.81122684038814,173.433677461247,-349.407377520066));
#11718=CARTESIAN_POINT('Origin',(-7.81122684038827,181.382503072693,-359.694076281031));
#11719=CARTESIAN_POINT('Origin',(-8.31122684038799,162.427611230016,-335.16425615873));
#11720=CARTESIAN_POINT('',(-7.8112268403879,153.877230176814,-352.131606683932));
#11721=CARTESIAN_POINT('',(-8.81122684038791,154.327250232246,-351.238588235237));
#11722=CARTESIAN_POINT('Origin',(-7.81122684038788,162.427611230016,-335.16425615873));
#11723=CARTESIAN_POINT('Origin',(-8.31122684038782,144.071528136592,-346.630306478021));
#11724=CARTESIAN_POINT('',(-7.81122684038781,143.846518108876,-347.076815702368));
#11725=CARTESIAN_POINT('Origin',(-7.81077315960073,162.427611230017,-335.164256158698));
#11726=CARTESIAN_POINT('',(-7.81077315960069,163.344704681558,-328.72927833425));
#11727=CARTESIAN_POINT('Origin',(-7.81077315960073,162.427611230017,-335.164256158698));
#11728=CARTESIAN_POINT('',(-7.81077315960075,161.863246029068,-339.124242512204));
#11729=CARTESIAN_POINT('Origin',(-7.81077315960073,162.427611230017,-335.164256158698));
#11730=CARTESIAN_POINT('Origin',(-8.31077315960068,162.427611230017,-335.164256158698));
#11731=CARTESIAN_POINT('',(-8.31077315960059,163.415250331677,-328.234280040061));
#11732=CARTESIAN_POINT('Origin',(-16.2107731596007,162.427611230017,-335.164256158698));
#11733=CARTESIAN_POINT('',(-9.81077315960076,161.863246029068,-339.124242512204));
#11734=CARTESIAN_POINT('Origin',(-9.81077315960073,162.427611230017,-335.164256158698));
#11735=CARTESIAN_POINT('',(-16.2107731596007,161.863246029068,-339.124242512204));
#11736=CARTESIAN_POINT('Origin',(-9.81077315960085,154.388391374613,-346.411107544737));
#11737=CARTESIAN_POINT('Origin',(16.1483118463365,104.529586628003,-374.462941061451));
#11738=CARTESIAN_POINT('',(14.8107731595421,243.038913906409,-377.454949543831));
#11739=CARTESIAN_POINT('',(-16.8112268403891,243.038913906408,-377.454949543831));
#11740=CARTESIAN_POINT('',(14.8107731595491,110.251886683208,-374.586551295075));
#11741=CARTESIAN_POINT('',(14.8107731595433,137.679471517037,-375.179028120185));
#11742=CARTESIAN_POINT('',(19.6417456217799,99.6747070223689,-374.358068405967));
#11743=CARTESIAN_POINT('Origin',(28.8107731595491,110.251886683208,-374.586551295075));
#11744=CARTESIAN_POINT('',(40.0497637861329,81.9918830853327,-373.976092980685));
#11745=CARTESIAN_POINT('',(16.8819163164522,102.066001233574,-374.409723935031));
#11746=CARTESIAN_POINT('',(42.810319478803,75.947780421941,-373.84553132977));
#11747=CARTESIAN_POINT('Origin',(34.8103194787954,75.9477804219409,-373.84553132977));
#11748=CARTESIAN_POINT('',(42.8103194787961,3.926580499795,-372.28976577012));
#11749=CARTESIAN_POINT('',(42.810319478803,75.1637366033424,-373.828594811474));
#11750=CARTESIAN_POINT('',(33.8103194787961,3.92658049979492,-372.28976577012));
#11751=CARTESIAN_POINT('',(25.9353194787916,3.92658049979485,-372.289765770121));
#11752=CARTESIAN_POINT('',(33.8103194787955,70.9260342100937,-373.737054106201));
#11753=CARTESIAN_POINT('',(33.8103194787645,75.1637366033423,-373.828594811474));
#11754=CARTESIAN_POINT('',(30.3596248629626,78.4811625393374,-373.900256169845));
#11755=CARTESIAN_POINT('Origin',(23.8103194787955,70.9260342100936,-373.737054106201));
#11756=CARTESIAN_POINT('',(20.3753582528884,87.1321754491968,-374.087130978315));
#11757=CARTESIAN_POINT('',(23.2513390480981,84.6402400913447,-374.033301450193));
#11758=CARTESIAN_POINT('',(13.8260528687151,89.5747148133148,-374.139893479147));
#11759=CARTESIAN_POINT('Origin',(13.8260528687214,79.5770471199529,-373.923928914672));
#11760=CARTESIAN_POINT('',(-17.4362268403873,89.5747148133174,-374.139893479147));
#11761=CARTESIAN_POINT('',(3.99977315957763,217.694589914263,-376.907474266528));
#11762=CARTESIAN_POINT('Origin',(-0.000226840422446162,217.694589914263,
-376.907474266528));
#11763=CARTESIAN_POINT('',(3.99977315957841,178.464790076807,-376.060051958027));
#11764=CARTESIAN_POINT('Origin',(-0.00022684042304606,178.464790076807,
-376.060051958027));
#11765=CARTESIAN_POINT('Origin',(-0.00022684042209179,178.470189190919,
-375.810110265693));
#11766=CARTESIAN_POINT('',(3.4997731595774,178.475588305031,-375.560168573359));
#11767=CARTESIAN_POINT('',(3.74977315957792,178.470189190919,-375.810110265693));
#11768=CARTESIAN_POINT('Origin',(-0.000226840423042502,178.475588305031,
-375.560168573359));
#11769=CARTESIAN_POINT('Origin',(-0.000226840422089919,178.464790076807,
-376.060051958027));
#11770=CARTESIAN_POINT('',(3.49977315957783,178.734745782401,-363.562967341325));
#11771=CARTESIAN_POINT('',(3.49977315957792,178.464790076807,-376.060051958027));
#11772=CARTESIAN_POINT('Origin',(-0.000226840422957125,178.734745782401,
-363.562967341325));
#11773=CARTESIAN_POINT('Origin',(-0.000226840422448032,217.699989028375,
-376.657532574195));
#11774=CARTESIAN_POINT('',(3.49977315957747,217.705388142487,-376.407590881861));
#11775=CARTESIAN_POINT('',(3.74977315957757,217.699989028375,-376.657532574195));
#11776=CARTESIAN_POINT('Origin',(-0.000226840422449903,217.705388142487,
-376.407590881861));
#11777=CARTESIAN_POINT('Origin',(-0.000226840422446162,217.694589914263,
-376.907474266529));
#11778=CARTESIAN_POINT('',(3.49977315957748,217.964545619857,-364.410389649826));
#11779=CARTESIAN_POINT('',(3.49977315957757,217.694589914263,-376.907474266529));
#11780=CARTESIAN_POINT('Origin',(-0.000226840422539677,217.964545619857,
-364.410389649826));
#11781=CARTESIAN_POINT('Origin',(-0.000226840422183434,178.734745782401,
-363.562967341325));
#11782=CARTESIAN_POINT('',(-0.000226840422209618,178.810333379967,-360.063783648648));
#11783=CARTESIAN_POINT('',(3.49977315957783,178.734745782401,-363.562967341325));
#11784=CARTESIAN_POINT('Origin',(-0.000226840422539677,217.964545619857,
-364.410389649826));
#11785=CARTESIAN_POINT('',(-0.000226840422565861,218.040133217423,-360.91120595715));
#11786=CARTESIAN_POINT('',(3.49977315957747,217.964545619857,-364.410389649826));
#11787=CARTESIAN_POINT('Ctrl Pts',(0.688773159638807,89.8261950289955,-338.131951557657));
#11788=CARTESIAN_POINT('Ctrl Pts',(0.674732472657356,89.6225328178461,-347.964838121851));
#11789=CARTESIAN_POINT('Ctrl Pts',(0.660691785675906,89.4188706066966,-357.797724686044));
#11790=CARTESIAN_POINT('Ctrl Pts',(0.646651098694455,89.2152083955472,-367.630611250238));
#11791=CARTESIAN_POINT('Ctrl Pts',(5.06786639599914,89.8261950289983,-338.131951557656));
#11792=CARTESIAN_POINT('Ctrl Pts',(4.89136464423589,89.622550116248,-347.964838495521));
#11793=CARTESIAN_POINT('Ctrl Pts',(4.71485108580961,89.4188533082999,-357.797724312373));
#11794=CARTESIAN_POINT('Ctrl Pts',(4.53834933404637,89.2152083955497,-367.630611250238));
#11795=CARTESIAN_POINT('Ctrl Pts',(9.44695963235981,89.8261950290033,-338.131951557659));
#11796=CARTESIAN_POINT('Ctrl Pts',(9.10798196844384,89.6225021435504,-347.964837459242));
#11797=CARTESIAN_POINT('Ctrl Pts',(8.7690570577578,89.4188770695584,-357.797724825654));
#11798=CARTESIAN_POINT('Ctrl Pts',(8.43007939384183,89.2151841841056,-367.630610727238));
#11799=CARTESIAN_POINT('Ctrl Pts',(14.390288196576,89.8261950290041,-338.131951557659));
#11800=CARTESIAN_POINT('Ctrl Pts',(13.867924968835,89.6225577846329,-347.964838661173));
#11801=CARTESIAN_POINT('Ctrl Pts',(13.3456143602704,89.4189455084131,-357.797726304036));
#11802=CARTESIAN_POINT('Ctrl Pts',(12.8232511325293,89.2153082640419,-367.63061340755));
#11803=CARTESIAN_POINT('Ctrl Pts',(14.9538438110547,89.7737852184433,-338.140714059522));
#11804=CARTESIAN_POINT('Ctrl Pts',(14.4107424802235,89.5874784036474,-347.970677315516));
#11805=CARTESIAN_POINT('Ctrl Pts',(13.8677612111069,89.4015032305544,-357.800647735466));
#11806=CARTESIAN_POINT('Ctrl Pts',(13.3246598802757,89.2151964157584,-367.63061099146));
#11807=CARTESIAN_POINT('Ctrl Pts',(17.1826948172902,89.3653713688623,-338.208997594218));
#11808=CARTESIAN_POINT('Ctrl Pts',(16.5685275725708,89.3158081961288,-348.016212755836));
#11809=CARTESIAN_POINT('Ctrl Pts',(15.9542266881216,89.2653729786566,-357.823409079986));
#11810=CARTESIAN_POINT('Ctrl Pts',(15.3400594434021,89.2158098059231,-367.630624241605));
#11811=CARTESIAN_POINT('Ctrl Pts',(18.775192030746,88.6100554424253,-338.335280386347));
#11812=CARTESIAN_POINT('Ctrl Pts',(18.1343567249875,88.6893328537629,-348.097745782138));
#11813=CARTESIAN_POINT('Ctrl Pts',(17.493422034208,88.7680086293969,-357.860198181698));
#11814=CARTESIAN_POINT('Ctrl Pts',(16.8525867284495,88.8472860407345,-367.62266357749));
#11815=CARTESIAN_POINT('Ctrl Pts',(20.691052111531,86.9432361427873,-338.613959264634));
#11816=CARTESIAN_POINT('Ctrl Pts',(20.0807331915566,87.2309361897264,-348.276032012074));
#11817=CARTESIAN_POINT('Ctrl Pts',(19.4705717371661,87.518927565124,-357.938111052645));
#11818=CARTESIAN_POINT('Ctrl Pts',(18.8602528171917,87.8066276120631,-367.600183800085));
#11819=CARTESIAN_POINT('Ctrl Pts',(21.3243428380355,86.3922662594402,-338.706077029946));
#11820=CARTESIAN_POINT('Ctrl Pts',(20.7105901155828,86.7229630336891,-348.334405391538));
#11821=CARTESIAN_POINT('Ctrl Pts',(20.0969187709069,87.0536491116267,-357.962733522074));
#11822=CARTESIAN_POINT('Ctrl Pts',(19.4831660484543,87.3843458858756,-367.591061883666));
#11823=CARTESIAN_POINT('Ctrl Pts',(24.6524317080605,83.4967924118956,-339.19017713853));
#11824=CARTESIAN_POINT('Ctrl Pts',(23.9187696502052,83.9352029543968,-348.638616721436));
#11825=CARTESIAN_POINT('Ctrl Pts',(23.1851861657744,84.3736599052911,-358.087057306832));
#11826=CARTESIAN_POINT('Ctrl Pts',(22.4515241079192,84.8120704477923,-367.535496889737));
#11827=CARTESIAN_POINT('Ctrl Pts',(27.3472298515813,81.1522884476988,-339.582159481806));
#11828=CARTESIAN_POINT('Ctrl Pts',(26.5165165939103,81.678059630824,-348.884943807469));
#11829=CARTESIAN_POINT('Ctrl Pts',(25.6859280154423,82.203803869523,-358.187727551092));
#11830=CARTESIAN_POINT('Ctrl Pts',(24.8552147577713,82.7295750526483,-367.490511876754));
#11831=CARTESIAN_POINT('Ctrl Pts',(31.0785269319653,77.9060190313446,-340.124909808592));
#11832=CARTESIAN_POINT('Ctrl Pts',(30.113413124014,78.5526309730533,-349.226012942585));
#11833=CARTESIAN_POINT('Ctrl Pts',(29.1484484088762,79.1992941175806,-358.327117182637));
#11834=CARTESIAN_POINT('Ctrl Pts',(28.1833346009249,79.8459060592894,-367.42822031663));
#11835=CARTESIAN_POINT('Ctrl Pts',(31.9061858543797,76.7735336973626,-340.314252314177));
#11836=CARTESIAN_POINT('Ctrl Pts',(30.9733225292176,77.5306178198634,-349.346473185256));
#11837=CARTESIAN_POINT('Ctrl Pts',(30.0406466605834,78.2877429439885,-358.378694942032));
#11838=CARTESIAN_POINT('Ctrl Pts',(29.1077833354213,79.0448270664893,-367.410915813111));
#11839=CARTESIAN_POINT('Ctrl Pts',(32.9001318254388,74.5653535197382,-340.683442408803));
#11840=CARTESIAN_POINT('Ctrl Pts',(32.1802225061863,75.5870004820599,-349.582414870378));
#11841=CARTESIAN_POINT('Ctrl Pts',(31.460443798745,76.6086782040798,-358.48138799641));
#11842=CARTESIAN_POINT('Ctrl Pts',(30.7405344794925,77.6303251664016,-367.380360457986));
#11843=CARTESIAN_POINT('Ctrl Pts',(33.1758711129586,73.5383982256754,-340.855141134311));
#11844=CARTESIAN_POINT('Ctrl Pts',(32.5695735938339,74.6627242147555,-349.691704118085));
#11845=CARTESIAN_POINT('Ctrl Pts',(31.9633967045646,75.7869990851524,-358.52826599762));
#11846=CARTESIAN_POINT('Ctrl Pts',(31.35709918544,76.9113250742326,-367.364828981393));
#11847=CARTESIAN_POINT('Ctrl Pts',(33.2972227372695,72.2058935046823,-341.077925284363));
#11848=CARTESIAN_POINT('Ctrl Pts',(32.8621938682783,73.4372720527825,-349.832944682224));
#11849=CARTESIAN_POINT('Ctrl Pts',(32.4273196188151,74.6687196249291,-358.587965571109));
#11850=CARTESIAN_POINT('Ctrl Pts',(31.9922907498238,75.9000981730293,-367.34298496897));
#11851=CARTESIAN_POINT('Ctrl Pts',(33.3103194787967,71.917666033256,-341.126114616252));
#11852=CARTESIAN_POINT('Ctrl Pts',(32.9134677701559,73.1706379645568,-349.863461971446));
#11853=CARTESIAN_POINT('Ctrl Pts',(32.5170792789336,74.4237303544839,-358.600811928728));
#11854=CARTESIAN_POINT('Ctrl Pts',(32.1202275702927,75.6767022857846,-367.338159283923));
#11855=CARTESIAN_POINT('Ctrl Pts',(33.310319478796,69.9282752748574,-341.458724866892));
#11856=CARTESIAN_POINT('Ctrl Pts',(33.1874050478627,71.3195298563845,-350.073864645898));
#11857=CARTESIAN_POINT('Ctrl Pts',(33.0630042068587,72.7104090615672,-358.688996316215));
#11858=CARTESIAN_POINT('Ctrl Pts',(32.9400897759254,74.1016636430943,-367.304136095222));
#11859=CARTESIAN_POINT('Ctrl Pts',(33.3103194787952,68.2271122696382,-341.743145738537));
#11860=CARTESIAN_POINT('Ctrl Pts',(33.3104252654987,69.6796328000003,-350.252552775245));
#11861=CARTESIAN_POINT('Ctrl Pts',(33.3109011807917,71.1322363670255,-358.76196160567));
#11862=CARTESIAN_POINT('Ctrl Pts',(33.3110069674952,72.5847568973875,-367.271368642378));
#11863=CARTESIAN_POINT('Ctrl Pts',(33.3103194787865,47.9729926027988,-345.129472829101));
#11864=CARTESIAN_POINT('Ctrl Pts',(33.3102016664252,50.1515969868003,-352.379948913322));
#11865=CARTESIAN_POINT('Ctrl Pts',(33.3063295307853,52.3292920124808,-359.630405354046));
#11866=CARTESIAN_POINT('Ctrl Pts',(33.3062117184241,54.5078963964823,-366.880881438268));
#11867=CARTESIAN_POINT('Ctrl Pts',(33.3103194787779,29.4200359411775,-348.231379048015));
#11868=CARTESIAN_POINT('Ctrl Pts',(33.310380748436,32.263818306209,-354.328664700233));
#11869=CARTESIAN_POINT('Ctrl Pts',(33.3102582091077,35.1075628660629,-360.425949535803));
#11870=CARTESIAN_POINT('Ctrl Pts',(33.3103194787658,37.9513452310944,-366.523235188021));
#11871=CARTESIAN_POINT('Ctrl Pts',(33.3103194787703,10.8670792795585,-351.333285266939));
#11872=CARTESIAN_POINT('Ctrl Pts',(33.3103194787721,14.3759902724189,-356.27737942105));
#11873=CARTESIAN_POINT('Ctrl Pts',(33.3103194787739,17.8849012652794,-361.221473575162));
#11874=CARTESIAN_POINT('Ctrl Pts',(33.3103194787757,21.3938122581398,-366.165567729274));
#11875=CARTESIAN_POINT('',(0.68877315963881,89.8261950289952,-338.131951557657));
#11876=CARTESIAN_POINT('',(8.81077315954414,89.8261950290006,-338.131951557656));
#11877=CARTESIAN_POINT('Ctrl Pts',(0.688773159638807,89.8261950289955,-338.131951557657));
#11878=CARTESIAN_POINT('Ctrl Pts',(3.39610649294058,89.8261950289972,-338.131951557656));
#11879=CARTESIAN_POINT('Ctrl Pts',(6.10343982624248,89.8261950289998,-338.131951557657));
#11880=CARTESIAN_POINT('Ctrl Pts',(8.81077315954437,89.8261950290017,-338.131951557658));
#11881=CARTESIAN_POINT('',(0.688773159638582,89.215208395547,-367.630611250238));
#11882=CARTESIAN_POINT('',(0.68877315963881,89.8261950289952,-338.131951557657));
#11883=CARTESIAN_POINT('',(8.81077315954396,89.2152083955523,-367.630611250238));
#11884=CARTESIAN_POINT('Ctrl Pts',(0.688773160879908,89.2152083946092,-367.630611250218));
#11885=CARTESIAN_POINT('Ctrl Pts',(3.39609452816782,89.21520827451,-367.630611247623));
#11886=CARTESIAN_POINT('Ctrl Pts',(6.10343124427988,89.2151967137266,-367.630610997895));
#11887=CARTESIAN_POINT('Ctrl Pts',(8.81077315873788,89.2152270203591,-367.630611652564));
#11888=CARTESIAN_POINT('',(15.3103194787353,89.0985693752276,-367.628091673072));
#11889=CARTESIAN_POINT('Ctrl Pts',(8.81077315873788,89.2152270203591,-367.630611652564));
#11890=CARTESIAN_POINT('Ctrl Pts',(9.98111845048553,89.215240121484,-367.630611935569));
#11891=CARTESIAN_POINT('Ctrl Pts',(11.1514647136531,89.2152610464131,-367.630612387579));
#11892=CARTESIAN_POINT('Ctrl Pts',(12.8232511325293,89.2153082640419,-367.63061340755));
#11893=CARTESIAN_POINT('Ctrl Pts',(13.3246598802757,89.2151964157584,-367.63061099146));
#11894=CARTESIAN_POINT('Ctrl Pts',(14.322952485635,89.2155002477513,-367.630617554685));
#11895=CARTESIAN_POINT('Ctrl Pts',(14.8196216325614,89.1759143436348,-367.629762439992));
#11896=CARTESIAN_POINT('Ctrl Pts',(15.3102345664755,89.0980347088422,-367.628080123484));
#11897=CARTESIAN_POINT('',(33.3103194787749,22.6515936155081,-366.192737686446));
#11898=CARTESIAN_POINT('Ctrl Pts',(15.3102345664755,89.0980347088422,-367.628080123484));
#11899=CARTESIAN_POINT('Ctrl Pts',(16.3146344725829,88.938596804812,-367.624636026464));
#11900=CARTESIAN_POINT('Ctrl Pts',(17.2936517566814,88.6186633420718,-367.617724985504));
#11901=CARTESIAN_POINT('Ctrl Pts',(18.8602528171917,87.8066276120631,-367.600183800085));
#11902=CARTESIAN_POINT('Ctrl Pts',(19.4831660484543,87.3843458858756,-367.591061883666));
#11903=CARTESIAN_POINT('Ctrl Pts',(22.4515241079192,84.8120704477923,-367.535496889737));
#11904=CARTESIAN_POINT('Ctrl Pts',(24.8552147577713,82.7295750526483,-367.490511876754));
#11905=CARTESIAN_POINT('Ctrl Pts',(28.1833346009249,79.8459060592894,-367.42822031663));
#11906=CARTESIAN_POINT('Ctrl Pts',(29.1077833354213,79.0448270664893,-367.410915813111));
#11907=CARTESIAN_POINT('Ctrl Pts',(30.7405344794925,77.6303251664016,-367.380360457986));
#11908=CARTESIAN_POINT('Ctrl Pts',(31.35709918544,76.9113250742326,-367.364828981393));
#11909=CARTESIAN_POINT('Ctrl Pts',(31.9922907498238,75.9000981730293,-367.34298496897));
#11910=CARTESIAN_POINT('Ctrl Pts',(32.1202275702927,75.6767022857846,-367.338159283923));
#11911=CARTESIAN_POINT('Ctrl Pts',(32.9400897759254,74.1016636430943,-367.304136095222));
#11912=CARTESIAN_POINT('Ctrl Pts',(33.3110069674952,72.5847568973875,-367.271368642378));
#11913=CARTESIAN_POINT('Ctrl Pts',(33.3063229427631,54.9271836601828,-366.889938669821));
#11914=CARTESIAN_POINT('Ctrl Pts',(33.310116899874,38.7898189337804,-366.541347473164));
#11915=CARTESIAN_POINT('Ctrl Pts',(33.3103117820707,22.6515936154153,-366.192737686444));
#11916=CARTESIAN_POINT('',(33.3103194787959,20.343944684337,-362.873164577398));
#11917=CARTESIAN_POINT('Ctrl Pts',(33.310319478774,20.3439446843369,-362.873164577398));
#11918=CARTESIAN_POINT('Ctrl Pts',(33.3103194787741,20.2841349979211,-363.045386593902));
#11919=CARTESIAN_POINT('Ctrl Pts',(33.3103194787743,20.2431997926635,-363.224049574918));
#11920=CARTESIAN_POINT('Ctrl Pts',(33.3103194787746,20.1855031364509,-363.722775285723));
#11921=CARTESIAN_POINT('Ctrl Pts',(33.3103194787748,20.209797187565,-364.04363969099));
#11922=CARTESIAN_POINT('Ctrl Pts',(33.3103194787751,20.3713238627746,-364.635753730673));
#11923=CARTESIAN_POINT('Ctrl Pts',(33.3103194787752,20.4986546208,-364.904276251302));
#11924=CARTESIAN_POINT('Ctrl Pts',(33.3103194787754,20.8263066028196,-365.363951634277));
#11925=CARTESIAN_POINT('Ctrl Pts',(33.3103194787754,21.0172930111326,-365.556749020133));
#11926=CARTESIAN_POINT('Ctrl Pts',(33.3103194787754,21.4426036253389,-365.866000458901));
#11927=CARTESIAN_POINT('Ctrl Pts',(33.3103194787754,21.6717898264293,-365.983937806769));
#11928=CARTESIAN_POINT('Ctrl Pts',(33.3103194787752,22.0387975431837,-366.106297906946));
#11929=CARTESIAN_POINT('Ctrl Pts',(33.3103194787752,22.165768290805,-366.137837498159));
#11930=CARTESIAN_POINT('Ctrl Pts',(33.3103194787751,22.3604678616494,-366.170284769298));
#11931=CARTESIAN_POINT('Ctrl Pts',(33.3103194787751,22.4267288128771,-366.178616665358));
#11932=CARTESIAN_POINT('Ctrl Pts',(33.310319478775,22.5459242596302,-366.188777424683));
#11933=CARTESIAN_POINT('Ctrl Pts',(33.310319478775,22.5987341763735,-366.191595843558));
#11934=CARTESIAN_POINT('Ctrl Pts',(33.3103194787749,22.6515936154987,-366.192737686446));
#11935=CARTESIAN_POINT('',(33.3103194787958,19.6012042078314,-353.209887856173));
#11936=CARTESIAN_POINT('Origin',(33.3103194787959,8.88515865917844,-358.893729120868));
#11937=CARTESIAN_POINT('',(33.3103194787746,21.3975086914811,-349.572681548807));
#11938=CARTESIAN_POINT('Ctrl Pts',(33.3103194787747,21.3975086914739,-349.572681548809));
#11939=CARTESIAN_POINT('Ctrl Pts',(33.3103194787747,21.3902591684173,-349.573893611181));
#11940=CARTESIAN_POINT('Ctrl Pts',(33.3103194788455,21.383015025927,-349.575137638702));
#11941=CARTESIAN_POINT('Ctrl Pts',(33.3103194789873,21.3757764753485,-349.576413595077));
#11942=CARTESIAN_POINT('Ctrl Pts',(33.3103194802013,21.3137938927693,-349.587339411027));
#11943=CARTESIAN_POINT('Ctrl Pts',(33.3103194866741,21.2522460011641,-349.600601973934));
#11944=CARTESIAN_POINT('Ctrl Pts',(33.3103194980642,21.1912643727273,-349.616172932124));
#11945=CARTESIAN_POINT('Ctrl Pts',(33.3103195161172,21.094608997266,-349.640852771753));
#11946=CARTESIAN_POINT('Ctrl Pts',(33.3103195466497,20.9995173948956,-349.671295703352));
#11947=CARTESIAN_POINT('Ctrl Pts',(33.3103195850301,20.9064997617798,-349.70733839072));
#11948=CARTESIAN_POINT('Ctrl Pts',(33.3103196554388,20.7358590265212,-349.77345865703));
#11949=CARTESIAN_POINT('Ctrl Pts',(33.3103197524958,20.5732350795853,-349.85802588035));
#11950=CARTESIAN_POINT('Ctrl Pts',(33.3103198259982,20.4214738419073,-349.959361116458));
#11951=CARTESIAN_POINT('Ctrl Pts',(33.3103198608186,20.3495797693053,-350.007366805745));
#11952=CARTESIAN_POINT('Ctrl Pts',(33.3103198900961,20.2801232378886,-350.059136090297));
#11953=CARTESIAN_POINT('Ctrl Pts',(33.3103199078028,20.2134045955528,-350.114494316921));
#11954=CARTESIAN_POINT('Ctrl Pts',(33.310319937082,20.1030808448468,-350.206032858171));
#11955=CARTESIAN_POINT('Ctrl Pts',(33.3103199340886,20.0010558984357,-350.306715101334));
#11956=CARTESIAN_POINT('Ctrl Pts',(33.3103198753911,19.9083594042451,-350.415301233955));
#11957=CARTESIAN_POINT('Ctrl Pts',(33.3103198187116,19.8188495940248,-350.520154434805));
#11958=CARTESIAN_POINT('Ctrl Pts',(33.3103197100639,19.7380379620669,-350.632377291487));
#11959=CARTESIAN_POINT('Ctrl Pts',(33.3103195337225,19.6668268960368,-350.750896300279));
#11960=CARTESIAN_POINT('Ctrl Pts',(33.3103195055985,19.6554697234848,-350.769798430363));
#11961=CARTESIAN_POINT('Ctrl Pts',(33.310319475764,19.6443566951746,-350.788860801548));
#11962=CARTESIAN_POINT('Ctrl Pts',(33.3103194441677,19.6334914094578,-350.80807916706));
#11963=CARTESIAN_POINT('Ctrl Pts',(33.3103192544888,19.5682648345771,-350.923451021039));
#11964=CARTESIAN_POINT('Ctrl Pts',(33.3103190023709,19.5124571053883,-351.04357690188));
#11965=CARTESIAN_POINT('Ctrl Pts',(33.3103186824284,19.4664782341803,-351.167238701116));
#11966=CARTESIAN_POINT('Ctrl Pts',(33.3103183592906,19.4200401736649,-351.292135506224));
#11967=CARTESIAN_POINT('Ctrl Pts',(33.3103179671397,19.3836282649206,-351.420639221523));
#11968=CARTESIAN_POINT('Ctrl Pts',(33.3103175036036,19.3576382180575,-351.551541186354));
#11969=CARTESIAN_POINT('Ctrl Pts',(33.310317292088,19.3457787293132,-351.611272913146));
#11970=CARTESIAN_POINT('Ctrl Pts',(33.3103170657357,19.3360888935034,-351.67150462922));
#11971=CARTESIAN_POINT('Ctrl Pts',(33.3103168243788,19.3286045160729,-351.732124604007));
#11972=CARTESIAN_POINT('Ctrl Pts',(33.3103162551097,19.3109517177052,-351.87510405713));
#11973=CARTESIAN_POINT('Ctrl Pts',(33.3103156073784,19.3057249226373,-352.019016333266));
#11974=CARTESIAN_POINT('Ctrl Pts',(33.3103148825418,19.3128228183869,-352.162236950903));
#11975=CARTESIAN_POINT('Ctrl Pts',(33.3103140934534,19.3205498939828,-352.318153095408));
#11976=CARTESIAN_POINT('Ctrl Pts',(33.3103132132645,19.3428832969736,-352.47324988038));
#11977=CARTESIAN_POINT('Ctrl Pts',(33.3103122389655,19.3796614102833,-352.62548497921));
#11978=CARTESIAN_POINT('Ctrl Pts',(33.3103120799275,19.3856648231291,-352.650334816944));
#11979=CARTESIAN_POINT('Ctrl Pts',(33.3103119183672,19.3920530606572,-352.675108502203));
#11980=CARTESIAN_POINT('Ctrl Pts',(33.3103117542537,19.3988253590512,-352.699797257703));
#11981=CARTESIAN_POINT('Ctrl Pts',(33.3103105757789,19.4474562230633,-352.877083526192));
#11982=CARTESIAN_POINT('Ctrl Pts',(33.3103092788259,19.5153977104943,-353.048112564246));
#11983=CARTESIAN_POINT('Ctrl Pts',(33.3103078539896,19.6012013047021,-353.209887793461));
#11984=CARTESIAN_POINT('',(15.3103194787346,89.7063067505397,-338.151995920574));
#11985=CARTESIAN_POINT('Ctrl Pts',(15.3103194787351,89.70630675054,-338.151995920578));
#11986=CARTESIAN_POINT('Ctrl Pts',(15.3764729885408,89.6956244086785,-338.153781922845));
#11987=CARTESIAN_POINT('Ctrl Pts',(15.4425136843551,89.6842415281874,-338.155685049577));
#11988=CARTESIAN_POINT('Ctrl Pts',(17.1826948172902,89.3653713688623,-338.208997594218));
#11989=CARTESIAN_POINT('Ctrl Pts',(18.775192030746,88.6100554424253,-338.335280386347));
#11990=CARTESIAN_POINT('Ctrl Pts',(20.691052111531,86.9432361427873,-338.613959264634));
#11991=CARTESIAN_POINT('Ctrl Pts',(21.3243428380355,86.3922662594402,-338.706077029946));
#11992=CARTESIAN_POINT('Ctrl Pts',(24.6524317080605,83.4967924118956,-339.19017713853));
#11993=CARTESIAN_POINT('Ctrl Pts',(27.3472298515813,81.1522884476988,-339.582159481806));
#11994=CARTESIAN_POINT('Ctrl Pts',(31.0785269319653,77.9060190313446,-340.124909808592));
#11995=CARTESIAN_POINT('Ctrl Pts',(31.9061858543797,76.7735336973626,-340.314252314177));
#11996=CARTESIAN_POINT('Ctrl Pts',(32.9001318254388,74.5653535197382,-340.683442408803));
#11997=CARTESIAN_POINT('Ctrl Pts',(33.1758711129586,73.5383982256754,-340.855141134311));
#11998=CARTESIAN_POINT('Ctrl Pts',(33.2972227372695,72.2058935046823,-341.077925284363));
#11999=CARTESIAN_POINT('Ctrl Pts',(33.3103194787967,71.917666033256,-341.126114616252));
#12000=CARTESIAN_POINT('Ctrl Pts',(33.310319478796,69.9282752748574,-341.458724866892));
#12001=CARTESIAN_POINT('Ctrl Pts',(33.3103194787952,68.2271122696382,-341.743145738537));
#12002=CARTESIAN_POINT('Ctrl Pts',(33.310319478788,51.4831357401065,-344.542604923058));
#12003=CARTESIAN_POINT('Ctrl Pts',(33.3103194787811,36.4403222157934,-347.057643235931));
#12004=CARTESIAN_POINT('Ctrl Pts',(33.3103194787747,21.3975086914813,-349.572681548808));
#12005=CARTESIAN_POINT('Ctrl Pts',(8.81077315954439,89.8261950290017,-338.131951557658));
#12006=CARTESIAN_POINT('Ctrl Pts',(10.482533062603,89.8261950290028,-338.131951557658));
#12007=CARTESIAN_POINT('Ctrl Pts',(12.1542929656616,89.8261950290037,-338.131951557659));
#12008=CARTESIAN_POINT('Ctrl Pts',(14.3232271272838,89.8261950290041,-338.131951557659));
#12009=CARTESIAN_POINT('Ctrl Pts',(14.8198736427797,89.7855030033106,-338.138754939452));
#12010=CARTESIAN_POINT('Ctrl Pts',(15.3103194787351,89.70630675054,-338.151995920578));
#12011=CARTESIAN_POINT('Ctrl Pts',(0.688773159638807,89.8261950289953,-338.131951557657));
#12012=CARTESIAN_POINT('Ctrl Pts',(0.688773159638731,89.6225328178458,-347.96483812185));
#12013=CARTESIAN_POINT('Ctrl Pts',(0.688773159638656,89.4188706066964,-357.797724686044));
#12014=CARTESIAN_POINT('Ctrl Pts',(0.68877315963858,89.215208395547,-367.630611250238));
#12015=CARTESIAN_POINT('Ctrl Pts',(0.430343115508233,89.8261950289954,-338.131951557657));
#12016=CARTESIAN_POINT('Ctrl Pts',(0.439930907989471,89.622532817846,-347.96483812185));
#12017=CARTESIAN_POINT('Ctrl Pts',(0.449518700470707,89.4188706066966,-357.797724686044));
#12018=CARTESIAN_POINT('Ctrl Pts',(0.459106492951945,89.2152083955472,-367.630611250238));
#12019=CARTESIAN_POINT('Ctrl Pts',(0.171913071377659,89.8261950289956,-338.131951557657));
#12020=CARTESIAN_POINT('Ctrl Pts',(0.191088656340209,89.6225328178461,-347.96483812185));
#12021=CARTESIAN_POINT('Ctrl Pts',(0.210264241302759,89.4188706066967,-357.797724686044));
#12022=CARTESIAN_POINT('Ctrl Pts',(0.229439826265309,89.2152083955473,-367.630611250238));
#12023=CARTESIAN_POINT('Ctrl Pts',(-0.0865169727529147,89.8261950289957,
-338.131951557657));
#12024=CARTESIAN_POINT('Ctrl Pts',(-0.0577535953090521,89.6225328178463,
-347.96483812185));
#12025=CARTESIAN_POINT('Ctrl Pts',(-0.0289902178651894,89.4188706066969,
-357.797724686044));
#12026=CARTESIAN_POINT('Ctrl Pts',(-0.000226840421326813,89.2152083955474,
-367.630611250238));
#12027=CARTESIAN_POINT('Ctrl Pts',(0.68877315963858,89.215208395547,-367.630611250238));
#12028=CARTESIAN_POINT('Ctrl Pts',(0.459106492951945,89.2152083955472,-367.630611250238));
#12029=CARTESIAN_POINT('Ctrl Pts',(0.229439826265309,89.2152083955473,-367.630611250238));
#12030=CARTESIAN_POINT('Ctrl Pts',(-0.000226840421326813,89.2152083955474,
-367.630611250238));
#12031=CARTESIAN_POINT('Ctrl Pts',(0.688773159638807,89.8261950289953,-338.131951557657));
#12032=CARTESIAN_POINT('Ctrl Pts',(0.459106492952021,89.8261950289954,-338.131951557657));
#12033=CARTESIAN_POINT('Ctrl Pts',(0.229439826265235,89.8261950289955,-338.131951557657));
#12034=CARTESIAN_POINT('Ctrl Pts',(-0.000226840421551161,89.8261950289957,
-338.131951557657));
#12035=CARTESIAN_POINT('Origin',(7.73268289889779,218.871974719336,-351.497813511095));
#12036=CARTESIAN_POINT('',(7.3103194786647,218.464205564412,-350.518668825008));
#12037=CARTESIAN_POINT('',(-2.00045368086257,218.464205564412,-350.518668825008));
#12038=CARTESIAN_POINT('',(7.3103194786647,219.279743874259,-352.476958197182));
#12039=CARTESIAN_POINT('',(7.3103194786647,219.279743874259,-352.476958197182));
#12040=CARTESIAN_POINT('',(7.73268289889779,219.279743874259,-352.476958197183));
#12041=CARTESIAN_POINT('Origin',(2.57740973935609,238.460474328241,-359.567809669313));
#12042=CARTESIAN_POINT('',(7.3103194786882,237.481329642154,-359.975578824236));
#12043=CARTESIAN_POINT('',(-2.57786342020259,237.481329642154,-359.975578824236));
#12044=CARTESIAN_POINT('',(7.31031947868816,239.439619014328,-359.160040514389));
#12045=CARTESIAN_POINT('',(7.3103194786882,237.481329642154,-359.975578824236));
#12046=CARTESIAN_POINT('',(-7.15572684040342,239.439619014328,-359.160040514389));
#12047=CARTESIAN_POINT('Origin',(5.15504631913502,228.380536758206,-356.226268510709));
#12048=CARTESIAN_POINT('',(8.81031947866467,220.666657715268,-353.048333728345));
#12049=CARTESIAN_POINT('Origin',(7.31031947866469,220.66665771527,-353.048333728346));
#12050=CARTESIAN_POINT('',(8.81031947868827,236.094415801141,-359.404203293072));
#12051=CARTESIAN_POINT('',(8.81031947868443,233.624390120684,-358.386611433054));
#12052=CARTESIAN_POINT('Origin',(7.31031947868822,236.094415801143,-359.404203293073));
#12053=CARTESIAN_POINT('Origin',(16.8107731595425,243.038913906409,-377.454949543831));
#12054=CARTESIAN_POINT('',(14.8107731595424,245.081640357976,-375.498608918054));
#12055=CARTESIAN_POINT('',(-16.8112268403891,245.081640357976,-375.498608918054));
#12056=CARTESIAN_POINT('',(14.8107731595425,231.721034563806,-388.294201729844));
#12057=CARTESIAN_POINT('Origin',(16.8107731595424,245.081640357976,-375.498608918054));
#12058=CARTESIAN_POINT('',(14.8107731595424,245.307695439149,-365.033819995649));
#12059=CARTESIAN_POINT('',(-14.3112268403852,245.307695439152,-365.033819995657));
#12060=CARTESIAN_POINT('',(14.8107731595425,245.335856823243,-363.730142419416));
#12061=CARTESIAN_POINT('Origin',(16.8107731595425,240.308861592468,-364.925837713411));
#12062=CARTESIAN_POINT('',(14.8107731595424,242.213446696346,-360.302791576709));
#12063=CARTESIAN_POINT('',(-14.3112268403851,242.213446696349,-360.302791576716));
#12064=CARTESIAN_POINT('Origin',(14.8107731595424,240.308861592468,-364.925837713411));
#12065=CARTESIAN_POINT('Origin',(-17.4362268403879,88.5965445004286,-373.118530253363));
#12066=CARTESIAN_POINT('',(13.8260528687163,87.6183741875374,-372.097167027579));
#12067=CARTESIAN_POINT('',(18.4353194787625,87.6183741875403,-372.097167027579));
#12068=CARTESIAN_POINT('',(13.8260528687163,87.6183741875374,-372.097167027579));
#12069=CARTESIAN_POINT('Origin',(-15.8112268403564,87.575181274644,-374.096700566252));
#12070=CARTESIAN_POINT('',(13.8260528687163,87.6833795214444,-369.087869051878));
#12071=CARTESIAN_POINT('',(-20.3899089132578,87.6833795214488,-369.087869051878));
#12072=CARTESIAN_POINT('',(13.8260528687164,87.5751812746424,-374.096700566252));
#12073=CARTESIAN_POINT('Origin',(-20.3899089132573,88.4442951246576,-368.359132168776));
#12074=CARTESIAN_POINT('',(13.8260528687153,89.2052107278621,-367.630395285673));
#12075=CARTESIAN_POINT('',(-20.3899089132568,89.2052107278664,-367.630395285674));
#12076=CARTESIAN_POINT('',(13.8260528687153,89.2052107278621,-367.630395285673));
#12077=CARTESIAN_POINT('Origin',(-24.9685909861784,55.9694758665446,-366.912453739257));
#12078=CARTESIAN_POINT('',(20.0413436782958,86.8872408713142,-367.580323672384));
#12079=CARTESIAN_POINT('Origin',(13.8260528687212,79.7174240868617,-367.425444913987));
#12080=CARTESIAN_POINT('',(30.02561028837,78.2362279614547,-367.393448863913));
#12081=CARTESIAN_POINT('',(35.7586750468824,73.2687306803918,-367.286143498328));
#12082=CARTESIAN_POINT('',(33.3003194787954,71.0664111770024,-367.238570105516));
#12083=CARTESIAN_POINT('Origin',(23.8103194787954,71.0664111770023,-367.238570105516));
#12084=CARTESIAN_POINT('',(33.3003194787958,22.6515936155081,-366.192737686446));
#12085=CARTESIAN_POINT('',(33.3003194787956,52.7713513606012,-366.84336947008));
#12086=CARTESIAN_POINT('',(31.8103194787959,22.6515936155081,-366.192737686446));
#12087=CARTESIAN_POINT('Origin',(-25.5152748496869,50.5354225746323,-344.70105499736));
#12088=CARTESIAN_POINT('',(13.8260528687148,89.8163319313081,-338.133600588839));
#12089=CARTESIAN_POINT('',(20.6627971641639,89.8163319313129,-338.133600588838));
#12090=CARTESIAN_POINT('',(33.3003194787957,21.3975086914811,-349.572681548807));
#12091=CARTESIAN_POINT('',(31.8103194787957,21.397508691481,-349.572681548807));
#12092=CARTESIAN_POINT('',(33.3003194787952,71.629438280074,-341.174303995232));
#12093=CARTESIAN_POINT('',(33.3003194787954,50.8823155294107,-344.643057265065));
#12094=CARTESIAN_POINT('',(33.2946508053648,71.9577691785209,-341.119409690549));
#12095=CARTESIAN_POINT('Ctrl Pts',(33.3003194787952,71.6294382800739,-341.174303995232));
#12096=CARTESIAN_POINT('Ctrl Pts',(33.3003194787952,71.7389034814983,-341.156002287572));
#12097=CARTESIAN_POINT('Ctrl Pts',(33.2984295606263,71.8483686806853,-341.137700580286));
#12098=CARTESIAN_POINT('Ctrl Pts',(33.2946508053648,71.9577691785209,-341.119409690549));
#12099=CARTESIAN_POINT('',(30.0354129003742,78.8003877834856,-339.975378494251));
#12100=CARTESIAN_POINT('Ctrl Pts',(33.2946508053686,71.9577691784091,-341.119409690568));
#12101=CARTESIAN_POINT('Ctrl Pts',(33.2562412064523,73.069783308382,-340.933489806842));
#12102=CARTESIAN_POINT('Ctrl Pts',(32.7074974233495,75.649204625696,-340.502231157813));
#12103=CARTESIAN_POINT('Ctrl Pts',(31.1573959391967,77.8242502243118,-340.138580900237));
#12104=CARTESIAN_POINT('Ctrl Pts',(30.0354129003742,78.8003877834856,-339.975378494251));
#12105=CARTESIAN_POINT('',(29.8967486278425,78.9210272226306,-339.955208543264));
#12106=CARTESIAN_POINT('Ctrl Pts',(30.0354129003742,78.8003877834856,-339.975378494251));
#12107=CARTESIAN_POINT('Ctrl Pts',(29.989191476197,78.8406009298672,-339.968655177255));
#12108=CARTESIAN_POINT('Ctrl Pts',(29.9429700520197,78.8808140762489,-339.96193186026));
#12109=CARTESIAN_POINT('Ctrl Pts',(29.8967486278425,78.9210272226306,-339.955208543264));
#12110=CARTESIAN_POINT('',(20.0511462902996,87.4868093261203,-338.523078168501));
#12111=CARTESIAN_POINT('',(39.0698431870816,70.9403342680176,-341.289516683941));
#12112=CARTESIAN_POINT('',(19.8894430468452,87.6243466278959,-338.500083029802));
#12113=CARTESIAN_POINT('Ctrl Pts',(20.0511462902995,87.4868093261203,-338.523078168501));
#12114=CARTESIAN_POINT('Ctrl Pts',(19.9977627149862,87.5332536226054,-338.51531305296));
#12115=CARTESIAN_POINT('Ctrl Pts',(19.9438571995038,87.5791032881693,-338.507647354962));
#12116=CARTESIAN_POINT('Ctrl Pts',(19.8894430468452,87.6243466278959,-338.500083029802));
#12117=CARTESIAN_POINT('',(15.3103194787346,89.6994170799964,-338.153147818479));
#12118=CARTESIAN_POINT('Ctrl Pts',(19.8894430468931,87.6243466278561,-338.500083029809));
#12119=CARTESIAN_POINT('Ctrl Pts',(18.5867463687824,88.7074903595809,-338.318990046157));
#12120=CARTESIAN_POINT('Ctrl Pts',(16.9844047294864,89.4264959703424,-338.198778048892));
#12121=CARTESIAN_POINT('Ctrl Pts',(15.3098566195225,89.6966258173826,-338.153614495301));
#12122=CARTESIAN_POINT('Ctrl Pts',(15.3098566195225,89.6966258173826,-338.153614495301));
#12123=CARTESIAN_POINT('Ctrl Pts',(14.8195427715811,89.7757208305136,-338.140390440635));
#12124=CARTESIAN_POINT('Ctrl Pts',(14.323038374468,89.8163319313084,-338.133600588839));
#12125=CARTESIAN_POINT('Ctrl Pts',(13.8260528687147,89.816331931308,-338.133600588839));
#12126=CARTESIAN_POINT('Origin',(-20.6632508450074,89.0976205130323,-337.51162716885));
#12127=CARTESIAN_POINT('',(13.8260528687155,88.3789090947474,-336.889653748863));
#12128=CARTESIAN_POINT('',(21.6623434833813,88.3789090947524,-336.889653748862));
#12129=CARTESIAN_POINT('',(13.8260528687148,89.8163319313081,-338.133600588839));
#12130=CARTESIAN_POINT('Origin',(-15.8112268403564,87.575181274644,-374.096700566252));
#12131=CARTESIAN_POINT('',(13.8260528687155,88.4464121047448,-333.764730621332));
#12132=CARTESIAN_POINT('',(29.8107731595491,88.4464121047555,-333.76473062133));
#12133=CARTESIAN_POINT('',(13.8260528687164,87.5751812746424,-374.096700566252));
#12134=CARTESIAN_POINT('Origin',(-29.8112268403915,89.4543183307778,-332.600060733648));
#12135=CARTESIAN_POINT('',(13.8260528687138,90.4622245567907,-331.435390845968));
#12136=CARTESIAN_POINT('',(29.8107731595476,90.4622245568013,-331.435390845966));
#12137=CARTESIAN_POINT('',(13.8260528687155,88.4464121047448,-333.764730621332));
#12138=CARTESIAN_POINT('Origin',(16.1483118463362,101.304506255691,-329.622647915419));
#12139=CARTESIAN_POINT('',(17.2332953049522,103.368258319351,-329.277605048271));
#12140=CARTESIAN_POINT('',(16.1483118463363,103.36825831935,-329.277605048272));
#12141=CARTESIAN_POINT('',(20.3885161213498,88.0069156698077,-331.845898887615));
#12142=CARTESIAN_POINT('Ctrl Pts',(13.8260528687138,90.4622245567907,-331.435390845968));
#12143=CARTESIAN_POINT('Ctrl Pts',(16.214825567373,90.4622245567923,-331.435390845968));
#12144=CARTESIAN_POINT('Ctrl Pts',(18.5916446480783,89.5702135748357,-331.584527959946));
#12145=CARTESIAN_POINT('Ctrl Pts',(20.3885161213498,88.0069156698077,-331.845898887614));
#12146=CARTESIAN_POINT('',(20.5746426616608,87.8449835367272,-331.872972647329));
#12147=CARTESIAN_POINT('Ctrl Pts',(20.3885161213498,88.0069156698076,-331.845898887614));
#12148=CARTESIAN_POINT('Ctrl Pts',(20.4505583014535,87.9529382921141,-331.854923474186));
#12149=CARTESIAN_POINT('Ctrl Pts',(20.5126004815571,87.8989609144207,-331.863948060757));
#12150=CARTESIAN_POINT('Ctrl Pts',(20.5746426616608,87.8449835367272,-331.872972647329));
#12151=CARTESIAN_POINT('',(30.3727827314245,79.3204941271728,-333.298199213364));
#12152=CARTESIAN_POINT('',(31.1647570362899,78.6314677888683,-333.413398915642));
#12153=CARTESIAN_POINT('',(30.6101267157134,79.1072558169761,-333.333850956241));
#12154=CARTESIAN_POINT('Ctrl Pts',(30.3727827314245,79.3204941271729,-333.298199213364));
#12155=CARTESIAN_POINT('Ctrl Pts',(30.4530331085155,79.2506754182388,-333.309872344035));
#12156=CARTESIAN_POINT('Ctrl Pts',(30.5321609487927,79.1795836327966,-333.321758322933));
#12157=CARTESIAN_POINT('Ctrl Pts',(30.6101267157133,79.1072558169761,-333.333850956241));
#12158=CARTESIAN_POINT('',(33.8103194787952,71.772312923073,-334.560194842718));
#12159=CARTESIAN_POINT('Ctrl Pts',(30.6101267157133,79.1072558169761,-333.333850956241));
#12160=CARTESIAN_POINT('Ctrl Pts',(31.4742973189528,78.3055761221916,-333.467885400249));
#12161=CARTESIAN_POINT('Ctrl Pts',(33.1546442376489,76.0774684151769,-333.840407218678));
#12162=CARTESIAN_POINT('Ctrl Pts',(33.8103194787952,73.3385168109816,-334.298338057915));
#12163=CARTESIAN_POINT('Ctrl Pts',(33.8103194787952,71.772312923073,-334.560194842718));
#12164=CARTESIAN_POINT('',(33.8103194787952,71.3985452577668,-334.622685812033));
#12165=CARTESIAN_POINT('Ctrl Pts',(33.8103194787952,71.772312923073,-334.560194842718));
#12166=CARTESIAN_POINT('Ctrl Pts',(33.8103194787952,71.6477237013043,-334.581025165823));
#12167=CARTESIAN_POINT('Ctrl Pts',(33.8103194787952,71.5231344795356,-334.601855488928));
#12168=CARTESIAN_POINT('Ctrl Pts',(33.8103194787952,71.3985452577669,-334.622685812033));
#12169=CARTESIAN_POINT('',(33.8103194787641,6.63751023434603,-345.450213787595));
#12170=CARTESIAN_POINT('',(33.8103194787951,77.6414125824697,-333.578928241119));
#12171=CARTESIAN_POINT('',(42.8103194787958,6.63751023434611,-345.450213787595));
#12172=CARTESIAN_POINT('',(31.8103194787641,6.63751023434602,-345.450213787596));
#12173=CARTESIAN_POINT('',(42.8103194787951,76.4408454982992,-333.779653471741));
#12174=CARTESIAN_POINT('',(42.8103194787951,77.6414125824698,-333.578928241119));
#12175=CARTESIAN_POINT('',(42.8103194787951,76.8146131636054,-333.717162502426));
#12176=CARTESIAN_POINT('Ctrl Pts',(42.8103194787951,76.4408454982992,-333.779653471741));
#12177=CARTESIAN_POINT('Ctrl Pts',(42.8103194787951,76.5654347200679,-333.758823148636));
#12178=CARTESIAN_POINT('Ctrl Pts',(42.8103194787951,76.6900239418367,-333.737992825531));
#12179=CARTESIAN_POINT('Ctrl Pts',(42.8103194787951,76.8146131636054,-333.717162502426));
#12180=CARTESIAN_POINT('',(40.1882865781037,82.7859455747331,-332.718803401008));
#12181=CARTESIAN_POINT('Ctrl Pts',(42.8103194787951,76.8146131636054,-333.717162502426));
#12182=CARTESIAN_POINT('Ctrl Pts',(42.8103194787951,78.0973734555502,-333.50269522373));
#12183=CARTESIAN_POINT('Ctrl Pts',(42.2676204120975,80.3397661738158,-333.127785065478));
#12184=CARTESIAN_POINT('Ctrl Pts',(40.8914617742607,82.1421510796385,-332.826440700252));
#12185=CARTESIAN_POINT('Ctrl Pts',(40.1882865781037,82.7859455747331,-332.718803401008));
#12186=CARTESIAN_POINT('',(40.0366059176703,82.9213246626548,-332.696169098433));
#12187=CARTESIAN_POINT('Ctrl Pts',(40.1882865781037,82.7859455747331,-332.718803401008));
#12188=CARTESIAN_POINT('Ctrl Pts',(40.1382901592542,82.8317199697995,-332.711150287636));
#12189=CARTESIAN_POINT('Ctrl Pts',(40.0877244157637,82.8768510082135,-332.703604738359));
#12190=CARTESIAN_POINT('Ctrl Pts',(40.0366059176703,82.9213246626547,-332.696169098433));
#12191=CARTESIAN_POINT('',(19.6547726307135,100.65374334264,-329.731450278506));
#12192=CARTESIAN_POINT('',(26.1773564020313,94.979023866728,-330.680218065442));
#12193=CARTESIAN_POINT('',(19.6548007353246,100.653775896177,-329.731444835814));
#12194=CARTESIAN_POINT('',(16.6549706731436,97.1790768230436,-330.312386777329));
#12195=CARTESIAN_POINT('',(18.2211472660164,102.089146933308,-329.491462259034));
#12196=CARTESIAN_POINT('Ctrl Pts',(18.2211472660164,102.089146933308,-329.491462259034));
#12197=CARTESIAN_POINT('Ctrl Pts',(18.6634082132604,101.577032933914,-329.577083630792));
#12198=CARTESIAN_POINT('Ctrl Pts',(19.1429565368189,101.096891275869,-329.657359482356));
#12199=CARTESIAN_POINT('Ctrl Pts',(19.6548032443833,100.65377871562,-329.731444364426));
#12200=CARTESIAN_POINT('Ctrl Pts',(17.2332953049526,103.368258319351,-329.277605048271));
#12201=CARTESIAN_POINT('Ctrl Pts',(17.5359537701201,102.927478220747,-329.351299961377));
#12202=CARTESIAN_POINT('Ctrl Pts',(17.8692753983609,102.496595319928,-329.423340142037));
#12203=CARTESIAN_POINT('Ctrl Pts',(18.2211472660163,102.089146933308,-329.491462259034));
#12204=CARTESIAN_POINT('Origin',(15.3103194786816,181.382503072693,-359.694076281031));
#12205=CARTESIAN_POINT('',(7.81077315954314,181.641660550063,-347.696875048997));
#12206=CARTESIAN_POINT('',(7.81077315954289,174.045125585205,-350.19866204014));
#12207=CARTESIAN_POINT('Origin',(7.81077315954307,181.382503072693,-359.694076281031));
#12208=CARTESIAN_POINT('',(15.3103194786815,181.641660550063,-347.696875048997));
#12209=CARTESIAN_POINT('',(15.3103194786816,174.045125585205,-350.19866204014));
#12210=CARTESIAN_POINT('Origin',(16.8107731595425,242.213446696346,-360.302791576709));
#12211=CARTESIAN_POINT('',(10.8107731595372,215.69037788239,-349.375917762681));
#12212=CARTESIAN_POINT('',(-0.499999999994605,215.69037788239,-349.375917762681));
#12213=CARTESIAN_POINT('',(10.8107731595433,178.219220696698,-333.938691810207));
#12214=CARTESIAN_POINT('',(10.8107731595428,211.202127111003,-347.526865144794));
#12215=CARTESIAN_POINT('',(14.8107731595432,178.219220696698,-333.938691810207));
#12216=CARTESIAN_POINT('',(16.8107731595432,178.219220696698,-333.938691810207));
#12217=CARTESIAN_POINT('',(14.8107731595428,211.202127111003,-347.526865144794));
#12218=CARTESIAN_POINT('',(10.3103194786884,236.665791332302,-358.01728945206));
#12219=CARTESIAN_POINT('Origin',(7.31031947868819,236.665791332306,-358.017289452062));
#12220=CARTESIAN_POINT('',(10.3103194786646,221.23803324643,-351.661419887334));
#12221=CARTESIAN_POINT('',(10.3103194786972,242.410658258362,-360.384038051922));
#12222=CARTESIAN_POINT('Origin',(7.31031947866466,221.238033246433,-351.661419887336));
#12223=CARTESIAN_POINT('Origin',(7.31031947868821,236.380103566725,-358.710746372567));
#12224=CARTESIAN_POINT('',(8.81031947868827,236.094415801141,-359.404203293072));
#12225=CARTESIAN_POINT('Origin',(9.56031947868443,233.910077886265,-357.693154512548));
#12226=CARTESIAN_POINT('',(8.81031947866467,220.666657715268,-353.048333728345));
#12227=CARTESIAN_POINT('Origin',(7.31031947866467,220.952345480852,-352.354876807841));
#12228=CARTESIAN_POINT('Origin',(0.499546319148768,210.35753959153,-362.320446945449));
#12229=CARTESIAN_POINT('',(9.86745369106145,210.659889981795,-348.323712174742));
#12230=CARTESIAN_POINT('',(0.499546319148663,210.659889981795,-348.323712174742));
#12231=CARTESIAN_POINT('Origin',(-3.18922684046301,210.35753959153,-362.320446945449));
#12232=CARTESIAN_POINT('Origin',(15.3103194786816,176.799264606568,-347.592272059277));
#12233=CARTESIAN_POINT('',(7.81077315954277,204.961831340683,-348.200625591899));
#12234=CARTESIAN_POINT('',(4.79710931291761,196.612438686109,-348.020266231738));
#12235=CARTESIAN_POINT('',(7.81077315954311,175.300665942484,-347.559900088359));
#12236=CARTESIAN_POINT('Origin',(16.8422840269849,105.347101398684,-341.113322283177));
#12237=CARTESIAN_POINT('',(9.52699454388163,110.747342063864,-330.397100898839));
#12238=CARTESIAN_POINT('',(16.8422840269848,110.747342063864,-330.397100898839));
#12239=CARTESIAN_POINT('',(10.810773159544,105.347101398684,-329.113322283177));
#12240=CARTESIAN_POINT('',(16.1483118463365,105.347095739497,-329.113322283177));
#12241=CARTESIAN_POINT('Origin',(-1.1892268404559,105.347101398683,-341.113322283176));
#12242=CARTESIAN_POINT('Origin',(16.1483118463364,105.347095739497,-341.113322283177));
#12243=CARTESIAN_POINT('',(16.610657619753,104.366515699526,-329.15345343836));
#12244=CARTESIAN_POINT('Ctrl Pts',(16.610657619753,104.366515699526,-329.15345343836));
#12245=CARTESIAN_POINT('Ctrl Pts',(16.7984579892685,104.033878819896,-329.180726068935));
#12246=CARTESIAN_POINT('Ctrl Pts',(17.0071027849291,103.697676368914,-329.222528980602));
#12247=CARTESIAN_POINT('Ctrl Pts',(17.2332953049526,103.368258319351,-329.277605048271));
#12248=CARTESIAN_POINT('',(16.1081695826939,105.347095739497,-329.113322283177));
#12249=CARTESIAN_POINT('Ctrl Pts',(16.108169582694,105.347095739497,-329.113322283177));
#12250=CARTESIAN_POINT('Ctrl Pts',(16.2625980847257,105.013750786383,-329.113322283177));
#12251=CARTESIAN_POINT('Ctrl Pts',(16.4300472537807,104.686417458617,-329.127224950089));
#12252=CARTESIAN_POINT('Ctrl Pts',(16.610657619753,104.366515699526,-329.15345343836));
#12253=CARTESIAN_POINT('',(16.1483118463365,105.347095739497,-329.113322283177));
#12254=CARTESIAN_POINT('Origin',(17.5362562076331,118.667789409296,-334.388463181046));
#12255=CARTESIAN_POINT('',(7.81077315954333,153.877230176814,-352.131606683932));
#12256=CARTESIAN_POINT('',(7.8107731595439,114.153006633164,-332.113322283177));
#12257=CARTESIAN_POINT('',(7.81077315954347,143.846518108876,-347.076815702368));
#12258=CARTESIAN_POINT('',(15.3103194786818,153.877230176814,-352.131606683932));
#12259=CARTESIAN_POINT('',(-0.144764236929132,129.939951189483,-340.068859679649));
#12260=CARTESIAN_POINT('Origin',(15.3103194786816,162.427611230016,-335.16425615873));
#12261=CARTESIAN_POINT('Origin',(7.81077315954311,162.427611230016,-335.16425615873));
#12262=CARTESIAN_POINT('Origin',(28.8107731595491,110.251886683208,-374.586551295075));
#12263=CARTESIAN_POINT('',(16.8107731595446,110.518260242541,-362.255295309219));
#12264=CARTESIAN_POINT('',(16.9053736908045,109.080611929311,-359.175933698755));
#12265=CARTESIAN_POINT('Ctrl Pts',(16.810773159549,110.518260242538,-362.255295309223));
#12266=CARTESIAN_POINT('Ctrl Pts',(16.8107731595491,110.24410113227,-362.011837532287));
#12267=CARTESIAN_POINT('Ctrl Pts',(16.8206942563812,110.001258979625,-361.739568311046));
#12268=CARTESIAN_POINT('Ctrl Pts',(16.8469712409187,109.582607724605,-361.145969150651));
#12269=CARTESIAN_POINT('Ctrl Pts',(16.8665719908525,109.386060207373,-360.771588312753));
#12270=CARTESIAN_POINT('Ctrl Pts',(16.8962773394063,109.130553060443,-359.980227177288));
#12271=CARTESIAN_POINT('Ctrl Pts',(16.9053736908045,109.07225077762,-359.562997272547));
#12272=CARTESIAN_POINT('Ctrl Pts',(16.9053736908045,109.080611929311,-359.175933698752));
#12273=CARTESIAN_POINT('',(16.9053736908069,109.537506011193,-338.024893421133));
#12274=CARTESIAN_POINT('',(16.9053736908028,108.748421110829,-374.554074191663));
#12275=CARTESIAN_POINT('',(16.8107731595448,111.10678884277,-335.010486017473));
#12276=CARTESIAN_POINT('Ctrl Pts',(16.9053736908069,109.537506011193,-338.02489342113));
#12277=CARTESIAN_POINT('Ctrl Pts',(16.9053736908069,109.545867162884,-337.637829847334));
#12278=CARTESIAN_POINT('Ctrl Pts',(16.8962773394085,109.622132232326,-337.223506798523));
#12279=CARTESIAN_POINT('Ctrl Pts',(16.8665719908541,109.911574259141,-336.44391737968));
#12280=CARTESIAN_POINT('Ctrl Pts',(16.8469712409199,110.124105261567,-336.078373249206));
#12281=CARTESIAN_POINT('Ctrl Pts',(16.8206942563815,110.567999289864,-335.503406356068));
#12282=CARTESIAN_POINT('Ctrl Pts',(16.8107731595489,110.822372273929,-335.241877724903));
#12283=CARTESIAN_POINT('Ctrl Pts',(16.8107731595488,111.106788842766,-335.010486017469));
#12284=CARTESIAN_POINT('',(16.8107731595488,111.190973404083,-331.113322281666));
#12285=CARTESIAN_POINT('',(16.8107731595491,110.251886683208,-374.586551295075));
#12286=CARTESIAN_POINT('',(17.9064719918702,106.180194139983,-331.113240417559));
#12287=CARTESIAN_POINT('Ctrl Pts',(17.9064719918702,106.180194139983,-331.113240417559));
#12288=CARTESIAN_POINT('Ctrl Pts',(17.1868005274532,107.747049819368,-331.113291358743));
#12289=CARTESIAN_POINT('Ctrl Pts',(16.8107731595488,109.469256166955,-331.113322040858));
#12290=CARTESIAN_POINT('Ctrl Pts',(16.8107731595488,111.190973404083,-331.113322281666));
#12291=CARTESIAN_POINT('',(18.3349028728919,105.336735770209,-331.113210702739));
#12292=CARTESIAN_POINT('Ctrl Pts',(18.3349028728919,105.336735770209,-331.113210702739));
#12293=CARTESIAN_POINT('Ctrl Pts',(18.1810666180473,105.612146295719,-331.113221153773));
#12294=CARTESIAN_POINT('Ctrl Pts',(18.0381109052784,105.893592281635,-331.113231099637));
#12295=CARTESIAN_POINT('Ctrl Pts',(17.9064719918702,106.180194139983,-331.113240417559));
#12296=CARTESIAN_POINT('',(18.8023865141296,104.568246493518,-331.140800628677));
#12297=CARTESIAN_POINT('Ctrl Pts',(18.8023865141296,104.568246493518,-331.140800628677));
#12298=CARTESIAN_POINT('Ctrl Pts',(18.6313721563397,104.827229832421,-331.122305271812));
#12299=CARTESIAN_POINT('Ctrl Pts',(18.4751153105304,105.085715741334,-331.113201177255));
#12300=CARTESIAN_POINT('Ctrl Pts',(18.3349028728919,105.336735770209,-331.113210702739));
#12301=CARTESIAN_POINT('',(19.5605517462811,103.541812048997,-331.261626002978));
#12302=CARTESIAN_POINT('Ctrl Pts',(19.5605517462811,103.541812048997,-331.261626002978));
#12303=CARTESIAN_POINT('Ctrl Pts',(19.2866286176046,103.874538882351,-331.207235430124));
#12304=CARTESIAN_POINT('Ctrl Pts',(19.0312134578539,104.221712046454,-331.165548468794));
#12305=CARTESIAN_POINT('Ctrl Pts',(18.8023865141295,104.568246493518,-331.140800628677));
#12306=CARTESIAN_POINT('',(20.9516066985351,102.112347929335,-331.494823174804));
#12307=CARTESIAN_POINT('Ctrl Pts',(20.9516066985414,102.11234792933,-331.494823174805));
#12308=CARTESIAN_POINT('Ctrl Pts',(20.4486843793502,102.549854239951,-331.423595713383));
#12309=CARTESIAN_POINT('Ctrl Pts',(19.9829694965473,103.028712913929,-331.345501882798));
#12310=CARTESIAN_POINT('Ctrl Pts',(19.5605517462811,103.541812048997,-331.261626002978));
#12311=CARTESIAN_POINT('',(20.951606698522,102.11234025875,-331.495178268437));
#12312=CARTESIAN_POINT('',(20.9516066985417,101.185732688121,-374.390708818695));
#12313=CARTESIAN_POINT('',(20.9516066985407,101.228925601012,-372.391175280147));
#12314=CARTESIAN_POINT('',(20.9516066985417,101.185732688121,-374.390708818695));
#12315=CARTESIAN_POINT('',(16.8107731595437,110.295079596104,-372.587017756403));
#12316=CARTESIAN_POINT('Origin',(28.8107731595491,110.295079596104,-372.587017756402));
#12317=CARTESIAN_POINT('',(16.8107731595491,110.251886683208,-374.586551295075));
#12318=CARTESIAN_POINT('Origin',(28.8107731595491,110.273483139656,-373.586784525738));
#12319=CARTESIAN_POINT('',(15.810773159545,110.273483139656,-373.586784525737));
#12320=CARTESIAN_POINT('',(19.7812259496872,99.8402077161716,-374.148624135108));
#12321=CARTESIAN_POINT('Ctrl Pts',(19.8424399659897,100.494207897283,-329.758123331169));
#12322=CARTESIAN_POINT('Ctrl Pts',(19.2598180836832,100.980904440634,-329.676751555118));
#12323=CARTESIAN_POINT('Ctrl Pts',(18.7170428122214,101.514927000412,-329.587467246992));
#12324=CARTESIAN_POINT('Ctrl Pts',(18.2211472660164,102.089146933308,-329.491462259034));
#12325=CARTESIAN_POINT('Ctrl Pts',(20.2121622101736,101.033587907965,-330.337023279048));
#12326=CARTESIAN_POINT('Ctrl Pts',(19.6561068489056,101.503887707073,-330.259032941206));
#12327=CARTESIAN_POINT('Ctrl Pts',(19.1390183736634,102.019522304918,-330.173478792261));
#12328=CARTESIAN_POINT('Ctrl Pts',(18.6676154261046,102.573368638538,-330.081516840349));
#12329=CARTESIAN_POINT('Ctrl Pts',(20.5818844543575,101.572967918647,-330.915923226927));
#12330=CARTESIAN_POINT('Ctrl Pts',(20.0523956141279,102.026870973512,-330.841314327295));
#12331=CARTESIAN_POINT('Ctrl Pts',(19.5609939351054,102.524117609423,-330.75949033753));
#12332=CARTESIAN_POINT('Ctrl Pts',(19.1140835861929,103.057590343767,-330.671571421664));
#12333=CARTESIAN_POINT('Ctrl Pts',(20.9516066985414,102.11234792933,-331.494823174805));
#12334=CARTESIAN_POINT('Ctrl Pts',(20.4486843793502,102.549854239951,-331.423595713383));
#12335=CARTESIAN_POINT('Ctrl Pts',(19.9829694965473,103.028712913929,-331.345501882798));
#12336=CARTESIAN_POINT('Ctrl Pts',(19.5605517462811,103.541812048997,-331.261626002978));
#12337=CARTESIAN_POINT('Ctrl Pts',(19.6548034901386,100.653778502867,-329.731444399997));
#12338=CARTESIAN_POINT('Ctrl Pts',(19.8709686038718,100.896915297128,-330.025068482991));
#12339=CARTESIAN_POINT('Ctrl Pts',(20.0875355360521,101.140501075109,-330.319379530063));
#12340=CARTESIAN_POINT('Ctrl Pts',(20.3036157374978,101.383535844817,-330.613194232031));
#12341=CARTESIAN_POINT('Ctrl Pts',(20.5195043147846,101.626355086526,-330.90674837336));
#12342=CARTESIAN_POINT('Ctrl Pts',(20.7358174736174,101.869648324109,-331.201045026359));
#12343=CARTESIAN_POINT('Ctrl Pts',(20.9516066985414,102.11234792933,-331.494823174805));
#12344=CARTESIAN_POINT('',(19.5605517462811,103.541812048997,-331.261626002978));
#12345=CARTESIAN_POINT('Ctrl Pts',(17.2332953049526,103.368258319351,-329.277605048271));
#12346=CARTESIAN_POINT('Ctrl Pts',(17.0071027849291,103.697676368914,-329.222528980602));
#12347=CARTESIAN_POINT('Ctrl Pts',(16.7984579892685,104.033878819896,-329.180726068935));
#12348=CARTESIAN_POINT('Ctrl Pts',(16.610657619753,104.366515699526,-329.15345343836));
#12349=CARTESIAN_POINT('Ctrl Pts',(17.7563257080116,103.768254377407,-329.89867024174));
#12350=CARTESIAN_POINT('Ctrl Pts',(17.5485259087327,104.074194190083,-329.855787744339));
#12351=CARTESIAN_POINT('Ctrl Pts',(17.3573437630224,104.384491127042,-329.824884438375));
#12352=CARTESIAN_POINT('Ctrl Pts',(17.185406037466,104.689922389754,-329.80670585982));
#12353=CARTESIAN_POINT('Ctrl Pts',(18.2793561110706,104.168250435462,-330.519735435208));
#12354=CARTESIAN_POINT('Ctrl Pts',(18.0899490325362,104.450712011252,-330.489046508075));
#12355=CARTESIAN_POINT('Ctrl Pts',(17.9162295367764,104.735103434188,-330.469042807815));
#12356=CARTESIAN_POINT('Ctrl Pts',(17.7601544551789,105.013329079981,-330.45995828128));
#12357=CARTESIAN_POINT('Ctrl Pts',(18.8023865141296,104.568246493518,-331.140800628677));
#12358=CARTESIAN_POINT('Ctrl Pts',(18.6313721563397,104.827229832421,-331.122305271812));
#12359=CARTESIAN_POINT('Ctrl Pts',(18.4751153105304,105.085715741334,-331.113201177255));
#12360=CARTESIAN_POINT('Ctrl Pts',(18.3349028728919,105.336735770209,-331.113210702739));
#12361=CARTESIAN_POINT('',(17.2332953049522,103.368258319351,-329.277605048271));
#12362=CARTESIAN_POINT('',(18.3349028728919,105.336735770209,-331.113210702739));
#12363=CARTESIAN_POINT('Ctrl Pts',(18.2211472660163,102.089146933308,-329.491462259034));
#12364=CARTESIAN_POINT('Ctrl Pts',(17.8692753983609,102.496595319928,-329.423340142037));
#12365=CARTESIAN_POINT('Ctrl Pts',(17.5359537701201,102.927478220747,-329.351299961377));
#12366=CARTESIAN_POINT('Ctrl Pts',(17.2332953049526,103.368258319351,-329.277605048271));
#12367=CARTESIAN_POINT('Ctrl Pts',(18.6676154261046,102.573368638538,-330.081516840349));
#12368=CARTESIAN_POINT('Ctrl Pts',(18.3417264714421,102.955909840736,-330.017971904733));
#12369=CARTESIAN_POINT('Ctrl Pts',(18.0343736660313,103.358889495983,-329.95604946385));
#12370=CARTESIAN_POINT('Ctrl Pts',(17.7563257080116,103.768254377407,-329.89867024174));
#12371=CARTESIAN_POINT('Ctrl Pts',(19.1140835861928,103.057590343767,-330.671571421664));
#12372=CARTESIAN_POINT('Ctrl Pts',(18.8141775445234,103.415224361544,-330.612603667428));
#12373=CARTESIAN_POINT('Ctrl Pts',(18.5327935619426,103.790300771219,-330.560798966322));
#12374=CARTESIAN_POINT('Ctrl Pts',(18.2793561110706,104.168250435462,-330.519735435208));
#12375=CARTESIAN_POINT('Ctrl Pts',(19.5605517462811,103.541812048997,-331.261626002978));
#12376=CARTESIAN_POINT('Ctrl Pts',(19.2866286176046,103.874538882351,-331.207235430124));
#12377=CARTESIAN_POINT('Ctrl Pts',(19.0312134578539,104.221712046454,-331.165548468794));
#12378=CARTESIAN_POINT('Ctrl Pts',(18.8023865141295,104.568246493518,-331.140800628677));
#12379=CARTESIAN_POINT('Ctrl Pts',(16.1081695826939,105.347095739497,-329.113322283177));
#12380=CARTESIAN_POINT('Ctrl Pts',(15.2639071732932,107.169496459407,-329.113322283177));
#12381=CARTESIAN_POINT('Ctrl Pts',(14.8180915606987,109.175279329091,-329.113322283177));
#12382=CARTESIAN_POINT('Ctrl Pts',(14.8108638428621,111.183776590567,-329.113322283177));
#12383=CARTESIAN_POINT('Ctrl Pts',(16.707603719086,105.624795206325,-329.779961661304));
#12384=CARTESIAN_POINT('Ctrl Pts',(15.9048716246799,107.362014246061,-329.779978641699));
#12385=CARTESIAN_POINT('Ctrl Pts',(15.4823187603154,109.273271608379,-329.77998886907));
#12386=CARTESIAN_POINT('Ctrl Pts',(15.4775002817576,111.186175528406,-329.77998894934));
#12387=CARTESIAN_POINT('Ctrl Pts',(17.3070378554781,105.902494673154,-330.446601039431));
#12388=CARTESIAN_POINT('Ctrl Pts',(16.5458360760665,107.554532032714,-330.446635000221));
#12389=CARTESIAN_POINT('Ctrl Pts',(16.1465459599321,109.371263887667,-330.446655454964));
#12390=CARTESIAN_POINT('Ctrl Pts',(16.1441367206532,111.188574466244,-330.446655615503));
#12391=CARTESIAN_POINT('Ctrl Pts',(17.9064719918702,106.180194139983,-331.113240417559));
#12392=CARTESIAN_POINT('Ctrl Pts',(17.1868005274532,107.747049819368,-331.113291358743));
#12393=CARTESIAN_POINT('Ctrl Pts',(16.8107731595488,109.469256166955,-331.113322040858));
#12394=CARTESIAN_POINT('Ctrl Pts',(16.8107731595488,111.190973404083,-331.113322281666));
#12395=CARTESIAN_POINT('',(16.1081695826939,105.347095739497,-329.113322283177));
#12396=CARTESIAN_POINT('',(14.8108638428621,111.183776590567,-329.113322283177));
#12397=CARTESIAN_POINT('',(16.8107731595488,111.190973404083,-331.113322281666));
#12398=CARTESIAN_POINT('Ctrl Pts',(14.8108638428621,111.183776590567,-329.113322283177));
#12399=CARTESIAN_POINT('Ctrl Pts',(14.8180915606987,109.175279329091,-329.113322283177));
#12400=CARTESIAN_POINT('Ctrl Pts',(15.2639071732932,107.169496459407,-329.113322283177));
#12401=CARTESIAN_POINT('Ctrl Pts',(16.1081695826939,105.347095739497,-329.113322283177));
#12402=CARTESIAN_POINT('Ctrl Pts',(16.610657619753,104.366515699526,-329.15345343836));
#12403=CARTESIAN_POINT('Ctrl Pts',(16.4300472537807,104.686417458617,-329.127224950089));
#12404=CARTESIAN_POINT('Ctrl Pts',(16.2625980847257,105.013750786383,-329.113322283177));
#12405=CARTESIAN_POINT('Ctrl Pts',(16.108169582694,105.347095739497,-329.113322283177));
#12406=CARTESIAN_POINT('Ctrl Pts',(17.185406037466,104.689922389754,-329.80670585982));
#12407=CARTESIAN_POINT('Ctrl Pts',(17.0137203752029,104.994993737651,-329.78922368465));
#12408=CARTESIAN_POINT('Ctrl Pts',(16.8544356915766,105.3070312848,-329.77995855533));
#12409=CARTESIAN_POINT('Ctrl Pts',(16.707603719086,105.624795206325,-329.779961661304));
#12410=CARTESIAN_POINT('Ctrl Pts',(17.7601544551789,105.013329079981,-330.45995828128));
#12411=CARTESIAN_POINT('Ctrl Pts',(17.5973934966251,105.303570016685,-330.451222419211));
#12412=CARTESIAN_POINT('Ctrl Pts',(17.4462732984275,105.600311783218,-330.446594827484));
#12413=CARTESIAN_POINT('Ctrl Pts',(17.3070378554781,105.902494673154,-330.446601039431));
#12414=CARTESIAN_POINT('Ctrl Pts',(18.3349028728919,105.336735770209,-331.113210702739));
#12415=CARTESIAN_POINT('Ctrl Pts',(18.1810666180473,105.612146295719,-331.113221153773));
#12416=CARTESIAN_POINT('Ctrl Pts',(18.0381109052784,105.893592281635,-331.113231099637));
#12417=CARTESIAN_POINT('Ctrl Pts',(17.9064719918702,106.180194139983,-331.113240417559));
#12418=CARTESIAN_POINT('Origin',(15.8107731595454,139.389207232462,-330.113322283177));
#12419=CARTESIAN_POINT('',(14.8107731595475,111.234176393209,-329.113322283177));
#12420=CARTESIAN_POINT('',(16.8107731595439,111.234176393209,-331.113322283176));
#12421=CARTESIAN_POINT('',(14.8107731595475,111.234176393209,-329.113322283177));
#12422=CARTESIAN_POINT('',(16.8107731595435,146.916202969618,-331.113322283176));
#12423=CARTESIAN_POINT('',(16.8107731595436,139.389207232462,-331.113322283176));
#12424=CARTESIAN_POINT('',(14.8107731595471,146.916202969618,-329.113322283177));
#12425=CARTESIAN_POINT('',(16.8107731595435,146.916202969618,-331.113322283176));
#12426=CARTESIAN_POINT('',(14.8107731595472,139.389207232462,-329.113322283177));
#12427=CARTESIAN_POINT('Origin',(15.8107731595435,146.916202969618,-317.113322283177));
#12428=CARTESIAN_POINT('',(16.8107731595435,156.040560769851,-327.731518680556));
#12429=CARTESIAN_POINT('',(14.8107731595432,154.737081084103,-326.214633480931));
#12430=CARTESIAN_POINT('',(16.8107731595435,156.040560769851,-327.731518680556));
#12431=CARTESIAN_POINT('Origin',(14.8107731595434,146.916202969618,-317.113322283177));
#12432=CARTESIAN_POINT('Origin',(16.8107731595436,146.916202969618,-317.113322283177));
#12433=CARTESIAN_POINT('Origin',(15.8107731595434,162.427611230014,-335.164256158721));
#12434=CARTESIAN_POINT('',(16.8107731595433,170.812216877775,-330.090954656592));
#12435=CARTESIAN_POINT('',(14.8107731595432,172.523360887522,-329.055587003096));
#12436=CARTESIAN_POINT('',(15.8107731595432,171.667788882649,-329.573270829844));
#12437=CARTESIAN_POINT('Origin',(14.8107731595434,162.427611230014,-335.164256158721));
#12438=CARTESIAN_POINT('Origin',(16.8107731595433,162.427611230014,-335.164256158721));
#12439=CARTESIAN_POINT('Ctrl Pts',(14.8108638428621,111.183776590567,-329.113322283177));
#12440=CARTESIAN_POINT('Ctrl Pts',(14.8108033873851,111.200576452244,-329.113322283177));
#12441=CARTESIAN_POINT('Ctrl Pts',(14.8107731595488,111.217376422726,-329.113322283177));
#12442=CARTESIAN_POINT('Ctrl Pts',(14.8107731595488,111.234176393209,-329.113322283177));
#12443=CARTESIAN_POINT('Ctrl Pts',(15.477500281756,111.186175528406,-329.77998894934));
#12444=CARTESIAN_POINT('Ctrl Pts',(15.4774599781047,111.202175809748,-329.779988950011));
#12445=CARTESIAN_POINT('Ctrl Pts',(15.4774398262138,111.218176101478,-329.779988949843));
#12446=CARTESIAN_POINT('Ctrl Pts',(15.4774398262138,111.234176393209,-329.779988949843));
#12447=CARTESIAN_POINT('Ctrl Pts',(16.14413672065,111.188574466244,-330.446655615503));
#12448=CARTESIAN_POINT('Ctrl Pts',(16.1441165688243,111.203775167251,-330.446655616846));
#12449=CARTESIAN_POINT('Ctrl Pts',(16.1441064928789,111.21897578023,-330.44665561651));
#12450=CARTESIAN_POINT('Ctrl Pts',(16.1441064928789,111.234176393209,-330.44665561651));
#12451=CARTESIAN_POINT('Ctrl Pts',(16.8107731595439,111.190973404083,-331.113322281666));
#12452=CARTESIAN_POINT('Ctrl Pts',(16.8107731595439,111.205374524755,-331.11332228368));
#12453=CARTESIAN_POINT('Ctrl Pts',(16.8107731595439,111.219775458982,-331.113322283177));
#12454=CARTESIAN_POINT('Ctrl Pts',(16.8107731595439,111.234176393209,-331.113322283177));
#12455=CARTESIAN_POINT('Ctrl Pts',(14.8107731595488,111.234176393209,-329.113322283177));
#12456=CARTESIAN_POINT('Ctrl Pts',(14.8107731595488,111.217376422726,-329.113322283177));
#12457=CARTESIAN_POINT('Ctrl Pts',(14.8108033873851,111.200576452244,-329.113322283177));
#12458=CARTESIAN_POINT('Ctrl Pts',(14.8108638428621,111.183776590567,-329.113322283177));
#12459=CARTESIAN_POINT('Ctrl Pts',(16.8107731595439,111.190973404083,-331.113322281666));
#12460=CARTESIAN_POINT('Ctrl Pts',(16.8107731595439,111.205374524755,-331.11332228368));
#12461=CARTESIAN_POINT('Ctrl Pts',(16.8107731595439,111.219775458982,-331.113322283177));
#12462=CARTESIAN_POINT('Ctrl Pts',(16.8107731595439,111.234176393209,-331.113322283177));
#12463=CARTESIAN_POINT('Origin',(16.1483118463364,105.038604308262,-329.113322283177));
#12464=CARTESIAN_POINT('',(10.8107731595436,146.916202969618,-329.113322283177));
#12465=CARTESIAN_POINT('',(16.8107731595436,146.916202969618,-329.113322283177));
#12466=CARTESIAN_POINT('',(10.8107731595434,163.018481201159,-329.113322283177));
#12467=CARTESIAN_POINT('Origin',(16.8107731595437,146.916202969618,-317.113322283177));
#12468=CARTESIAN_POINT('',(10.8107731595435,154.737081084103,-326.21463348093));
#12469=CARTESIAN_POINT('',(16.8107731595435,154.737081084103,-326.214633480931));
#12470=CARTESIAN_POINT('Origin',(10.8107731595437,146.916202969618,-317.113322283177));
#12471=CARTESIAN_POINT('Origin',(16.8107731595434,162.427611230014,-335.164256158721));
#12472=CARTESIAN_POINT('',(10.8107731595433,172.523360887522,-329.055587003096));
#12473=CARTESIAN_POINT('',(16.8107731595433,172.523360887522,-329.055587003096));
#12474=CARTESIAN_POINT('Origin',(10.8107731595433,162.427611230013,-335.164256158721));
#12475=CARTESIAN_POINT('Origin',(15.8107731595432,182.790224946007,-322.84338108212));
#12476=CARTESIAN_POINT('',(16.8107731595432,177.457386655146,-335.787910264888));
#12477=CARTESIAN_POINT('Origin',(16.8107731595432,182.790224946007,-322.84338108212));
#12478=CARTESIAN_POINT('',(14.8107731595432,178.219220696698,-333.938691810207));
#12479=CARTESIAN_POINT('Origin',(14.8107731595432,182.790224946007,-322.84338108212));
#12480=CARTESIAN_POINT('Origin',(16.8107731595431,173.739810156662,-350.409602851276));
#12481=CARTESIAN_POINT('',(16.8107731595439,113.631151556057,-334.113322283177));
#12482=CARTESIAN_POINT('Origin',(16.8107731595447,113.631151556057,-338.113322283177));
#12483=CARTESIAN_POINT('',(16.8107731595436,135.259260915788,-334.113322283177));
#12484=CARTESIAN_POINT('',(16.8107731595434,159.479397950909,-334.113322283177));
#12485=CARTESIAN_POINT('',(16.8107731595436,138.025944361384,-341.002173735201));
#12486=CARTESIAN_POINT('Origin',(16.8107731595442,135.259260915788,-338.113322283177));
#12487=CARTESIAN_POINT('',(16.8107731595437,115.940940919768,-362.153214012824));
#12488=CARTESIAN_POINT('',(16.8107731595436,132.248035652017,-346.535737728312));
#12489=CARTESIAN_POINT('Origin',(16.8107731595445,113.174257474172,-359.264362560799));
#12490=CARTESIAN_POINT('',(16.8107731595422,242.253872909167,-375.437524914838));
#12491=CARTESIAN_POINT('',(16.8107731595434,137.722664429934,-373.179494581512));
#12492=CARTESIAN_POINT('',(16.8107731595422,243.099997909623,-374.627182095021));
#12493=CARTESIAN_POINT('',(16.8107731595422,230.337692841008,-386.849776003831));
#12494=CARTESIAN_POINT('',(16.8107731595422,243.308161900476,-364.990627082754));
#12495=CARTESIAN_POINT('',(16.8107731595422,243.336323284571,-363.686949506521));
#12496=CARTESIAN_POINT('',(16.8107731595423,241.451612654794,-362.15201003139));
#12497=CARTESIAN_POINT('Origin',(16.8107731595423,240.308861592468,-364.925837713411));
#12498=CARTESIAN_POINT('',(16.8107731595427,210.440293069452,-349.376083599475));
#12499=CARTESIAN_POINT('',(16.8107731595429,187.705615634414,-365.894102063736));
#12500=CARTESIAN_POINT('',(16.8107731595428,199.497752425185,-354.101965272966));
#12501=CARTESIAN_POINT('',(16.8107731595429,186.671075505718,-366.928642192432));
#12502=CARTESIAN_POINT('',(16.8107731595429,182.048761384922,-365.894102063736));
#12503=CARTESIAN_POINT('Origin',(16.8107731595427,184.877188509668,-363.06567493899));
#12504=CARTESIAN_POINT('',(16.8107731595432,167.653935600374,-351.499276279189));
#12505=CARTESIAN_POINT('',(16.8107731595432,166.590748104636,-350.436088783451));
#12506=CARTESIAN_POINT('',(16.8107731595434,168.433589611778,-345.235368295808));
#12507=CARTESIAN_POINT('Origin',(16.8107731595432,170.482362725121,-348.670849154443));
#12508=CARTESIAN_POINT('',(16.8107731595434,172.668280577809,-340.876328226643));
#12509=CARTESIAN_POINT('Origin',(16.8107731595435,162.427611230014,-335.164256158721));
#12510=CARTESIAN_POINT('',(16.8107731595431,177.685269263946,-339.126406435112));
#12511=CARTESIAN_POINT('Origin',(16.8107731595431,176.161601180843,-342.824843344475));
#12512=CARTESIAN_POINT('',(16.8107731595428,198.192993383542,-347.575101238857));
#12513=CARTESIAN_POINT('',(16.8107731595429,191.012892228175,-344.617070256583));
#12514=CARTESIAN_POINT('Origin',(16.8107731595425,196.669325300439,-351.27353814822));
#12515=CARTESIAN_POINT('',(16.8107731595428,193.92488058436,-364.624584582097));
#12516=CARTESIAN_POINT('',(16.8107731595427,196.666921883316,-371.452078784187));
#12517=CARTESIAN_POINT('Origin',(16.8107731595424,196.753307709106,-367.453011706843));
#12518=CARTESIAN_POINT('',(16.8107731595427,201.754578474323,-356.794886692134));
#12519=CARTESIAN_POINT('',(16.8107731595428,198.077709398845,-360.471755767612));
#12520=CARTESIAN_POINT('',(16.8107731595427,207.918037645654,-357.414793667945));
#12521=CARTESIAN_POINT('Origin',(16.8107731595423,204.583005599069,-359.62331381688));
#12522=CARTESIAN_POINT('',(16.8107731595426,213.291884507054,-365.52970785827));
#12523=CARTESIAN_POINT('',(16.8107731595427,205.89303672951,-354.356889508474));
#12524=CARTESIAN_POINT('',(16.8107731595426,209.870466634679,-371.73729508455));
#12525=CARTESIAN_POINT('Origin',(16.8107731595421,209.956852460469,-367.738228007205));
#12526=CARTESIAN_POINT('',(16.8107731595429,180.351435072353,-371.099639884296));
#12527=CARTESIAN_POINT('',(16.8107731595422,240.190788793533,-370.391792789135));
#12528=CARTESIAN_POINT('',(16.8107731595423,240.279260767157,-366.296151475887));
#12529=CARTESIAN_POINT('',(16.8107731595423,240.369417661235,-362.122509983178));
#12530=CARTESIAN_POINT('',(16.8107731595422,238.148062341966,-372.348133414912));
#12531=CARTESIAN_POINT('Origin',(16.8107731595414,238.191255254861,-370.348599876239));
#12532=CARTESIAN_POINT('',(16.8107731595424,223.863608185988,-372.039567855906));
#12533=CARTESIAN_POINT('',(16.8107731595427,197.533461970196,-371.470797345176));
#12534=CARTESIAN_POINT('',(16.8107731595424,220.614961965193,-370.249020927496));
#12535=CARTESIAN_POINT('Origin',(16.8107731595417,223.949994011778,-368.040500778561));
#12536=CARTESIAN_POINT('',(16.8107731595426,215.580830642692,-362.647102830731));
#12537=CARTESIAN_POINT('',(16.8107731595428,202.785488442599,-343.325170764632));
#12538=CARTESIAN_POINT('',(16.8107731595425,220.43953077238,-356.740145772434));
#12539=CARTESIAN_POINT('Origin',(16.8107731595419,218.915862689277,-360.438582681796));
#12540=CARTESIAN_POINT('',(16.8107731595423,239.041561270036,-364.40374010831));
#12541=CARTESIAN_POINT('',(16.8107731595427,209.297542007125,-352.149911281497));
#12542=CARTESIAN_POINT('Origin',(16.8107731595414,238.279727228485,-366.252958562992));
#12543=CARTESIAN_POINT('',(16.8107731595433,162.427611230014,-340.164256158721));
#12544=CARTESIAN_POINT('Origin',(16.8107731595433,162.427611230014,-335.164256158721));
#12545=CARTESIAN_POINT('',(16.8107731595435,144.918011113679,-339.247785503863));
#12546=CARTESIAN_POINT('',(16.8107731595436,120.149174579786,-362.969160985791));
#12547=CARTESIAN_POINT('',(16.8107731595435,151.060322223363,-333.365229496025));
#12548=CARTESIAN_POINT('',(16.8107731595434,150.513121684021,-339.308209831142));
#12549=CARTESIAN_POINT('Origin',(16.8107731595438,147.684694559275,-342.136636955888));
#12550=CARTESIAN_POINT('',(16.810773159543,175.305084504505,-364.100172651625));
#12551=CARTESIAN_POINT('',(16.810773159543,175.012417950256,-363.807506097376));
#12552=CARTESIAN_POINT('',(16.810773159543,172.390271553968,-370.927666853716));
#12553=CARTESIAN_POINT('Origin',(16.810773159543,172.476657379758,-366.928599776371));
#12554=CARTESIAN_POINT('',(16.8107731595436,122.829472199591,-369.85707951516));
#12555=CARTESIAN_POINT('',(16.8107731595433,143.235518410049,-370.297880611742));
#12556=CARTESIAN_POINT('Origin',(16.8107731595443,122.915858025381,-365.858012437815));
#12557=CARTESIAN_POINT('Origin',(18.6034570093879,101.918930653061,-373.406313705611));
#12558=CARTESIAN_POINT('',(41.3596248629673,83.5461016640755,-372.009199854742));
#12559=CARTESIAN_POINT('',(18.1917773932865,103.620219812317,-372.442830809088));
#12560=CARTESIAN_POINT('',(41.3596248629673,83.5461016640755,-372.009199854742));
#12561=CARTESIAN_POINT('Origin',(21.7621929365798,100.483388461575,-374.375537133817));
#12562=CARTESIAN_POINT('',(41.173498322656,84.5190725810141,-334.436632151831));
#12563=CARTESIAN_POINT('',(27.314248807017,96.5767717850872,-332.42068111884));
#12564=CARTESIAN_POINT('',(41.359624862967,84.3571308528621,-334.464150097071));
#12565=CARTESIAN_POINT('Ctrl Pts',(41.173498322656,84.519072581014,-334.436632151831));
#12566=CARTESIAN_POINT('Ctrl Pts',(41.2355262775417,84.4651075794162,-334.445654669218));
#12567=CARTESIAN_POINT('Ctrl Pts',(41.2975553466843,84.4111383764885,-334.45482696399));
#12568=CARTESIAN_POINT('Ctrl Pts',(41.359624862967,84.3571308528621,-334.464150097071));
#12569=CARTESIAN_POINT('',(41.3596248629672,83.8800734337372,-356.548613623109));
#12570=CARTESIAN_POINT('',(21.8493205853368,100.591465323846,-365.875888832451));
#12571=CARTESIAN_POINT('',(24.4942323751031,98.224155466414,-369.325567899156));
#12572=CARTESIAN_POINT('Origin',(24.4942323751031,98.2997430639803,-365.826384206479));
#12573=CARTESIAN_POINT('',(34.936267659249,89.1765022359482,-369.13012506695));
#12574=CARTESIAN_POINT('',(27.1888437286132,95.8893702972381,-369.275133049982));
#12575=CARTESIAN_POINT('',(37.5811794490153,86.9603675736491,-365.581436748301));
#12576=CARTESIAN_POINT('Origin',(34.936267659249,89.2520898335144,-365.630941374273));
#12577=CARTESIAN_POINT('',(37.5811794490152,87.5123557543993,-340.028196496958));
#12578=CARTESIAN_POINT('',(37.5811794490153,87.163658824548,-356.170455940423));
#12579=CARTESIAN_POINT('',(35.261989104793,89.5968641618573,-336.599056565163));
#12580=CARTESIAN_POINT('Origin',(34.9362676592488,89.8040780142647,-340.07770112293));
#12581=CARTESIAN_POINT('',(24.8199538206467,98.6815494756241,-335.080169716792));
#12582=CARTESIAN_POINT('',(22.3908307618791,100.794913199919,-334.726832176107));
#12583=CARTESIAN_POINT('',(21.8493205853361,101.180485587897,-338.608318900531));
#12584=CARTESIAN_POINT('Origin',(24.4942323751025,98.8887633280315,-338.558814274559));
#12585=CARTESIAN_POINT('',(21.8493205853368,100.478083927496,-371.124664371466));
#12586=CARTESIAN_POINT('Origin',(26.7458026045241,95.7778978259076,-331.550449592141));
#12587=CARTESIAN_POINT('',(27.1774297495437,109.114752153931,-339.962459201316));
#12588=CARTESIAN_POINT('',(41.173498322656,84.5190725810141,-334.436632151831));
#12589=CARTESIAN_POINT('Origin',(15.8107731595433,137.701067973485,-374.179261350848));
#12590=CARTESIAN_POINT('',(14.8107731595424,243.038913906409,-377.454949543831));
#12591=CARTESIAN_POINT('Origin',(15.8107731595424,231.029363702407,-387.571988866837));
#12592=CARTESIAN_POINT('',(14.8107731595424,245.081640357976,-375.498608918054));
#12593=CARTESIAN_POINT('Origin',(15.8107731595424,244.336090053907,-363.708545962969));
#12594=CARTESIAN_POINT('',(14.8107731595424,245.307695439149,-365.033819995649));
#12595=CARTESIAN_POINT('Origin',(15.8107731595423,240.308861592468,-364.925837713411));
#12596=CARTESIAN_POINT('',(14.8107731595424,242.213446696346,-360.302791576709));
#12597=CARTESIAN_POINT('Origin',(15.8107731595427,210.821210090228,-348.451474372134));
#12598=CARTESIAN_POINT('Origin',(16.8107731595432,182.790224946007,-322.84338108212));
#12599=CARTESIAN_POINT('Origin',(10.8107731595432,182.790224946007,-322.84338108212));
#12600=CARTESIAN_POINT('Origin',(9.81077315954366,146.916202969618,-317.113322283177));
#12601=CARTESIAN_POINT('',(8.81077315954353,146.916202969618,-331.113322283177));
#12602=CARTESIAN_POINT('',(8.81077315954345,156.040560769851,-327.731518680556));
#12603=CARTESIAN_POINT('Origin',(8.81077315954362,146.916202969618,-317.113322283177));
#12604=CARTESIAN_POINT('',(10.8107731595436,146.916202969618,-329.113322283177));
#12605=CARTESIAN_POINT('',(10.8107731595435,154.737081084103,-326.21463348093));
#12606=CARTESIAN_POINT('Origin',(9.81077315954332,162.427611230013,-335.164256158721));
#12607=CARTESIAN_POINT('',(8.81077315954327,170.812216877775,-330.090954656592));
#12608=CARTESIAN_POINT('',(10.8107731595433,172.523360887522,-329.055587003096));
#12609=CARTESIAN_POINT('Origin',(8.81077315954333,162.427611230013,-335.164256158721));
#12610=CARTESIAN_POINT('Origin',(9.81077315954321,182.790224946007,-322.84338108212));
#12611=CARTESIAN_POINT('',(8.81077315954316,177.457386655146,-335.787910264888));
#12612=CARTESIAN_POINT('',(10.8107731595433,178.219220696698,-333.938691810207));
#12613=CARTESIAN_POINT('Origin',(8.81077315954318,182.790224946007,-322.84338108212));
#12614=CARTESIAN_POINT('Origin',(9.81077315954276,210.821210090228,-348.451474372134));
#12615=CARTESIAN_POINT('',(8.81077315954277,205.170104808471,-347.204891325011));
#12616=CARTESIAN_POINT('',(7.42522734569511,204.881532377042,-348.584526770202));
#12617=CARTESIAN_POINT('',(8.8107731595427,210.440293069452,-349.376083599475));
#12618=CARTESIAN_POINT('Origin',(15.3107731595443,127.084983802867,-351.854199731652));
#12619=CARTESIAN_POINT('',(15.3107731595441,136.988438069285,-339.918854440692));
#12620=CARTESIAN_POINT('',(15.3107731595442,135.259260915788,-335.613322283176));
#12621=CARTESIAN_POINT('Origin',(15.3107731595442,135.259260915788,-338.113322283177));
#12622=CARTESIAN_POINT('',(15.3107731595447,113.631151556057,-335.613322283177));
#12623=CARTESIAN_POINT('',(15.3107731595441,136.151984774011,-335.613322283177));
#12624=CARTESIAN_POINT('',(15.3107731595448,111.131734632717,-338.059331142058));
#12625=CARTESIAN_POINT('Origin',(15.3107731595447,113.631151556057,-338.113322283177));
#12626=CARTESIAN_POINT('',(15.3107731595446,110.674840550832,-359.21037141968));
#12627=CARTESIAN_POINT('',(15.3107731595447,111.028799546118,-342.824514691045));
#12628=CARTESIAN_POINT('',(15.3107731595445,114.90343462767,-361.069894718315));
#12629=CARTESIAN_POINT('Origin',(15.3107731595445,113.174257474172,-359.264362560799));
#12630=CARTESIAN_POINT('',(15.3107731595444,118.682338472818,-357.450798726535));
#12631=CARTESIAN_POINT('Origin',(16.0607731595442,136.151984774011,-334.863322283177));
#12632=CARTESIAN_POINT('',(16.8107731595439,113.631151556057,-334.113322283177));
#12633=CARTESIAN_POINT('',(15.3107731595442,135.259260915788,-335.613322283176));
#12634=CARTESIAN_POINT('Origin',(16.0607731595447,113.631151556057,-338.113322283177));
#12635=CARTESIAN_POINT('',(16.8107731595439,109.632084478712,-338.026936457387));
#12636=CARTESIAN_POINT('Origin',(16.0607731595447,110.278974469116,-342.808317348709));
#12637=CARTESIAN_POINT('',(16.8107731595438,109.175190396827,-359.177976735009));
#12638=CARTESIAN_POINT('Origin',(16.0607731595445,113.174257474172,-359.264362560799));
#12639=CARTESIAN_POINT('',(16.8107731595437,115.940940919768,-362.153214012824));
#12640=CARTESIAN_POINT('Origin',(16.0607731595444,119.201091618867,-357.99245837379));
#12641=CARTESIAN_POINT('',(16.8107731595436,138.025944361384,-341.002173735201));
#12642=CARTESIAN_POINT('Origin',(16.0607731595442,135.259260915788,-338.113322283177));
#12643=CARTESIAN_POINT('Origin',(15.3107731595437,147.761271847364,-353.841491373495));
#12644=CARTESIAN_POINT('',(15.310773159543,172.42266623864,-369.428016699712));
#12645=CARTESIAN_POINT('',(15.310773159543,174.244424332725,-365.160832823405));
#12646=CARTESIAN_POINT('Origin',(15.310773159543,172.476657379758,-366.928599776371));
#12647=CARTESIAN_POINT('',(15.3107731595438,149.452461512241,-340.368870002922));
#12648=CARTESIAN_POINT('',(15.3107731595432,168.315095331706,-359.231503822386));
#12649=CARTESIAN_POINT('',(15.3107731595439,145.955517405778,-340.331104798372));
#12650=CARTESIAN_POINT('Origin',(15.3107731595438,147.684694559275,-342.136636955888));
#12651=CARTESIAN_POINT('',(15.3107731595443,121.186680871884,-364.0524802803));
#12652=CARTESIAN_POINT('',(15.3107731595439,144.465565376671,-341.758047540884));
#12653=CARTESIAN_POINT('',(15.3107731595442,122.861866884263,-368.357429361156));
#12654=CARTESIAN_POINT('Origin',(15.3107731595442,122.915858025381,-365.858012437815));
#12655=CARTESIAN_POINT('',(15.310773159544,130.3217518976,-368.518574026827));
#12656=CARTESIAN_POINT('Origin',(16.0607731595432,168.845425417596,-358.701173736496));
#12657=CARTESIAN_POINT('',(16.8107731595434,150.513121684021,-339.308209831142));
#12658=CARTESIAN_POINT('',(15.310773159543,174.244424332725,-365.160832823405));
#12659=CARTESIAN_POINT('Origin',(16.0607731595438,147.684694559275,-342.136636955888));
#12660=CARTESIAN_POINT('',(16.8107731595435,144.918011113679,-339.247785503863));
#12661=CARTESIAN_POINT('Origin',(16.0607731595439,143.946812230622,-341.216387893629));
#12662=CARTESIAN_POINT('',(16.8107731595436,120.149174579786,-362.969160985791));
#12663=CARTESIAN_POINT('Origin',(16.0607731595442,122.915858025381,-365.858012437815));
#12664=CARTESIAN_POINT('',(16.8107731595436,122.829472199591,-369.85707951516));
#12665=CARTESIAN_POINT('Origin',(16.060773159544,130.305554555265,-369.268399103829));
#12666=CARTESIAN_POINT('',(16.810773159543,172.390271553968,-370.927666853716));
#12667=CARTESIAN_POINT('Origin',(16.060773159543,172.476657379758,-366.928599776371));
#12668=CARTESIAN_POINT('Origin',(15.3107731595428,183.384511039639,-353.042050195714));
#12669=CARTESIAN_POINT('',(15.3107731595425,198.437092253405,-353.041305101186));
#12670=CARTESIAN_POINT('',(15.3107731595425,197.621617852378,-348.962015079868));
#12671=CARTESIAN_POINT('Origin',(15.3107731595425,196.669325300439,-351.27353814822));
#12672=CARTESIAN_POINT('',(15.3107731595431,177.113893732782,-340.513320276123));
#12673=CARTESIAN_POINT('',(15.3107731595426,195.027727988325,-347.893394120853));
#12674=CARTESIAN_POINT('',(15.3107731595432,173.978275803946,-341.60702139583));
#12675=CARTESIAN_POINT('Origin',(15.3107731595431,176.161601180843,-342.824843344474));
#12676=CARTESIAN_POINT('',(15.3107731595432,169.201879529281,-346.523673617796));
#12677=CARTESIAN_POINT('Origin',(15.3107731595435,162.427611230014,-335.164256158721));
#12678=CARTESIAN_POINT('',(15.3107731595432,168.714595772154,-350.438616107409));
#12679=CARTESIAN_POINT('Origin',(15.3107731595432,170.482362725121,-348.670849154443));
#12680=CARTESIAN_POINT('',(15.3107731595428,183.109421556702,-364.833441891957));
#12681=CARTESIAN_POINT('',(15.3107731595432,170.72069533327,-352.444715668524));
#12682=CARTESIAN_POINT('',(15.3107731595427,186.644955462634,-364.833441891957));
#12683=CARTESIAN_POINT('Origin',(15.3107731595427,184.877188509668,-363.06567493899));
#12684=CARTESIAN_POINT('',(15.3107731595427,187.363478718573,-364.114918636018));
#12685=CARTESIAN_POINT('Origin',(16.0607731595426,195.313415753907,-347.199937200347));
#12686=CARTESIAN_POINT('',(16.8107731595431,177.685269263946,-339.126406435112));
#12687=CARTESIAN_POINT('',(15.3107731595425,197.621617852378,-348.962015079868));
#12688=CARTESIAN_POINT('Origin',(16.0607731595431,176.161601180843,-342.824843344474));
#12689=CARTESIAN_POINT('',(16.8107731595434,172.668280577809,-340.876328226643));
#12690=CARTESIAN_POINT('Origin',(16.0607731595435,162.427611230014,-335.164256158721));
#12691=CARTESIAN_POINT('',(16.8107731595434,168.433589611778,-345.235368295808));
#12692=CARTESIAN_POINT('Origin',(16.0607731595432,170.482362725121,-348.670849154443));
#12693=CARTESIAN_POINT('',(16.8107731595432,167.653935600374,-351.499276279189));
#12694=CARTESIAN_POINT('Origin',(16.0607731595432,170.19036524738,-352.975045754414));
#12695=CARTESIAN_POINT('',(16.8107731595429,182.048761384922,-365.894102063736));
#12696=CARTESIAN_POINT('Origin',(16.0607731595427,184.877188509668,-363.06567493899));
#12697=CARTESIAN_POINT('',(16.8107731595429,187.705615634414,-365.894102063736));
#12698=CARTESIAN_POINT('Origin',(16.0607731595426,187.893808804463,-364.645248721908));
#12699=CARTESIAN_POINT('',(16.8107731595428,199.497752425185,-354.101965272966));
#12700=CARTESIAN_POINT('Origin',(16.0607731595425,196.669325300439,-351.27353814822));
#12701=CARTESIAN_POINT('Origin',(15.3107731595423,202.432018688736,-362.618122846825));
#12702=CARTESIAN_POINT('',(15.3107731595421,209.90286131935,-370.237644930546));
#12703=CARTESIAN_POINT('',(15.310773159542,212.041247489585,-366.357902914121));
#12704=CARTESIAN_POINT('Origin',(15.3107731595421,209.956852460469,-367.738228007205));
#12705=CARTESIAN_POINT('',(15.3107731595422,206.667400628184,-358.242988723796));
#12706=CARTESIAN_POINT('',(15.310773159542,211.825827247271,-366.032602095858));
#12707=CARTESIAN_POINT('',(15.3107731595423,202.815238646102,-357.855546863914));
#12708=CARTESIAN_POINT('Origin',(15.3107731595423,204.583005599069,-359.62331381688));
#12709=CARTESIAN_POINT('',(15.3107731595425,194.98554075614,-365.685244753876));
#12710=CARTESIAN_POINT('',(15.3107731595423,203.259291704756,-357.41149380526));
#12711=CARTESIAN_POINT('',(15.3107731595424,196.699316567987,-369.952428630183));
#12712=CARTESIAN_POINT('Origin',(15.3107731595424,196.753307709106,-367.453011706843));
#12713=CARTESIAN_POINT('',(15.3107731595424,194.855042538895,-369.912589554743));
#12714=CARTESIAN_POINT('Origin',(16.060773159542,212.451145756006,-365.618504567933));
#12715=CARTESIAN_POINT('',(16.8107731595427,207.918037645654,-357.414793667945));
#12716=CARTESIAN_POINT('',(15.310773159542,212.041247489585,-366.357902914121));
#12717=CARTESIAN_POINT('Origin',(16.0607731595423,204.583005599069,-359.62331381688));
#12718=CARTESIAN_POINT('',(16.8107731595427,201.754578474323,-356.794886692134));
#12719=CARTESIAN_POINT('Origin',(16.0607731595423,202.728961618866,-356.88116371937));
#12720=CARTESIAN_POINT('',(16.8107731595428,193.92488058436,-364.624584582097));
#12721=CARTESIAN_POINT('Origin',(16.0607731595424,196.753307709106,-367.453011706843));
#12722=CARTESIAN_POINT('',(16.8107731595427,196.666921883316,-371.452078784187));
#12723=CARTESIAN_POINT('Origin',(16.0607731595424,194.83884519656,-370.662414631745));
#12724=CARTESIAN_POINT('',(16.8107731595426,209.870466634679,-371.73729508455));
#12725=CARTESIAN_POINT('Origin',(16.0607731595421,209.956852460469,-367.738228007205));
#12726=CARTESIAN_POINT('Origin',(15.3107731595418,224.343793555768,-362.0813535297));
#12727=CARTESIAN_POINT('',(15.3107731595414,238.779610613153,-366.263756791215));
#12728=CARTESIAN_POINT('',(15.3107731595414,238.470185738873,-365.790653949321));
#12729=CARTESIAN_POINT('Origin',(15.3107731595414,238.279727228485,-366.252958562992));
#12730=CARTESIAN_POINT('',(15.3107731595419,219.868155241216,-358.127059613444));
#12731=CARTESIAN_POINT('',(15.3107731595415,232.412287181184,-363.294943758981));
#12732=CARTESIAN_POINT('',(15.3107731595419,216.831467660161,-361.81890777488));
#12733=CARTESIAN_POINT('Origin',(15.3107731595419,218.915862689277,-360.438582681796));
#12734=CARTESIAN_POINT('',(15.3107731595418,221.865598982662,-369.420825871645));
#12735=CARTESIAN_POINT('',(15.310773159542,214.435879787943,-358.201389352823));
#12736=CARTESIAN_POINT('',(15.3107731595417,223.896002870659,-370.539917701901));
#12737=CARTESIAN_POINT('Origin',(15.3107731595417,223.949994011778,-368.040500778561));
#12738=CARTESIAN_POINT('',(15.3107731595413,238.180457026637,-370.848483260907));
#12739=CARTESIAN_POINT('',(15.3107731595417,222.98205216267,-370.520175000638));
#12740=CARTESIAN_POINT('',(15.3107731595413,238.691138639529,-370.359398104463));
#12741=CARTESIAN_POINT('Origin',(15.3107731595414,238.191255254861,-370.348599876239));
#12742=CARTESIAN_POINT('',(15.3107731595414,238.755563698979,-367.376962828249));
#12743=CARTESIAN_POINT('Origin',(16.0607731595415,232.697974946765,-362.601486838475));
#12744=CARTESIAN_POINT('',(16.8107731595425,220.43953077238,-356.740145772434));
#12745=CARTESIAN_POINT('',(15.3107731595414,238.470185738873,-365.790653949321));
#12746=CARTESIAN_POINT('Origin',(16.0607731595419,218.915862689277,-360.438582681796));
#12747=CARTESIAN_POINT('',(16.8107731595426,215.580830642692,-362.647102830731));
#12748=CARTESIAN_POINT('Origin',(16.060773159542,213.810561279209,-358.615486880748));
#12749=CARTESIAN_POINT('',(16.8107731595424,220.614961965193,-370.249020927496));
#12750=CARTESIAN_POINT('Origin',(16.0607731595417,223.949994011778,-368.040500778561));
#12751=CARTESIAN_POINT('',(16.8107731595424,223.863608185988,-372.039567855906));
#12752=CARTESIAN_POINT('Origin',(16.0607731595417,222.965854820335,-371.27000007764));
#12753=CARTESIAN_POINT('',(16.8107731595422,238.148062341966,-372.348133414912));
#12754=CARTESIAN_POINT('Origin',(16.0607731595414,238.191255254861,-370.348599876239));
#12755=CARTESIAN_POINT('',(16.8107731595422,240.190788793533,-370.391792789135));
#12756=CARTESIAN_POINT('Origin',(16.0607731595413,239.505388775981,-367.393160170585));
#12757=CARTESIAN_POINT('',(16.8107731595423,240.279260767157,-366.296151475887));
#12758=CARTESIAN_POINT('Origin',(16.0607731595414,238.279727228485,-366.252958562992));
#12759=CARTESIAN_POINT('Origin',(16.8107731595434,162.427611230014,-335.164256158721));
#12760=CARTESIAN_POINT('',(9.81031947875623,162.427611230013,-339.664256158721));
#12761=CARTESIAN_POINT('Origin',(9.81031947875626,162.427611230013,-335.164256158721));
#12762=CARTESIAN_POINT('',(16.3107731595433,162.427611230014,-339.664256158721));
#12763=CARTESIAN_POINT('',(16.8107731595433,162.427611230014,-339.664256158721));
#12764=CARTESIAN_POINT('Origin',(16.3107731595434,162.427611230014,-335.164256158721));
#12765=CARTESIAN_POINT('Origin',(16.5607731595433,162.427611230014,-335.164256158721));
#12766=CARTESIAN_POINT('',(16.5607731595433,162.427611230014,-339.914256158721));
#12767=CARTESIAN_POINT('Origin',(38.8107731595793,8.88515865917842,-358.893729120868));
#12768=CARTESIAN_POINT('',(38.8107731595793,15.5053302127631,-362.430205041108));
#12769=CARTESIAN_POINT('',(38.8107731595792,15.257922422771,-354.928730338173));
#12770=CARTESIAN_POINT('',(38.8107731595793,15.4482361073803,-360.699095494277));
#12771=CARTESIAN_POINT('',(38.8107731595794,9.13256644917059,-366.395203823804));
#12772=CARTESIAN_POINT('',(38.8107731595794,10.6032042407689,-365.48020410472));
#12773=CARTESIAN_POINT('',(38.8107731595794,2.51239489558587,-362.858727903563));
#12774=CARTESIAN_POINT('',(38.8107731595794,4.04012679256695,-363.674837731311));
#12775=CARTESIAN_POINT('',(38.8107731595794,2.26498710559365,-355.357253200627));
#12776=CARTESIAN_POINT('',(38.8107731595794,2.32208121097647,-357.088362747459));
#12777=CARTESIAN_POINT('',(38.8107731595793,8.63775086918613,-351.392254417932));
#12778=CARTESIAN_POINT('',(38.8107731595793,7.16711307758792,-352.307254137016));
#12779=CARTESIAN_POINT('',(38.8107731595793,13.7301905257899,-354.112620510425));
#12780=CARTESIAN_POINT('',(38.8107731595794,8.32079345822972,-362.853715474374));
#12781=CARTESIAN_POINT('Origin',(38.8107731595793,8.88515865917849,-358.893729120868));
#12782=CARTESIAN_POINT('Origin',(13.8260528687214,79.5770471199529,-373.923928914672));
#12783=CARTESIAN_POINT('',(15.3103194827284,88.2394961090944,-336.912076323454));
#12784=CARTESIAN_POINT('',(19.0654972071044,86.4171201670127,-337.206558229639));
#12785=CARTESIAN_POINT('Ctrl Pts',(15.3096498006641,88.2360215738356,-336.912593374521));
#12786=CARTESIAN_POINT('Ctrl Pts',(16.6941830414648,87.9691346303426,-336.955484523914));
#12787=CARTESIAN_POINT('Ctrl Pts',(18.0076044652311,87.3374007927752,-337.057200294105));
#12788=CARTESIAN_POINT('Ctrl Pts',(19.0654972075921,86.4171201666957,-337.206558224742));
#12789=CARTESIAN_POINT('',(19.0654971760542,86.4840514496896,-334.108103374237));
#12790=CARTESIAN_POINT('',(19.065497176055,85.621149783348,-374.054490565586));
#12791=CARTESIAN_POINT('',(18.8768872256129,86.6431181789878,-334.080964148517));
#12792=CARTESIAN_POINT('Ctrl Pts',(19.0654971760541,86.4840514496896,-334.108103374237));
#12793=CARTESIAN_POINT('Ctrl Pts',(19.0034549959505,86.5380288273831,-334.099078787665));
#12794=CARTESIAN_POINT('Ctrl Pts',(18.940585173013,86.5910516551145,-334.090034772162));
#12795=CARTESIAN_POINT('Ctrl Pts',(18.8768872256129,86.6431181789878,-334.080964148517));
#12796=CARTESIAN_POINT('',(15.3103194787355,88.3069519266872,-333.789337948117));
#12797=CARTESIAN_POINT('Ctrl Pts',(18.8768872256129,86.6431181789878,-334.080964148517));
#12798=CARTESIAN_POINT('Ctrl Pts',(17.842599128405,87.4885423740079,-333.933680939983));
#12799=CARTESIAN_POINT('Ctrl Pts',(16.604598889357,88.0566937152128,-333.833607543388));
#12800=CARTESIAN_POINT('Ctrl Pts',(15.3098662555634,88.3047073719795,-333.789800303472));
#12801=CARTESIAN_POINT('Ctrl Pts',(15.3098662555634,88.3047073719795,-333.789800303472));
#12802=CARTESIAN_POINT('Ctrl Pts',(14.8207174148513,88.3984067115356,-333.773249967086));
#12803=CARTESIAN_POINT('Ctrl Pts',(14.323471036337,88.4464121047451,-333.764730621332));
#12804=CARTESIAN_POINT('Ctrl Pts',(13.8260528687154,88.4464121047448,-333.764730621332));
#12805=CARTESIAN_POINT('Ctrl Pts',(13.8260528687155,88.3806702412713,-336.891177846433));
#12806=CARTESIAN_POINT('Ctrl Pts',(14.3241282090715,88.3806702412716,-336.891177846433));
#12807=CARTESIAN_POINT('Ctrl Pts',(14.8214496228743,88.3319185557277,-336.898989447242));
#12808=CARTESIAN_POINT('Ctrl Pts',(15.3099222275868,88.2377638987207,-336.914121782903));
#12809=CARTESIAN_POINT('Origin',(44.8103194787959,8.88515865917854,-358.893729120868));
#12810=CARTESIAN_POINT('',(45.8103194787959,8.32079345822978,-362.853715474374));
#12811=CARTESIAN_POINT('Origin',(45.8103194787959,8.88515865917855,-358.893729120868));
#12812=CARTESIAN_POINT('',(44.810319478796,8.32079345822977,-362.853715474374));
#12813=CARTESIAN_POINT('Ctrl Pts',(28.8636372458178,77.9595620401353,-335.533329940272));
#12814=CARTESIAN_POINT('Ctrl Pts',(28.9256568849052,77.9056042733734,-335.542351248052));
#12815=CARTESIAN_POINT('Ctrl Pts',(28.9876782873143,77.8516408992463,-335.551561375941));
#12816=CARTESIAN_POINT('Ctrl Pts',(29.0497637861288,77.797617844722,-335.560962102684));
#12817=CARTESIAN_POINT('Ctrl Pts',(29.3666857410201,78.4132060691478,-334.788286364636));
#12818=CARTESIAN_POINT('Ctrl Pts',(29.4347822927753,78.3539613216619,-334.79819161338));
#12819=CARTESIAN_POINT('Ctrl Pts',(29.5025058411404,78.2942884770964,-334.808293691605));
#12820=CARTESIAN_POINT('Ctrl Pts',(29.569884762657,78.2341638354734,-334.818591720537));
#12821=CARTESIAN_POINT('Ctrl Pts',(29.8697342362223,78.8668500981603,-334.043242789));
#12822=CARTESIAN_POINT('Ctrl Pts',(29.9439077006454,78.8023183699504,-334.054031978707));
#12823=CARTESIAN_POINT('Ctrl Pts',(30.0173333949666,78.7369360549465,-334.065026007269));
#12824=CARTESIAN_POINT('Ctrl Pts',(30.0900057391852,78.6707098262248,-334.076221338389));
#12825=CARTESIAN_POINT('Ctrl Pts',(30.3727827314245,79.3204941271729,-333.298199213364));
#12826=CARTESIAN_POINT('Ctrl Pts',(30.4530331085155,79.2506754182388,-333.309872344035));
#12827=CARTESIAN_POINT('Ctrl Pts',(30.5321609487927,79.1795836327966,-333.321758322933));
#12828=CARTESIAN_POINT('Ctrl Pts',(30.6101267157133,79.1072558169761,-333.333850956241));
#12829=CARTESIAN_POINT('',(29.0497637861288,77.797617844722,-335.560962102684));
#12830=CARTESIAN_POINT('',(29.0497637861288,77.797617844722,-335.560962102684));
#12831=CARTESIAN_POINT('',(28.8636372458179,77.9595620401353,-335.533329940272));
#12832=CARTESIAN_POINT('',(30.3727827314245,79.3204941271728,-333.298199213364));
#12833=CARTESIAN_POINT('Ctrl Pts',(29.0497637861288,77.797617844722,-335.560962102684));
#12834=CARTESIAN_POINT('Ctrl Pts',(28.9876782873143,77.8516408992463,-335.551561375941));
#12835=CARTESIAN_POINT('Ctrl Pts',(28.9256568849052,77.9056042733734,-335.542351248052));
#12836=CARTESIAN_POINT('Ctrl Pts',(28.8636372458178,77.9595620401353,-335.533329940272));
#12837=CARTESIAN_POINT('Origin',(30.4101842934866,77.9510017453495,-334.530964279096));
#12838=CARTESIAN_POINT('',(19.0654971760542,86.4840514496896,-334.108103374237));
#12839=CARTESIAN_POINT('',(29.6556115506833,77.2705357018307,-335.64852964255));
#12840=CARTESIAN_POINT('Ctrl Pts',(18.8768872256129,86.6431181789878,-334.080964148517));
#12841=CARTESIAN_POINT('Ctrl Pts',(18.940585173013,86.5910516551145,-334.090034772162));
#12842=CARTESIAN_POINT('Ctrl Pts',(19.0034549959505,86.5380288273831,-334.099078787665));
#12843=CARTESIAN_POINT('Ctrl Pts',(19.0654971760541,86.4840514496896,-334.108103374237));
#12844=CARTESIAN_POINT('Ctrl Pts',(19.3807635241919,87.0977173425944,-333.335942394883));
#12845=CARTESIAN_POINT('Ctrl Pts',(19.4439095491598,87.0450138674477,-333.344997672837));
#12846=CARTESIAN_POINT('Ctrl Pts',(19.5065034911527,86.9916728563956,-333.354035212029));
#12847=CARTESIAN_POINT('Ctrl Pts',(19.5685456712564,86.9376954787021,-333.363059798601));
#12848=CARTESIAN_POINT('Ctrl Pts',(19.8846398227708,87.552316506201,-332.590920641249));
#12849=CARTESIAN_POINT('Ctrl Pts',(19.9472339253066,87.4989760797809,-332.599960573511));
#12850=CARTESIAN_POINT('Ctrl Pts',(20.0095519863549,87.4453168854081,-332.608991636393));
#12851=CARTESIAN_POINT('Ctrl Pts',(20.0715941664586,87.3913395077146,-332.618016222965));
#12852=CARTESIAN_POINT('Ctrl Pts',(20.3885161213498,88.0069156698076,-331.845898887614));
#12853=CARTESIAN_POINT('Ctrl Pts',(20.4505583014535,87.9529382921141,-331.854923474186));
#12854=CARTESIAN_POINT('Ctrl Pts',(20.5126004815571,87.8989609144207,-331.863948060757));
#12855=CARTESIAN_POINT('Ctrl Pts',(20.5746426616608,87.8449835367272,-331.872972647329));
#12856=CARTESIAN_POINT('',(20.3885161213498,88.0069156698077,-331.845898887615));
#12857=CARTESIAN_POINT('Ctrl Pts',(13.8260528687154,88.4464121047448,-333.764730621332));
#12858=CARTESIAN_POINT('Ctrl Pts',(15.6400918287404,88.4464121047459,-333.764730621331));
#12859=CARTESIAN_POINT('Ctrl Pts',(17.4518460026193,87.8079428850558,-333.878037474429));
#12860=CARTESIAN_POINT('Ctrl Pts',(18.8768872256129,86.6431181789878,-334.080964148517));
#12861=CARTESIAN_POINT('Ctrl Pts',(13.8260528687149,89.1183495887601,-332.988284029544));
#12862=CARTESIAN_POINT('Ctrl Pts',(15.831669741618,89.1183495887614,-332.988284029543));
#12863=CARTESIAN_POINT('Ctrl Pts',(17.831778884439,88.3953664483158,-333.113534302935));
#12864=CARTESIAN_POINT('Ctrl Pts',(19.3807635241919,87.0977173425944,-333.335942394883));
#12865=CARTESIAN_POINT('Ctrl Pts',(13.8260528687143,89.7902870727754,-332.211837437756));
#12866=CARTESIAN_POINT('Ctrl Pts',(16.0232476544955,89.7902870727768,-332.211837437756));
#12867=CARTESIAN_POINT('Ctrl Pts',(18.2117117662586,88.9827900115757,-332.34903113144));
#12868=CARTESIAN_POINT('Ctrl Pts',(19.8846398227708,87.552316506201,-332.590920641249));
#12869=CARTESIAN_POINT('Ctrl Pts',(13.8260528687138,90.4622245567907,-331.435390845968));
#12870=CARTESIAN_POINT('Ctrl Pts',(16.214825567373,90.4622245567923,-331.435390845968));
#12871=CARTESIAN_POINT('Ctrl Pts',(18.5916446480783,89.5702135748357,-331.584527959946));
#12872=CARTESIAN_POINT('Ctrl Pts',(20.3885161213498,88.0069156698077,-331.845898887614));
#12873=CARTESIAN_POINT('Ctrl Pts',(19.0654972075921,86.4171201666957,-337.206558224742));
#12874=CARTESIAN_POINT('Ctrl Pts',(17.6344419247491,87.6620218461512,-337.004515572293));
#12875=CARTESIAN_POINT('Ctrl Pts',(15.7357923499166,88.3789090947486,-336.889653748862));
#12876=CARTESIAN_POINT('Ctrl Pts',(13.8260528687155,88.3789090947474,-336.889653748863));
#12877=CARTESIAN_POINT('Ctrl Pts',(19.3401458206925,86.8195289870825,-337.637733159765));
#12878=CARTESIAN_POINT('Ctrl Pts',(17.8247319459262,88.1162275072863,-337.424998832938));
#12879=CARTESIAN_POINT('Ctrl Pts',(15.8306522048359,88.8580500402689,-337.304302695521));
#12880=CARTESIAN_POINT('Ctrl Pts',(13.8260528687152,88.8580500402676,-337.304302695521));
#12881=CARTESIAN_POINT('Ctrl Pts',(19.6147944337928,87.2219378074693,-338.068908094787));
#12882=CARTESIAN_POINT('Ctrl Pts',(18.0150219671033,88.5704331684214,-337.845482093583));
#12883=CARTESIAN_POINT('Ctrl Pts',(15.9255120597552,89.3371909857891,-337.71895164218));
#12884=CARTESIAN_POINT('Ctrl Pts',(13.826052868715,89.3371909857878,-337.71895164218));
#12885=CARTESIAN_POINT('Ctrl Pts',(19.8894430468931,87.6243466278561,-338.500083029809));
#12886=CARTESIAN_POINT('Ctrl Pts',(18.2053119882804,89.0246388295565,-338.265965354228));
#12887=CARTESIAN_POINT('Ctrl Pts',(16.0203719146744,89.8163319313094,-338.133600588838));
#12888=CARTESIAN_POINT('Ctrl Pts',(13.8260528687147,89.816331931308,-338.133600588839));
#12889=CARTESIAN_POINT('',(19.0654972071044,86.4171201670127,-337.206558229639));
#12890=CARTESIAN_POINT('Ctrl Pts',(19.2041614485859,86.2964871269422,-337.22643319372));
#12891=CARTESIAN_POINT('Ctrl Pts',(19.1579482932367,86.3366930793527,-337.219711079499));
#12892=CARTESIAN_POINT('Ctrl Pts',(19.1117345004081,86.3768974837812,-337.213086208224));
#12893=CARTESIAN_POINT('Ctrl Pts',(19.0654972075514,86.417120166731,-337.206558224737));
#12894=CARTESIAN_POINT('Ctrl Pts',(19.4864897291571,86.6932611933349,-337.658648185314));
#12895=CARTESIAN_POINT('Ctrl Pts',(19.4378864338199,86.7355465937703,-337.651578403986));
#12896=CARTESIAN_POINT('Ctrl Pts',(19.38910873344,86.7776327519106,-337.64460659047));
#12897=CARTESIAN_POINT('Ctrl Pts',(19.3401458206494,86.8195289871193,-337.637733159759));
#12898=CARTESIAN_POINT('Ctrl Pts',(19.7688180097283,87.0900352597276,-338.090863176908));
#12899=CARTESIAN_POINT('Ctrl Pts',(19.717824574403,87.1344001081878,-338.083445728473));
#12900=CARTESIAN_POINT('Ctrl Pts',(19.6664829664719,87.17836802004,-338.076126972716));
#12901=CARTESIAN_POINT('Ctrl Pts',(19.6147944337473,87.2219378075076,-338.06890809478));
#12902=CARTESIAN_POINT('Ctrl Pts',(20.0511462902995,87.4868093261203,-338.523078168501));
#12903=CARTESIAN_POINT('Ctrl Pts',(19.9977627149862,87.5332536226054,-338.51531305296));
#12904=CARTESIAN_POINT('Ctrl Pts',(19.9438571995038,87.5791032881693,-338.507647354962));
#12905=CARTESIAN_POINT('Ctrl Pts',(19.8894430468452,87.6243466278959,-338.500083029802));
#12906=CARTESIAN_POINT('',(19.2041614485859,86.2964871269422,-337.22643319372));
#12907=CARTESIAN_POINT('',(20.0511462902996,87.4868093261203,-338.523078168501));
#12908=CARTESIAN_POINT('Ctrl Pts',(19.0654972075514,86.417120166731,-337.206558224737));
#12909=CARTESIAN_POINT('Ctrl Pts',(19.1117345004081,86.3768974837812,-337.213086208224));
#12910=CARTESIAN_POINT('Ctrl Pts',(19.1579482932367,86.3366930793527,-337.219711079499));
#12911=CARTESIAN_POINT('Ctrl Pts',(19.2041614485859,86.2964871269422,-337.22643319372));
#12912=CARTESIAN_POINT('Origin',(38.6463507662248,70.3451731684286,-340.641194196551));
#12913=CARTESIAN_POINT('',(29.0497637861289,77.7307050234525,-338.658563568483));
#12914=CARTESIAN_POINT('',(29.0497637861289,77.7307050234525,-338.658563568483));
#12915=CARTESIAN_POINT('',(38.222858345368,69.7500120688395,-339.99287170916));
#12916=CARTESIAN_POINT('Origin',(-30.8112268404206,2.25777291275506,-362.722709598939));
#12917=CARTESIAN_POINT('',(32.810319478796,2.51239489558581,-362.858727903563));
#12918=CARTESIAN_POINT('',(32.810319478796,9.13256644917057,-366.395203823804));
#12919=CARTESIAN_POINT('',(32.8103194787959,9.04784601543389,-366.349946420512));
#12920=CARTESIAN_POINT('',(-30.8112268404206,2.51239489558524,-362.858727903564));
#12921=CARTESIAN_POINT('',(-30.8112268404206,9.13256644916999,-366.395203823804));
#12922=CARTESIAN_POINT('Origin',(-30.8112268404206,2.25547142136256,-355.068734942823));
#12923=CARTESIAN_POINT('',(32.810319478796,2.26498710559361,-355.357253200627));
#12924=CARTESIAN_POINT('',(32.8103194787959,2.13081136866231,-351.289006617246));
#12925=CARTESIAN_POINT('',(-30.8112268404206,2.26498710559303,-355.357253200628));
#12926=CARTESIAN_POINT('Origin',(-30.8112268404207,8.88285716778529,-351.239754464752));
#12927=CARTESIAN_POINT('',(32.8103194787958,8.63775086918607,-351.392254417932));
#12928=CARTESIAN_POINT('',(32.8103194787957,17.7723116300531,-345.708923975933));
#12929=CARTESIAN_POINT('',(-30.8112268404207,8.63775086918547,-351.392254417933));
#12930=CARTESIAN_POINT('Origin',(-30.8112268404208,15.5125444056005,-355.064748642798));
#12931=CARTESIAN_POINT('',(32.8103194787959,15.2579224227709,-354.928730338173));
#12932=CARTESIAN_POINT('',(32.8103194787959,20.5202636284681,-357.739857331998));
#12933=CARTESIAN_POINT('',(-30.8112268404208,15.2579224227703,-354.928730338173));
#12934=CARTESIAN_POINT('Origin',(-30.8112268404207,15.514845896993,-362.718723298914));
#12935=CARTESIAN_POINT('',(32.8103194787959,15.5053302127631,-362.430205041109));
#12936=CARTESIAN_POINT('',(32.8103194787959,15.3235760546795,-356.919367168701));
#12937=CARTESIAN_POINT('',(-30.8112268404207,15.5053302127625,-362.430205041109));
#12938=CARTESIAN_POINT('Origin',(-30.8112268404206,8.88746015057026,-366.547703776985));
#12939=CARTESIAN_POINT('',(32.8103194787959,19.4926587030361,-359.949373615902));
#12940=CARTESIAN_POINT('Origin',(31.8103194787958,22.7055847566269,-363.693320763105));
#12941=CARTESIAN_POINT('',(33.3003194787958,20.343944684337,-362.873164577398));
#12942=CARTESIAN_POINT('Origin',(33.3003194787958,22.7055847566269,-363.693320763105));
#12943=CARTESIAN_POINT('',(31.8103194787959,20.3439446843369,-362.873164577398));
#12944=CARTESIAN_POINT('Origin',(31.8103194787959,8.88515865917843,-358.893729120868));
#12945=CARTESIAN_POINT('',(33.3003194787958,19.6012042078314,-353.209887856173));
#12946=CARTESIAN_POINT('Origin',(33.3003194787959,8.88515865917844,-358.893729120868));
#12947=CARTESIAN_POINT('',(31.8103194787958,19.6012042078313,-353.209887856173));
#12948=CARTESIAN_POINT('Origin',(31.8103194787958,21.809766487345,-352.038455972746));
#12949=CARTESIAN_POINT('Origin',(33.3003194787957,21.809766487345,-352.038455972746));
#12950=CARTESIAN_POINT('Ctrl Pts',(31.8103194787952,71.6621893424002,-339.658154563788));
#12951=CARTESIAN_POINT('Ctrl Pts',(31.8103194824858,72.6063876717148,-339.50039876731));
#12952=CARTESIAN_POINT('Ctrl Pts',(31.419925059865,74.8237434776579,-339.132559470207));
#12953=CARTESIAN_POINT('Ctrl Pts',(30.138772258199,76.7413946524083,-338.819506477715));
#12954=CARTESIAN_POINT('Ctrl Pts',(29.1870495231296,77.6084755849459,-338.678700648559));
#12955=CARTESIAN_POINT('Ctrl Pts',(32.305096587653,71.7607159544032,-340.145239606048));
#12956=CARTESIAN_POINT('Ctrl Pts',(32.2922933904746,72.7608528839372,-339.978095780487));
#12957=CARTESIAN_POINT('Ctrl Pts',(31.8491158476932,75.0988971936706,-339.589116699409));
#12958=CARTESIAN_POINT('Ctrl Pts',(30.4783134851982,77.1023465097094,-339.259197951889));
#12959=CARTESIAN_POINT('Ctrl Pts',(29.4698373155445,78.0057796511258,-339.110926597123));
#12960=CARTESIAN_POINT('Ctrl Pts',(32.7998736965108,71.8592425664062,-340.632324648308));
#12961=CARTESIAN_POINT('Ctrl Pts',(32.7742672984635,72.9153180961596,-340.455792793665));
#12962=CARTESIAN_POINT('Ctrl Pts',(32.2783066355213,75.3740509096833,-340.045673928611));
#12963=CARTESIAN_POINT('Ctrl Pts',(30.8178547121975,77.4632983670106,-339.698889426063));
#12964=CARTESIAN_POINT('Ctrl Pts',(29.7526251079593,78.4030837173057,-339.543152545687));
#12965=CARTESIAN_POINT('Ctrl Pts',(33.2946508053686,71.9577691784091,-341.119409690568));
#12966=CARTESIAN_POINT('Ctrl Pts',(33.2562412064523,73.069783308382,-340.933489806842));
#12967=CARTESIAN_POINT('Ctrl Pts',(32.7074974233495,75.649204625696,-340.502231157813));
#12968=CARTESIAN_POINT('Ctrl Pts',(31.1573959391967,77.8242502243118,-340.138580900237));
#12969=CARTESIAN_POINT('Ctrl Pts',(30.0354129003742,78.8003877834856,-339.975378494251));
#12970=CARTESIAN_POINT('',(31.8103194787952,71.6621893434225,-339.658154569323));
#12971=CARTESIAN_POINT('',(31.8103194787952,71.6621893434225,-339.658154569323));
#12972=CARTESIAN_POINT('',(29.1870495231296,77.6084755849459,-338.678700648559));
#12973=CARTESIAN_POINT('Ctrl Pts',(29.1870495231296,77.6084755849459,-338.678700648559));
#12974=CARTESIAN_POINT('Ctrl Pts',(30.138772258199,76.7413946524083,-338.819506477715));
#12975=CARTESIAN_POINT('Ctrl Pts',(31.419925059865,74.8237434776579,-339.132559470207));
#12976=CARTESIAN_POINT('Ctrl Pts',(31.8103194824858,72.6063876717148,-339.50039876731));
#12977=CARTESIAN_POINT('Ctrl Pts',(31.8103194787952,71.6621893424002,-339.658154563788));
#12978=CARTESIAN_POINT('',(30.0354129003742,78.8003877834856,-339.975378494251));
#12979=CARTESIAN_POINT('Ctrl Pts',(29.1870495231296,77.6084755849459,-338.678700648559));
#12980=CARTESIAN_POINT('Ctrl Pts',(29.1417473330418,77.6497488085224,-338.671998263292));
#12981=CARTESIAN_POINT('Ctrl Pts',(29.0959852103061,77.6904918770708,-338.665286885479));
#12982=CARTESIAN_POINT('Ctrl Pts',(29.0497637861288,77.7307050234525,-338.658563568483));
#12983=CARTESIAN_POINT('Ctrl Pts',(29.4698373155445,78.0057796511258,-339.110926597123));
#12984=CARTESIAN_POINT('Ctrl Pts',(29.4242287140935,78.0466995156374,-339.104217234613));
#12985=CARTESIAN_POINT('Ctrl Pts',(29.3783134908773,78.0872659434635,-339.097501877072));
#12986=CARTESIAN_POINT('Ctrl Pts',(29.3320920667,78.1274790898452,-339.090778560077));
#12987=CARTESIAN_POINT('Ctrl Pts',(29.7526251079593,78.4030837173057,-339.543152545687));
#12988=CARTESIAN_POINT('Ctrl Pts',(29.7067100951452,78.4436502227523,-339.536436205934));
#12989=CARTESIAN_POINT('Ctrl Pts',(29.6606417714485,78.4840400098562,-339.529716868666));
#12990=CARTESIAN_POINT('Ctrl Pts',(29.6144203472712,78.5242531562379,-339.52299355167));
#12991=CARTESIAN_POINT('Ctrl Pts',(30.0354129003742,78.8003877834856,-339.975378494251));
#12992=CARTESIAN_POINT('Ctrl Pts',(29.989191476197,78.8406009298672,-339.968655177255));
#12993=CARTESIAN_POINT('Ctrl Pts',(29.9429700520197,78.8808140762489,-339.96193186026));
#12994=CARTESIAN_POINT('Ctrl Pts',(29.8967486278425,78.9210272226306,-339.955208543264));
#12995=CARTESIAN_POINT('Ctrl Pts',(29.0497637861288,77.7307050234525,-338.658563568483));
#12996=CARTESIAN_POINT('Ctrl Pts',(29.0959852103061,77.6904918770708,-338.665286885479));
#12997=CARTESIAN_POINT('Ctrl Pts',(29.1417473330418,77.6497488085224,-338.671998263292));
#12998=CARTESIAN_POINT('Ctrl Pts',(29.1870495231296,77.6084755849459,-338.678700648559));
#12999=CARTESIAN_POINT('Origin',(31.8103194787438,74.5782132733017,-373.815946632434));
#13000=CARTESIAN_POINT('',(29.049763786129,77.3473015560454,-356.407495986811));
#13001=CARTESIAN_POINT('Ctrl Pts',(29.0497637861288,77.797617844722,-335.560962102684));
#13002=CARTESIAN_POINT('Ctrl Pts',(29.73791789635,77.1988276646082,-335.6651595219));
#13003=CARTESIAN_POINT('Ctrl Pts',(31.1151076384977,75.5153120720168,-335.956562192818));
#13004=CARTESIAN_POINT('Ctrl Pts',(31.7431551838038,73.3624630902317,-336.321818823621));
#13005=CARTESIAN_POINT('Ctrl Pts',(31.8016505506303,72.1021160616192,-336.532795851409));
#13006=CARTESIAN_POINT('Ctrl Pts',(29.569884762657,78.2341638354734,-334.818591720537));
#13007=CARTESIAN_POINT('Ctrl Pts',(30.3167110372176,77.567743817136,-334.932734814683));
#13008=CARTESIAN_POINT('Ctrl Pts',(31.7949531715481,75.7026975197369,-335.251177201438));
#13009=CARTESIAN_POINT('Ctrl Pts',(32.4322099488009,73.3544809971483,-335.647325235052));
#13010=CARTESIAN_POINT('Ctrl Pts',(32.4712068600186,71.9921816821038,-335.875262181846));
#13011=CARTESIAN_POINT('Ctrl Pts',(30.0900057391852,78.6707098262248,-334.076221338389));
#13012=CARTESIAN_POINT('Ctrl Pts',(30.8955041780852,77.9366599696638,-334.200310107466));
#13013=CARTESIAN_POINT('Ctrl Pts',(32.4747987045985,75.8900829674569,-334.545792210058));
#13014=CARTESIAN_POINT('Ctrl Pts',(33.1212647137981,73.346498904065,-334.972831646483));
#13015=CARTESIAN_POINT('Ctrl Pts',(33.1407631694069,71.8822473025884,-335.217728512282));
#13016=CARTESIAN_POINT('Ctrl Pts',(30.6101267157133,79.1072558169761,-333.333850956241));
#13017=CARTESIAN_POINT('Ctrl Pts',(31.4742973189528,78.3055761221916,-333.467885400249));
#13018=CARTESIAN_POINT('Ctrl Pts',(33.1546442376489,76.0774684151769,-333.840407218678));
#13019=CARTESIAN_POINT('Ctrl Pts',(33.8103194787952,73.3385168109816,-334.298338057915));
#13020=CARTESIAN_POINT('Ctrl Pts',(33.8103194787952,71.772312923073,-334.560194842718));
#13021=CARTESIAN_POINT('',(31.8016505506304,72.1021160616193,-336.532795851409));
#13022=CARTESIAN_POINT('Ctrl Pts',(31.8016505506303,72.1021160616192,-336.532795851409));
#13023=CARTESIAN_POINT('Ctrl Pts',(31.7431551838038,73.3624630902317,-336.321818823621));
#13024=CARTESIAN_POINT('Ctrl Pts',(31.1151076384977,75.5153120720168,-335.956562192818));
#13025=CARTESIAN_POINT('Ctrl Pts',(29.73791789635,77.1988276646082,-335.6651595219));
#13026=CARTESIAN_POINT('Ctrl Pts',(29.0497637861288,77.797617844722,-335.560962102684));
#13027=CARTESIAN_POINT('',(33.8103194787952,71.772312923073,-334.560194842718));
#13028=CARTESIAN_POINT('Ctrl Pts',(31.8016505506303,72.1021160616192,-336.532795851409));
#13029=CARTESIAN_POINT('Ctrl Pts',(31.8074328076619,71.9775309728538,-336.553650894614));
#13030=CARTESIAN_POINT('Ctrl Pts',(31.8103194787952,71.8529407162267,-336.574475028079));
#13031=CARTESIAN_POINT('Ctrl Pts',(31.8103194787952,71.728351494458,-336.595305351184));
#13032=CARTESIAN_POINT('Ctrl Pts',(32.4712068600186,71.9921816821038,-335.875262181846));
#13033=CARTESIAN_POINT('Ctrl Pts',(32.4750616980397,71.8675952156706,-335.896108985017));
#13034=CARTESIAN_POINT('Ctrl Pts',(32.4769861454619,71.7430053039963,-335.916935181696));
#13035=CARTESIAN_POINT('Ctrl Pts',(32.4769861454619,71.6184160822276,-335.9377655048));
#13036=CARTESIAN_POINT('Ctrl Pts',(33.1407631694069,71.8822473025884,-335.217728512282));
#13037=CARTESIAN_POINT('Ctrl Pts',(33.1426905884174,71.7576594584875,-335.23856707542));
#13038=CARTESIAN_POINT('Ctrl Pts',(33.1436528121285,71.633069891766,-335.259395335312));
#13039=CARTESIAN_POINT('Ctrl Pts',(33.1436528121285,71.5084806699972,-335.280225658417));
#13040=CARTESIAN_POINT('Ctrl Pts',(33.8103194787952,71.772312923073,-334.560194842718));
#13041=CARTESIAN_POINT('Ctrl Pts',(33.8103194787952,71.6477237013043,-334.581025165823));
#13042=CARTESIAN_POINT('Ctrl Pts',(33.8103194787952,71.5231344795356,-334.601855488928));
#13043=CARTESIAN_POINT('Ctrl Pts',(33.8103194787952,71.3985452577669,-334.622685812033));
#13044=CARTESIAN_POINT('',(31.8103194787952,71.7283514944579,-336.595305351184));
#13045=CARTESIAN_POINT('',(31.8103194787952,71.7283514944579,-336.595305351184));
#13046=CARTESIAN_POINT('Ctrl Pts',(31.8103194787952,71.728351494458,-336.595305351184));
#13047=CARTESIAN_POINT('Ctrl Pts',(31.8103194787952,71.8529407162267,-336.574475028079));
#13048=CARTESIAN_POINT('Ctrl Pts',(31.8074328076619,71.9775309728538,-336.553650894614));
#13049=CARTESIAN_POINT('Ctrl Pts',(31.8016505506303,72.1021160616192,-336.532795851409));
#13050=CARTESIAN_POINT('Origin',(45.8103194787959,8.88515865917855,-358.893729120868));
#13051=CARTESIAN_POINT('',(45.810319478796,8.00333803269609,-365.081207798222));
#13052=CARTESIAN_POINT('Origin',(45.8103194787959,8.88515865917855,-358.893729120868));
#13053=CARTESIAN_POINT('Origin',(43.3103194787957,29.720272646266,-358.74948612416));
#13054=CARTESIAN_POINT('',(43.3103194787957,37.0733098198985,-363.089258263413));
#13055=CARTESIAN_POINT('',(43.3103194787957,35.5856911809911,-366.472133524883));
#13056=CARTESIAN_POINT('Origin',(43.3103194787957,35.6288840938861,-364.472599986211));
#13057=CARTESIAN_POINT('',(43.3103194787957,24.4827747653266,-349.942764929645));
#13058=CARTESIAN_POINT('',(43.3103194787957,42.6609224680204,-368.923602245763));
#13059=CARTESIAN_POINT('',(43.3103194787957,22.708542802623,-349.353487113292));
#13060=CARTESIAN_POINT('Origin',(43.3103194787957,23.0383490393141,-351.326106652443));
#13061=CARTESIAN_POINT('',(43.3103194787957,22.2714821924643,-349.426560157628));
#13062=CARTESIAN_POINT('',(43.3103194787959,7.70938050359226,-351.861227289836));
#13063=CARTESIAN_POINT('',(43.3103194787957,20.8461983362305,-352.358168104278));
#13064=CARTESIAN_POINT('Origin',(43.3103194787957,22.6012884291554,-351.399179696779));
#13065=CARTESIAN_POINT('',(43.3103194787958,21.7018734802089,-363.53181591975));
#13066=CARTESIAN_POINT('Origin',(43.3103194787959,8.88515865917853,-358.893729120868));
#13067=CARTESIAN_POINT('',(43.3103194787958,23.539327217905,-366.211914059045));
#13068=CARTESIAN_POINT('Origin',(43.3103194787958,23.5825201308,-364.212380520372));
#13069=CARTESIAN_POINT('',(43.3103194787954,69.5896733881645,-367.206670362176));
#13070=CARTESIAN_POINT('Origin',(43.3103194787954,60.9966039434246,-357.166363468228));
#13071=CARTESIAN_POINT('',(43.3103194787953,66.5342581213209,-350.559915699694));
#13072=CARTESIAN_POINT('',(43.3103194787953,69.9171333827911,-352.047534338602));
#13073=CARTESIAN_POINT('Origin',(43.3103194787953,67.9175998441188,-352.004341425707));
#13074=CARTESIAN_POINT('',(43.3103194787956,53.0903885546871,-363.435251102865));
#13075=CARTESIAN_POINT('',(43.3103194787957,47.2560445723372,-369.022863750986));
#13076=CARTESIAN_POINT('',(43.3103194787956,54.43053736459,-366.879210367549));
#13077=CARTESIAN_POINT('Origin',(43.3103194787955,54.473730277485,-364.879676828877));
#13078=CARTESIAN_POINT('',(43.3103194787955,67.5901398494921,-367.163477449281));
#13079=CARTESIAN_POINT('',(43.3103194787954,69.5896733881645,-367.206670362176));
#13080=CARTESIAN_POINT('',(43.3103194787954,69.6328663010595,-365.207136823504));
#13081=CARTESIAN_POINT('Origin',(43.3103194787954,67.6333327623871,-365.163943910609));
#13082=CARTESIAN_POINT('',(43.3103194787952,70.1466561971615,-341.422213320316));
#13083=CARTESIAN_POINT('Origin',(43.3103194787955,47.8705398567664,-351.011673097132));
#13084=CARTESIAN_POINT('',(43.3103194787956,34.1259290350004,-350.614197079574));
#13085=CARTESIAN_POINT('',(43.3103194787956,35.2405485243218,-347.258235817625));
#13086=CARTESIAN_POINT('Origin',(43.3103194787956,35.5703547610129,-349.230855356776));
#13087=CARTESIAN_POINT('',(43.3103194787956,43.7240340552163,-360.636124115887));
#13088=CARTESIAN_POINT('',(43.3103194787956,47.3553060775608,-364.42774164667));
#13089=CARTESIAN_POINT('',(43.3103194787956,46.5518015040266,-360.697208119102));
#13090=CARTESIAN_POINT('Origin',(43.3103194787956,45.1684597812287,-359.252782393089));
#13091=CARTESIAN_POINT('',(43.3103194787953,61.2594312392713,-346.611556299264));
#13092=CARTESIAN_POINT('',(43.3103194787956,42.760183973244,-364.328480141446));
#13093=CARTESIAN_POINT('',(43.3103194787953,59.5462832797823,-343.194511034101));
#13094=CARTESIAN_POINT('Origin',(43.3103194787953,59.8760895164734,-345.167130573252));
#13095=CARTESIAN_POINT('',(43.3103194787959,7.70938050359226,-351.861227289836));
#13096=CARTESIAN_POINT('Origin',(31.8103194787642,8.88515865917843,-358.893729120868));
#13097=CARTESIAN_POINT('',(33.8103194787643,-4.74177712495461,-358.599366941406));
#13098=CARTESIAN_POINT('',(42.8103194787891,-4.74177712495454,-358.599366941406));
#13099=CARTESIAN_POINT('',(31.8103194787643,-4.74177712495463,-358.599366941406));
#13100=CARTESIAN_POINT('Origin',(42.8103194787889,8.88515865917852,-358.893729120868));
#13101=CARTESIAN_POINT('Origin',(33.8103194787642,8.88515865917844,-358.893729120868));
#13102=CARTESIAN_POINT('Origin',(28.5841216334759,93.0680921512668,-351.977663971346));
#13103=CARTESIAN_POINT('',(35.4652500172037,87.3612531878128,-340.024932455686));
#13104=CARTESIAN_POINT('',(34.139998391934,88.5524008492173,-338.065423923231));
#13105=CARTESIAN_POINT('Origin',(33.953871851623,88.6708087648787,-340.053220813384));
#13106=CARTESIAN_POINT('',(35.465250017204,86.8092650070626,-365.578172707029));
#13107=CARTESIAN_POINT('',(35.465250017204,86.7660720941676,-367.577706245701));
#13108=CARTESIAN_POINT('',(33.9538718516232,88.0756276712335,-367.605994603399));
#13109=CARTESIAN_POINT('Origin',(33.9538718516236,88.1188205841289,-365.606461064727));
#13110=CARTESIAN_POINT('',(23.5118365674773,97.1232809016993,-367.801437435605));
#13111=CARTESIAN_POINT('',(22.0004584018965,98.4328364787652,-367.829725793303));
#13112=CARTESIAN_POINT('',(22.0004584018965,98.4760293916602,-365.830192254631));
#13113=CARTESIAN_POINT('Origin',(23.5118365674776,97.1664738145947,-365.801903896933));
#13114=CARTESIAN_POINT('',(22.0004584018959,99.0650496557114,-338.56262232271));
#13115=CARTESIAN_POINT('',(22.0004584018958,99.1139338896987,-336.299619926749));
#13116=CARTESIAN_POINT('',(23.6979631077876,97.6370861629841,-336.546537074859));
#13117=CARTESIAN_POINT('Origin',(23.5118365674766,97.7554940786454,-338.534333965012));
#13118=CARTESIAN_POINT('',(35.4652500172037,87.3994173886641,-338.258193551912));
#13119=CARTESIAN_POINT('Origin',(13.8260528687213,79.7013347268083,-368.170271157142));
#13120=CARTESIAN_POINT('',(19.0654971760549,85.72934803015,-369.045659051212));
#13121=CARTESIAN_POINT('Origin',(13.8260528687213,79.6852453667549,-368.915097400297));
#13122=CARTESIAN_POINT('',(20.0413436782958,86.8872408713142,-367.580323672384));
#13123=CARTESIAN_POINT('Origin',(35.270751795762,72.6897842598097,-368.018811187742));
#13124=CARTESIAN_POINT('',(29.0497637861291,77.0783351202906,-368.858784242742));
#13125=CARTESIAN_POINT('',(30.02561028837,78.2362279614547,-367.393448863913));
#13126=CARTESIAN_POINT('',(34.7828285446416,72.1108378392276,-368.751478877156));
#13127=CARTESIAN_POINT('Origin',(23.8103194787954,71.0503218169489,-367.983396348671));
#13128=CARTESIAN_POINT('',(31.8103194787954,71.0342324568956,-368.728222591826));
#13129=CARTESIAN_POINT('',(33.3003194787954,71.0664111770024,-367.238570105516));
#13130=CARTESIAN_POINT('Origin',(23.8103194787954,71.0342324568955,-368.728222591827));
#13131=CARTESIAN_POINT('Origin',(32.0603194787959,15.4845331965583,-370.638710558564));
#13132=CARTESIAN_POINT('',(31.810319478796,9.17062918609243,-367.549276855025));
#13133=CARTESIAN_POINT('',(31.810319478796,1.53196970118695,-363.468727716286));
#13134=CARTESIAN_POINT('',(31.8103194787959,15.3667378893737,-370.859219664057));
#13135=CARTESIAN_POINT('',(31.810319478796,1.53196970118694,-363.468727716286));
#13136=CARTESIAN_POINT('',(31.810319478796,9.17062918609242,-367.549276855025));
#13137=CARTESIAN_POINT('Origin',(32.0603194787959,1.25655889381664,-347.534000764503));
#13138=CARTESIAN_POINT('',(31.810319478796,1.24649917427286,-354.813179982129));
#13139=CARTESIAN_POINT('',(31.8103194787959,1.00669475310168,-347.542241588781));
#13140=CARTESIAN_POINT('',(31.810319478796,1.24649917427286,-354.813179982129));
#13141=CARTESIAN_POINT('Origin',(32.0603194787956,26.2655595917294,-339.54128864347));
#13142=CARTESIAN_POINT('',(31.8103194787959,8.59968813226421,-350.238181386711));
#13143=CARTESIAN_POINT('',(31.8103194787956,26.1334907581991,-339.329020362255));
#13144=CARTESIAN_POINT('',(31.8103194787959,8.59968813226421,-350.238181386711));
#13145=CARTESIAN_POINT('Origin',(32.0603194787958,25.881368772889,-359.75343870472));
#13146=CARTESIAN_POINT('',(31.8103194787958,16.2383476171697,-354.31873052545));
#13147=CARTESIAN_POINT('',(31.8103194787958,25.9991640800736,-359.532929599227));
#13148=CARTESIAN_POINT('',(31.8103194787958,16.2383476171697,-354.31873052545));
#13149=CARTESIAN_POINT('Origin',(32.0603194787958,15.8818986345102,-351.095288565654));
#13150=CARTESIAN_POINT('',(31.8103194787959,16.5238181440838,-362.974278259607));
#13151=CARTESIAN_POINT('',(31.8103194787958,16.1317627752252,-351.087047741376));
#13152=CARTESIAN_POINT('',(32.3103194787959,16.0145741784235,-362.702241650358));
#13153=CARTESIAN_POINT('Origin',(32.0603194787957,30.4940637560924,-353.987848298464));
#13154=CARTESIAN_POINT('',(31.8103194787957,30.6261325896227,-354.200116579679));
#13155=CARTESIAN_POINT('Origin',(32.5553194787956,52.7552620005478,-367.588195713235));
#13156=CARTESIAN_POINT('',(31.8103194787959,22.6194148954013,-367.682390172757));
#13157=CARTESIAN_POINT('',(33.3003194787958,22.6515936155081,-366.192737686446));
#13158=CARTESIAN_POINT('',(31.8103194787956,52.7391726404944,-368.333021956391));
#13159=CARTESIAN_POINT('Origin',(32.5553194787958,22.7055847566269,-363.693320763105));
#13160=CARTESIAN_POINT('',(31.8103194787959,18.9364072012521,-362.384351490716));
#13161=CARTESIAN_POINT('Origin',(31.8103194787958,22.7055847566269,-363.693320763105));
#13162=CARTESIAN_POINT('',(33.3003194787958,20.343944684337,-362.873164577398));
#13163=CARTESIAN_POINT('Origin',(32.5553194787959,8.88515865917843,-358.893729120868));
#13164=CARTESIAN_POINT('',(31.8103194787958,18.2849010892412,-353.908061258695));
#13165=CARTESIAN_POINT('',(33.3003194787958,19.6012042078314,-353.209887856173));
#13166=CARTESIAN_POINT('Origin',(31.8103194787959,8.88515865917843,-358.893729120868));
#13167=CARTESIAN_POINT('Origin',(32.5553194787958,21.809766487345,-352.038455972746));
#13168=CARTESIAN_POINT('',(31.8103194787957,21.1518030451461,-348.10307999214));
#13169=CARTESIAN_POINT('Origin',(31.8103194787958,21.809766487345,-352.038455972746));
#13170=CARTESIAN_POINT('',(33.3003194787957,21.3975086914811,-349.572681548807));
#13171=CARTESIAN_POINT('Origin',(32.5553194787954,50.7594627062432,-343.908256486731));
#13172=CARTESIAN_POINT('',(31.8103194787952,71.3837326337391,-339.704702438565));
#13173=CARTESIAN_POINT('',(33.3003194787952,71.629438280074,-341.174303995232));
#13174=CARTESIAN_POINT('',(31.8103194787954,50.6366098830758,-343.173455708398));
#13175=CARTESIAN_POINT('Ctrl Pts',(31.8103194787952,71.383732633739,-339.704702438565));
#13176=CARTESIAN_POINT('Ctrl Pts',(31.8103194787952,71.4765158706337,-339.689189822178));
#13177=CARTESIAN_POINT('Ctrl Pts',(31.8103194787952,71.5692986457991,-339.673674656732));
#13178=CARTESIAN_POINT('Ctrl Pts',(31.8103194787952,71.6621893424951,-339.658154563772));
#13179=CARTESIAN_POINT('Ctrl Pts',(32.3069861454619,71.4656345158507,-340.194569624121));
#13180=CARTESIAN_POINT('Ctrl Pts',(32.3069861454619,71.5639784075886,-340.178127310643));
#13181=CARTESIAN_POINT('Ctrl Pts',(32.3063561727389,71.6623219907612,-340.161683297917));
#13182=CARTESIAN_POINT('Ctrl Pts',(32.3050965876517,71.7607159545037,-340.145239606031));
#13183=CARTESIAN_POINT('Ctrl Pts',(32.8036528121286,71.5475363979623,-340.684436809677));
#13184=CARTESIAN_POINT('Ctrl Pts',(32.8036528121286,71.6514409445434,-340.667064799108));
#13185=CARTESIAN_POINT('Ctrl Pts',(32.8023928666826,71.7553453357232,-340.649691939101));
#13186=CARTESIAN_POINT('Ctrl Pts',(32.7998736965083,71.8592425665123,-340.63232464829));
#13187=CARTESIAN_POINT('Ctrl Pts',(33.3003194787952,71.6294382800739,-341.174303995232));
#13188=CARTESIAN_POINT('Ctrl Pts',(33.3003194787952,71.7389034814983,-341.156002287572));
#13189=CARTESIAN_POINT('Ctrl Pts',(33.2984295606263,71.8483686806853,-341.137700580286));
#13190=CARTESIAN_POINT('Ctrl Pts',(33.2946508053648,71.9577691785209,-341.119409690549));
#13191=CARTESIAN_POINT('Ctrl Pts',(31.8103194787952,71.6621893424951,-339.658154563772));
#13192=CARTESIAN_POINT('Ctrl Pts',(31.8103194787952,71.5692986457991,-339.673674656732));
#13193=CARTESIAN_POINT('Ctrl Pts',(31.8103194787952,71.4765158706337,-339.689189822178));
#13194=CARTESIAN_POINT('Ctrl Pts',(31.8103194787952,71.383732633739,-339.704702438565));
#13195=CARTESIAN_POINT('Origin',(23.8103194787953,71.3031988926503,-356.276934335896));
#13196=CARTESIAN_POINT('',(31.8103194787953,71.3031988926504,-356.276934335896));
#13197=CARTESIAN_POINT('Origin',(32.8103194787951,77.8063157008152,-334.565238010694));
#13198=CARTESIAN_POINT('',(31.8103194787959,6.96731647103714,-347.422833326746));
#13199=CARTESIAN_POINT('',(31.8103194787951,77.9712188191608,-335.55154778027));
#13200=CARTESIAN_POINT('',(31.8103194787959,6.96731647103714,-347.422833326746));
#13201=CARTESIAN_POINT('Origin',(32.81031947878,8.88515865917844,-358.893729120868));
#13202=CARTESIAN_POINT('',(31.810319478796,-2.74224358628229,-358.642559854301));
#13203=CARTESIAN_POINT('',(32.8103194787802,-3.74201035561844,-358.620963397854));
#13204=CARTESIAN_POINT('Origin',(31.8103194787959,8.88515865917843,-358.893729120868));
#13205=CARTESIAN_POINT('Origin',(38.4445982104139,4.7509104872263,-359.404279812534));
#13206=CARTESIAN_POINT('',(33.7399716130485,-2.74296403628901,-365.224008062451));
#13207=CARTESIAN_POINT('',(31.810319478796,-0.796500165775232,-364.466580044548));
#13208=CARTESIAN_POINT('',(31.3735303985485,-0.355905641692173,-364.295131376977));
#13209=CARTESIAN_POINT('',(33.7399716130484,-4.70556652939638,-360.180446489971));
#13210=CARTESIAN_POINT('Origin',(37.9524551025269,5.24734130064617,-359.211103554433));
#13211=CARTESIAN_POINT('',(31.810319478796,-2.75910265888268,-359.423018472068));
#13212=CARTESIAN_POINT('',(31.3735303985485,-2.31850813479963,-359.251569804497));
#13213=CARTESIAN_POINT('Origin',(31.8103194787959,11.4429891416077,-356.800189416805));
#13214=CARTESIAN_POINT('Origin',(32.810319478796,-3.65639783510267,-354.65769501358));
#13215=CARTESIAN_POINT('',(33.8103194787961,-4.75032639271568,-358.995138989957));
#13216=CARTESIAN_POINT('Origin',(23.8103194787959,5.24734130064604,-359.211103554433));
#13217=CARTESIAN_POINT('',(33.810319478796,-4.65616460443884,-354.636098557133));
#13218=CARTESIAN_POINT('',(31.810319478796,-2.6566310657665,-354.679291470028));
#13219=CARTESIAN_POINT('Origin',(31.8103194787961,-5.033329286996,-372.096218327438));
#13220=CARTESIAN_POINT('',(42.810319478796,-4.7503263927156,-358.995138989957));
#13221=CARTESIAN_POINT('',(28.8728194787936,-4.75032639271574,-358.995138989958));
#13222=CARTESIAN_POINT('',(42.810319478796,-4.65616460443875,-354.636098557133));
#13223=CARTESIAN_POINT('Origin',(45.3103194787959,8.88515865917855,-358.893729120868));
#13224=CARTESIAN_POINT('',(44.810319478796,7.86224673245889,-366.071204386598));
#13225=CARTESIAN_POINT('',(45.310319478796,7.9327923825775,-365.57620609241));
#13226=CARTESIAN_POINT('Origin',(44.8103194787959,8.88515865917854,-358.893729120868));
#13227=CARTESIAN_POINT('Origin',(44.0603194787959,8.88515865917854,-358.893729120868));
#13228=CARTESIAN_POINT('',(44.8103194787959,20.2913884922657,-363.021392469283));
#13229=CARTESIAN_POINT('',(43.3103194787958,21.7018734802089,-363.53181591975));
#13230=CARTESIAN_POINT('',(44.8103194787958,19.5298807665368,-353.077409409902));
#13231=CARTESIAN_POINT('',(43.3103194787957,20.8461983362305,-352.358168104278));
#13232=CARTESIAN_POINT('Origin',(44.8103194787959,8.88515865917854,-358.893729120868));
#13233=CARTESIAN_POINT('Origin',(44.0603194787958,23.5825201308,-364.212380520372));
#13234=CARTESIAN_POINT('',(44.8103194787959,23.5069325332338,-367.711564213049));
#13235=CARTESIAN_POINT('Origin',(44.8103194787958,23.5825201308,-364.212380520372));
#13236=CARTESIAN_POINT('',(43.3103194787958,23.539327217905,-366.211914059045));
#13237=CARTESIAN_POINT('Origin',(44.0603194787957,34.9836936637014,-367.209304442582));
#13238=CARTESIAN_POINT('',(44.8103194787958,35.5532964963199,-367.971783678887));
#13239=CARTESIAN_POINT('',(43.3103194787957,35.5856911809911,-366.472133524883));
#13240=CARTESIAN_POINT('',(44.8103194787957,34.9674963213658,-367.959129519584));
#13241=CARTESIAN_POINT('Origin',(44.0603194787957,35.6288840938861,-364.472599986211));
#13242=CARTESIAN_POINT('',(44.8103194787957,38.1566291144078,-362.051751971314));
#13243=CARTESIAN_POINT('Origin',(44.8103194787957,35.6288840938862,-364.472599986211));
#13244=CARTESIAN_POINT('',(44.8103194787957,38.1566291144078,-362.051751971314));
#13245=CARTESIAN_POINT('Origin',(44.0603194787957,36.2432910118669,-361.138257671935));
#13246=CARTESIAN_POINT('',(44.8103194787957,25.5660940598359,-348.905258637547));
#13247=CARTESIAN_POINT('',(43.3103194787957,24.4827747653266,-349.942764929645));
#13248=CARTESIAN_POINT('',(44.8103194787957,36.7849506591216,-360.619504525885));
#13249=CARTESIAN_POINT('Origin',(44.0603194787957,23.0383490393141,-351.326106652443));
#13250=CARTESIAN_POINT('',(44.8103194787957,22.4611881251047,-347.874022458929));
#13251=CARTESIAN_POINT('',(43.3103194787957,22.708542802623,-349.353487113292));
#13252=CARTESIAN_POINT('Origin',(44.8103194787957,23.0383490393141,-351.326106652443));
#13253=CARTESIAN_POINT('Origin',(44.0603194787956,37.3666412480289,-346.142359899144));
#13254=CARTESIAN_POINT('',(44.8103194787957,22.024127514946,-347.947095503265));
#13255=CARTESIAN_POINT('',(43.3103194787957,22.2714821924643,-349.426560157628));
#13256=CARTESIAN_POINT('',(44.8103194787956,37.2429639092698,-345.402627571963));
#13257=CARTESIAN_POINT('Origin',(44.0603194787957,22.6012884291555,-351.399179696779));
#13258=CARTESIAN_POINT('Origin',(44.8103194787957,22.6012884291555,-351.399179696779));
#13259=CARTESIAN_POINT('Origin',(44.0603194787955,54.473730277485,-364.879676828877));
#13260=CARTESIAN_POINT('',(44.8103194787955,52.0528822625887,-362.351931808355));
#13261=CARTESIAN_POINT('',(43.3103194787956,53.0903885546871,-363.435251102865));
#13262=CARTESIAN_POINT('',(44.8103194787956,54.3981426799188,-368.378860521554));
#13263=CARTESIAN_POINT('Origin',(44.8103194787955,54.473730277485,-364.879676828877));
#13264=CARTESIAN_POINT('',(43.3103194787956,54.43053736459,-366.879210367549));
#13265=CARTESIAN_POINT('Origin',(44.0603194787956,49.5720342735467,-367.524434403174));
#13266=CARTESIAN_POINT('',(44.8103194787955,67.5577451648209,-368.663127603286));
#13267=CARTESIAN_POINT('',(43.3103194787955,67.5901398494921,-367.163477449281));
#13268=CARTESIAN_POINT('',(44.8103194787956,49.5558369312111,-368.274259480176));
#13269=CARTESIAN_POINT('Origin',(44.0603194787954,67.6333327623871,-365.163943910609));
#13270=CARTESIAN_POINT('',(44.8103194787954,71.1325164550638,-365.239531508175));
#13271=CARTESIAN_POINT('Origin',(44.8103194787954,67.6333327623871,-365.163943910609));
#13272=CARTESIAN_POINT('',(43.3103194787954,69.6328663010595,-365.207136823504));
#13273=CARTESIAN_POINT('Origin',(44.0603194787953,70.646474664269,-353.01198993455));
#13274=CARTESIAN_POINT('',(44.8103194787953,71.4167835367954,-352.079929023273));
#13275=CARTESIAN_POINT('',(43.3103194787953,69.9171333827911,-352.047534338602));
#13276=CARTESIAN_POINT('',(44.8103194787953,71.3962997412711,-353.028187276885));
#13277=CARTESIAN_POINT('Origin',(44.0603194787953,67.9175998441188,-352.004341425707));
#13278=CARTESIAN_POINT('',(44.8103194787953,65.4967518292225,-349.476596405185));
#13279=CARTESIAN_POINT('Origin',(44.8103194787953,67.9175998441188,-352.004341425707));
#13280=CARTESIAN_POINT('',(44.8103194787953,65.4967518292225,-349.476596405185));
#13281=CARTESIAN_POINT('Origin',(44.0603194787953,66.5448327332404,-349.511313286574));
#13282=CARTESIAN_POINT('',(44.8103194787953,66.0260795871912,-348.969653639319));
#13283=CARTESIAN_POINT('Origin',(44.0603194787956,33.0553359345389,-350.580660740986));
#13284=CARTESIAN_POINT('',(44.8103194787956,42.6407147607069,-361.673630407985));
#13285=CARTESIAN_POINT('',(43.3103194787956,43.7240340552163,-360.636124115887));
#13286=CARTESIAN_POINT('',(44.8103194787957,33.0426097404911,-351.651703371672));
#13287=CARTESIAN_POINT('',(43.3103194787956,34.1259290350004,-350.614197079574));
#13288=CARTESIAN_POINT('',(44.8103194787956,32.5136762872843,-351.099413887035));
#13289=CARTESIAN_POINT('Origin',(44.0603194787956,45.1684597812287,-359.252782393089));
#13290=CARTESIAN_POINT('',(44.8103194787956,47.5893077961251,-361.780527413611));
#13291=CARTESIAN_POINT('Origin',(44.8103194787956,45.1684597812287,-359.252782393089));
#13292=CARTESIAN_POINT('',(43.3103194787956,46.5518015040266,-360.697208119102));
#13293=CARTESIAN_POINT('Origin',(44.0603194787955,52.877391465349,-355.677599021703));
#13294=CARTESIAN_POINT('',(44.8103194787953,62.2969375313697,-347.694875593773));
#13295=CARTESIAN_POINT('',(43.3103194787953,61.2594312392713,-346.611556299264));
#13296=CARTESIAN_POINT('',(44.8103194787955,53.3961446113982,-356.219258668957));
#13297=CARTESIAN_POINT('Origin',(44.0603194787953,59.8760895164734,-345.167130573252));
#13298=CARTESIAN_POINT('',(44.8103194787953,59.298928602264,-341.715046379738));
#13299=CARTESIAN_POINT('',(44.8103194787953,59.298928602264,-341.715046379738));
#13300=CARTESIAN_POINT('Origin',(44.8103194787953,59.8760895164734,-345.167130573252));
#13301=CARTESIAN_POINT('Origin',(44.0603194787953,58.4630733917163,-342.615204887837));
#13302=CARTESIAN_POINT('',(44.8103194787956,34.9931938468035,-345.778771163262));
#13303=CARTESIAN_POINT('',(43.3103194787956,35.2405485243218,-347.258235817625));
#13304=CARTESIAN_POINT('',(44.8103194787953,58.3393960529571,-341.875472560655));
#13305=CARTESIAN_POINT('Origin',(44.0603194787956,35.5703547610129,-349.230855356776));
#13306=CARTESIAN_POINT('Origin',(44.8103194787956,35.5703547610129,-349.230855356776));
#13307=CARTESIAN_POINT('Origin',(43.810319478796,-3.65639783510256,-354.65769501358));
#13308=CARTESIAN_POINT('',(42.8806673445437,-4.70556652939631,-360.180446489971));
#13309=CARTESIAN_POINT('Origin',(52.810319478796,5.24734130064631,-359.211103554432));
#13310=CARTESIAN_POINT('',(44.810319478796,-2.75910265888255,-359.423018472068));
#13311=CARTESIAN_POINT('',(45.2471085590436,-2.3185081347995,-359.251569804497));
#13312=CARTESIAN_POINT('',(44.810319478796,-2.74224358628218,-358.642559854301));
#13313=CARTESIAN_POINT('',(44.810319478796,-2.65663106576638,-354.679291470028));
#13314=CARTESIAN_POINT('',(43.8103194787926,-3.74201035561834,-358.620963397854));
#13315=CARTESIAN_POINT('Origin',(43.8103194787924,8.88515865917853,-358.893729120868));
#13316=CARTESIAN_POINT('',(44.8103194787959,6.96731647103722,-347.422833326746));
#13317=CARTESIAN_POINT('Origin',(44.8103194787959,8.88515865917854,-358.893729120868));
#13318=CARTESIAN_POINT('',(44.8103194787959,6.96731647103722,-347.422833326746));
#13319=CARTESIAN_POINT('Origin',(43.8103194787951,77.8063157008153,-334.565238010694));
#13320=CARTESIAN_POINT('',(44.8103194787951,76.7706517349903,-335.752273010891));
#13321=CARTESIAN_POINT('',(42.8103194787951,76.4408454982992,-333.779653471741));
#13322=CARTESIAN_POINT('',(44.8103194787951,77.9712188191609,-335.55154778027));
#13323=CARTESIAN_POINT('Origin',(38.176040747178,4.75091048722628,-359.404279812533));
#13324=CARTESIAN_POINT('',(42.8806673445436,-2.74296403628898,-365.224008062451));
#13325=CARTESIAN_POINT('Origin',(38.668183855065,5.24734130064621,-359.211103554432));
#13326=CARTESIAN_POINT('',(44.810319478796,-0.796500165775161,-364.466580044548));
#13327=CARTESIAN_POINT('',(45.2471085590436,-0.355905641692059,-364.295131376977));
#13328=CARTESIAN_POINT('Origin',(44.8103194787959,11.4429891416078,-356.800189416805));
#13329=CARTESIAN_POINT('Ctrl Pts',(42.8103194787951,76.8146131636054,-333.717162502426));
#13330=CARTESIAN_POINT('Ctrl Pts',(42.8103194787951,76.6900239418367,-333.737992825531));
#13331=CARTESIAN_POINT('Ctrl Pts',(42.8103194787951,76.5654347200679,-333.758823148636));
#13332=CARTESIAN_POINT('Ctrl Pts',(42.8103194787951,76.4408454982992,-333.779653471741));
#13333=CARTESIAN_POINT('Ctrl Pts',(43.4746748668508,76.9245479151483,-334.374698397141));
#13334=CARTESIAN_POINT('Ctrl Pts',(43.476216226027,76.7999595745885,-334.395533990886));
#13335=CARTESIAN_POINT('Ctrl Pts',(43.4769861454618,76.6753701322983,-334.416362995019));
#13336=CARTESIAN_POINT('Ctrl Pts',(43.4769861454618,76.5507809105296,-334.437193318124));
#13337=CARTESIAN_POINT('Ctrl Pts',(44.1390302549065,77.0344826666913,-335.032234291856));
#13338=CARTESIAN_POINT('Ctrl Pts',(44.1421129732589,76.9098952073404,-335.053075156241));
#13339=CARTESIAN_POINT('Ctrl Pts',(44.1436528121285,76.7853055445287,-335.073902841403));
#13340=CARTESIAN_POINT('Ctrl Pts',(44.1436528121285,76.66071632276,-335.094733164508));
#13341=CARTESIAN_POINT('Ctrl Pts',(44.8033856429622,77.1444174182342,-335.689770186571));
#13342=CARTESIAN_POINT('Ctrl Pts',(44.8080097204909,77.0198308400923,-335.710616321596));
#13343=CARTESIAN_POINT('Ctrl Pts',(44.8103194787952,76.8952409567591,-335.731442687787));
#13344=CARTESIAN_POINT('Ctrl Pts',(44.8103194787952,76.7706517349903,-335.752273010892));
#13345=CARTESIAN_POINT('',(44.8033856429621,77.1444174182343,-335.689770186571));
#13346=CARTESIAN_POINT('Ctrl Pts',(44.8033856429622,77.1444174182342,-335.689770186571));
#13347=CARTESIAN_POINT('Ctrl Pts',(44.8080097204909,77.0198308400923,-335.710616321596));
#13348=CARTESIAN_POINT('Ctrl Pts',(44.8103194787952,76.8952409567591,-335.731442687787));
#13349=CARTESIAN_POINT('Ctrl Pts',(44.8103194787952,76.7706517349903,-335.752273010892));
#13350=CARTESIAN_POINT('',(44.8033856429621,77.1444174182343,-335.689770186571));
#13351=CARTESIAN_POINT('Ctrl Pts',(44.8033856429622,77.1444174182343,-335.689770186571));
#13352=CARTESIAN_POINT('Ctrl Pts',(44.7444249375539,78.7329964345017,-335.423965208498));
#13353=CARTESIAN_POINT('Ctrl Pts',(43.9723225579696,81.4587970723734,-334.962914071396));
#13354=CARTESIAN_POINT('Ctrl Pts',(42.2326022739852,83.5975414283834,-334.59527540732));
#13355=CARTESIAN_POINT('Ctrl Pts',(41.359624862967,84.3571308528621,-334.464150097071));
#13356=CARTESIAN_POINT('Ctrl Pts',(44.1390302549065,77.0344826666913,-335.032234291856));
#13357=CARTESIAN_POINT('Ctrl Pts',(44.0997231179676,78.5211221081846,-334.783541880242));
#13358=CARTESIAN_POINT('Ctrl Pts',(43.4040885093455,81.0857867728542,-334.351204402757));
#13359=CARTESIAN_POINT('Ctrl Pts',(41.7855554407437,83.1124113121351,-334.005663838297));
#13360=CARTESIAN_POINT('Ctrl Pts',(40.9691787680126,83.8334024268191,-333.88236786505));
#13361=CARTESIAN_POINT('Ctrl Pts',(43.4746748668508,76.9245479151483,-334.374698397141));
#13362=CARTESIAN_POINT('Ctrl Pts',(43.4550212983814,78.3092477818674,-334.143118551986));
#13363=CARTESIAN_POINT('Ctrl Pts',(42.8358544607215,80.712776473335,-333.739494734117));
#13364=CARTESIAN_POINT('Ctrl Pts',(41.3385086075022,82.6272811958868,-333.416052269274));
#13365=CARTESIAN_POINT('Ctrl Pts',(40.5787326730581,83.3096740007761,-333.300585633029));
#13366=CARTESIAN_POINT('Ctrl Pts',(42.8103194787951,76.8146131636054,-333.717162502426));
#13367=CARTESIAN_POINT('Ctrl Pts',(42.8103194787951,78.0973734555502,-333.50269522373));
#13368=CARTESIAN_POINT('Ctrl Pts',(42.2676204120975,80.3397661738158,-333.127785065478));
#13369=CARTESIAN_POINT('Ctrl Pts',(40.8914617742607,82.1421510796385,-332.826440700252));
#13370=CARTESIAN_POINT('Ctrl Pts',(40.1882865781037,82.7859455747331,-332.718803401008));
#13371=CARTESIAN_POINT('',(40.1882865781037,82.7859455747331,-332.718803401008));
#13372=CARTESIAN_POINT('Ctrl Pts',(41.359624862967,84.3571308528621,-334.464150097071));
#13373=CARTESIAN_POINT('Ctrl Pts',(42.2326022739852,83.5975414283834,-334.59527540732));
#13374=CARTESIAN_POINT('Ctrl Pts',(43.9723225579696,81.4587970723734,-334.962914071396));
#13375=CARTESIAN_POINT('Ctrl Pts',(44.7444249375539,78.7329964345017,-335.423965208498));
#13376=CARTESIAN_POINT('Ctrl Pts',(44.8033856429622,77.1444174182343,-335.689770186571));
#13377=CARTESIAN_POINT('Ctrl Pts',(40.0366059176703,82.9213246626547,-332.696169098433));
#13378=CARTESIAN_POINT('Ctrl Pts',(40.0877244157637,82.8768510082135,-332.703604738359));
#13379=CARTESIAN_POINT('Ctrl Pts',(40.1382901592542,82.8317199697995,-332.711150287636));
#13380=CARTESIAN_POINT('Ctrl Pts',(40.1882865781037,82.7859455747331,-332.718803401008));
#13381=CARTESIAN_POINT('Ctrl Pts',(40.4155700526655,83.4539073021078,-333.276323449566));
#13382=CARTESIAN_POINT('Ctrl Pts',(40.4703250363563,83.4062698652811,-333.284288048645));
#13383=CARTESIAN_POINT('Ctrl Pts',(40.5247118883975,83.3581927720291,-333.29237584642));
#13384=CARTESIAN_POINT('Ctrl Pts',(40.5787326730581,83.3096740007761,-333.300585633029));
#13385=CARTESIAN_POINT('Ctrl Pts',(40.7945341876608,83.9864899415609,-333.856477800698));
#13386=CARTESIAN_POINT('Ctrl Pts',(40.852925656949,83.9356887223487,-333.864971358931));
#13387=CARTESIAN_POINT('Ctrl Pts',(40.9111336175409,83.8846655742588,-333.873601405205));
#13388=CARTESIAN_POINT('Ctrl Pts',(40.9691787680126,83.8334024268191,-333.88236786505));
#13389=CARTESIAN_POINT('Ctrl Pts',(41.173498322656,84.519072581014,-334.436632151831));
#13390=CARTESIAN_POINT('Ctrl Pts',(41.2355262775417,84.4651075794162,-334.445654669218));
#13391=CARTESIAN_POINT('Ctrl Pts',(41.2975553466843,84.4111383764885,-334.45482696399));
#13392=CARTESIAN_POINT('Ctrl Pts',(41.359624862967,84.3571308528621,-334.464150097071));
#13393=CARTESIAN_POINT('Origin',(21.8298354054496,100.272681543599,-335.460015855141));
#13394=CARTESIAN_POINT('',(34.139998391934,88.5524008492173,-338.065423923231));
#13395=CARTESIAN_POINT('',(24.8199538206467,98.6815494756241,-335.080169716792));
#13396=CARTESIAN_POINT('Origin',(34.4450697554355,89.2374433895712,-340.065460968157));
#13397=CARTESIAN_POINT('',(35.4652500172037,87.3612531878128,-340.024932455686));
#13398=CARTESIAN_POINT('Origin',(36.5232147331096,87.0881075412547,-356.168823919786));
#13399=CARTESIAN_POINT('',(35.465250017204,86.8092650070626,-365.578172707029));
#13400=CARTESIAN_POINT('Origin',(34.4450697554361,88.6854552088215,-365.6187012195));
#13401=CARTESIAN_POINT('',(33.9538718516232,88.0756276712335,-367.605994603399));
#13402=CARTESIAN_POINT('Origin',(26.6976458248003,95.3389330148808,-368.513067818206));
#13403=CARTESIAN_POINT('',(23.5118365674773,97.1232809016993,-367.801437435605));
#13404=CARTESIAN_POINT('Origin',(24.0030344712901,97.7331084392872,-365.814144051706));
#13405=CARTESIAN_POINT('',(22.0004584018965,98.4760293916602,-365.830192254631));
#13406=CARTESIAN_POINT('Origin',(21.9248894936167,99.4203659614035,-371.101816082556));
#13407=CARTESIAN_POINT('',(22.0004584018959,99.0650496557114,-338.56262232271));
#13408=CARTESIAN_POINT('Origin',(24.0030344712891,98.3221287033379,-338.546574119786));
#13409=CARTESIAN_POINT('Origin',(13.8260528687214,79.5770471199529,-373.923928914672));
#13410=CARTESIAN_POINT('',(19.065497176055,85.664342696243,-372.054957026914));
#13411=CARTESIAN_POINT('Origin',(13.8260528687213,79.6202400328479,-371.924395375999));
#13412=CARTESIAN_POINT('',(19.065497176055,85.621149783348,-374.054490565586));
#13413=CARTESIAN_POINT('Origin',(31.8103194787438,74.5782132733017,-373.815946632434));
#13414=CARTESIAN_POINT('',(29.0497637861291,77.0133297863837,-371.868082218444));
#13415=CARTESIAN_POINT('',(21.9414779712646,83.1724073383909,-372.001127498791));
#13416=CARTESIAN_POINT('',(29.049763786129,77.3473015560454,-356.407495986811));
#13417=CARTESIAN_POINT('Origin',(23.8103194787953,71.3031988926503,-356.276934335896));
#13418=CARTESIAN_POINT('',(31.8103194787954,70.9692271229887,-371.73752056753));
#13419=CARTESIAN_POINT('Origin',(23.8103194787954,70.9692271229886,-371.73752056753));
#13420=CARTESIAN_POINT('',(31.8103194787953,71.3031988926504,-356.276934335896));
#13421=CARTESIAN_POINT('Origin',(31.8103194787954,50.1871792528622,-338.352529660979));
#13422=CARTESIAN_POINT('',(31.810319478796,4.79800732282788,-370.308123321768));
#13423=CARTESIAN_POINT('',(31.8103194787954,75.2069295162373,-371.829061272801));
#13424=CARTESIAN_POINT('',(31.810319478796,5.76875458502772,-371.321735718379));
#13425=CARTESIAN_POINT('Origin',(32.810319478796,5.04654172202151,-372.013406579778));
#13426=CARTESIAN_POINT('',(33.8103194787961,3.92658049979492,-372.28976577012));
#13427=CARTESIAN_POINT('',(33.8103194787961,-1.97478732941592,-366.127812168422));
#13428=CARTESIAN_POINT('',(33.8103194787961,4.3243288590153,-372.705077441177));
#13429=CARTESIAN_POINT('Origin',(23.8103194787962,5.24734130064604,-359.211103554433));
#13430=CARTESIAN_POINT('Origin',(28.8728194787936,5.24734130064609,-359.211103554433));
#13431=CARTESIAN_POINT('',(42.8103194787961,-1.97478732941583,-366.127812168422));
#13432=CARTESIAN_POINT('',(28.8728194787938,-1.97478732941597,-366.127812168422));
#13433=CARTESIAN_POINT('Origin',(52.8103194787959,5.24734130064631,-359.211103554432));
#13434=CARTESIAN_POINT('Origin',(43.8103194787961,5.04654172202168,-372.013406579778));
#13435=CARTESIAN_POINT('',(42.8103194787961,4.32432885901545,-372.705077441177));
#13436=CARTESIAN_POINT('',(44.810319478796,4.79800732282814,-370.308123321768));
#13437=CARTESIAN_POINT('',(44.810319478796,4.79800732282814,-370.308123321768));
#13438=CARTESIAN_POINT('',(44.810319478796,5.76875458502791,-371.321735718379));
#13439=CARTESIAN_POINT('Origin',(44.8103194787954,50.1871792528623,-338.352529660979));
#13440=CARTESIAN_POINT('',(44.8103194787954,75.990973334836,-371.845997791098));
#13441=CARTESIAN_POINT('',(44.8103194787954,75.2069295162374,-371.829061272801));
#13442=CARTESIAN_POINT('',(44.8103194787953,76.3249451044977,-356.385411559466));
#13443=CARTESIAN_POINT('Origin',(34.8103194787953,76.3249451044976,-356.385411559466));
#13444=CARTESIAN_POINT('Origin',(34.8103194787954,75.9909733348359,-371.845997791099));
#13445=CARTESIAN_POINT('Origin',(13.8260528687214,79.5986435764004,-372.924162145336));
#13446=CARTESIAN_POINT('',(19.065497176055,85.664342696243,-372.054957026914));
#13447=CARTESIAN_POINT('Origin',(22.5964085096814,83.9063237148678,-373.017214474492));
#13448=CARTESIAN_POINT('',(29.0497637861291,77.0133297863837,-371.868082218444));
#13449=CARTESIAN_POINT('Origin',(23.8103194787955,70.9476306665411,-372.737287336865));
#13450=CARTESIAN_POINT('',(31.8103194787954,70.9692271229887,-371.73752056753));
#13451=CARTESIAN_POINT('Origin',(32.81031947878,75.1853330597898,-372.828828042138));
#13452=CARTESIAN_POINT('Origin',(25.9353194787916,-0.456600672259272,-367.713037155384));
#13453=CARTESIAN_POINT('Origin',(43.8103194787992,75.1853330597899,-372.828828042137));
#13454=CARTESIAN_POINT('',(44.8103194787954,75.990973334836,-371.845997791098));
#13455=CARTESIAN_POINT('Origin',(34.8103194787954,75.9693768783884,-372.845764560435));
#13456=CARTESIAN_POINT('Origin',(9.81077315954336,163.018481201159,-330.113322283177));
#13457=CARTESIAN_POINT('',(8.8107731595439,114.39073281895,-331.113322283177));
#13458=CARTESIAN_POINT('',(8.81077315954335,163.018481201159,-331.113322283177));
#13459=CARTESIAN_POINT('',(9.92892936859097,114.656547829641,-329.995166074129));
#13460=CARTESIAN_POINT('Origin',(18.8898058567377,98.8072865727991,-374.339330827828));
#13461=CARTESIAN_POINT('Origin',(8.81077315954311,173.739810156662,-350.409602851276));
#13462=CARTESIAN_POINT('',(8.81077315954304,181.663257006511,-346.69710827966));
#13463=CARTESIAN_POINT('',(8.81077315954311,175.322262398932,-346.560133319023));
#13464=CARTESIAN_POINT('',(8.81077315954312,173.433677461248,-349.407377520066));
#13465=CARTESIAN_POINT('Origin',(8.81077315954296,181.382503072693,-359.694076281031));
#13466=CARTESIAN_POINT('',(8.81077315954333,154.327250232246,-351.238588235237));
#13467=CARTESIAN_POINT('Origin',(8.81077315954333,162.427611230016,-335.16425615873));
#13468=CARTESIAN_POINT('',(8.81077315954347,144.296538164308,-346.183797253673));
#13469=CARTESIAN_POINT('',(8.81070671953023,163.485795981796,-327.739281745873));
#13470=CARTESIAN_POINT('Origin',(8.81077315954338,162.427611230017,-335.164256158698));
#13471=CARTESIAN_POINT('Origin',(8.31077315954311,175.311464170708,-347.060016703691));
#13472=CARTESIAN_POINT('',(8.81077315954304,181.663257006511,-346.69710827966));
#13473=CARTESIAN_POINT('Origin',(8.31077315954302,181.382503072693,-359.694076281031));
#13474=CARTESIAN_POINT('',(8.81077315954312,173.433677461248,-349.407377520066));
#13475=CARTESIAN_POINT('Origin',(8.31077315954322,162.427611230016,-335.16425615873));
#13476=CARTESIAN_POINT('',(8.81077315954333,154.327250232246,-351.238588235237));
#13477=CARTESIAN_POINT('Origin',(8.31077315954347,144.071528136592,-346.630306478021));
#13478=CARTESIAN_POINT('Origin',(7.81031947875596,162.427611230017,-335.164256158698));
#13479=CARTESIAN_POINT('',(7.81031947875591,163.344704681558,-328.72927833425));
#13480=CARTESIAN_POINT('Origin',(7.81031947875596,162.427611230017,-335.164256158698));
#13481=CARTESIAN_POINT('',(7.810319478756,161.863246029068,-339.124242512204));
#13482=CARTESIAN_POINT('Origin',(7.81031947875596,162.427611230017,-335.164256158698));
#13483=CARTESIAN_POINT('Origin',(8.31031947875592,162.427611230017,-335.164256158698));
#13484=CARTESIAN_POINT('',(8.3103194787558,163.415250331677,-328.234280040061));
#13485=CARTESIAN_POINT('Origin',(16.210319478756,162.427611230017,-335.164256158698));
#13486=CARTESIAN_POINT('',(9.810319478756,161.863246029068,-339.124242512204));
#13487=CARTESIAN_POINT('Origin',(9.81031947875597,162.427611230017,-335.164256158698));
#13488=CARTESIAN_POINT('',(16.210319478756,161.863246029068,-339.124242512204));
#13489=CARTESIAN_POINT('Origin',(9.81031947875627,154.388391374614,-346.411107544737));
#13490=CARTESIAN_POINT('Origin',(7.49954631916192,231.203524537099,-372.611217365914));
#13491=CARTESIAN_POINT('',(7.49954631916192,231.203524537099,-372.611217365914));
#13492=CARTESIAN_POINT('',(7.49954631916368,228.378183646955,-372.550185779993));
#13493=CARTESIAN_POINT('',(7.49954631916236,230.497189314565,-372.595959469434));
#13494=CARTESIAN_POINT('',(7.49954631916279,229.821369884987,-371.168031127881));
#13495=CARTESIAN_POINT('',(7.49954631916034,233.734051136542,-375.253484031016));
#13496=CARTESIAN_POINT('',(7.49954631916279,229.821369884987,-371.168031127881));
#13497=CARTESIAN_POINT('Origin',(8.81077315954311,173.739810156662,-350.409602851276));
#13498=CARTESIAN_POINT('',(8.81077315954232,230.317279642571,-372.592073151629));
#13499=CARTESIAN_POINT('',(8.81077315954234,229.264428541482,-372.569329994277));
#13500=CARTESIAN_POINT('',(8.81077315954266,201.539050675493,-371.97042039462));
#13501=CARTESIAN_POINT('Ctrl Pts',(8.81077315954234,229.264428541482,-372.569329994277));
#13502=CARTESIAN_POINT('Ctrl Pts',(8.81077315954233,229.795091661791,-372.384531361258));
#13503=CARTESIAN_POINT('Ctrl Pts',(8.81077315954232,230.317279642571,-372.592073151629));
#13504=CARTESIAN_POINT('Origin',(-0.00022684042257166,229.790854092027,
-372.580701572954));
#13505=CARTESIAN_POINT('Origin',(7.4995463191628,229.790854092027,-372.580701572953));
#13506=CARTESIAN_POINT('Origin',(7.4995463191628,229.790854092027,-372.580701572953));
#13507=CARTESIAN_POINT('Origin',(7.49954631916282,229.734984059197,-375.167098205226));
#13508=CARTESIAN_POINT('Origin',(5.88031947879991,161.844506905936,-362.157958930808));
#13509=CARTESIAN_POINT('',(5.8803194787999,161.844506905937,-361.337958930775));
#13510=CARTESIAN_POINT('Origin',(5.88031947879991,161.844506905937,-362.157958930776));
#13511=CARTESIAN_POINT('Origin',(8.5603194787998,161.844506905937,-362.157958930776));
#13512=CARTESIAN_POINT('',(5.06031947879959,161.844506905937,-362.157958930776));
#13513=CARTESIAN_POINT('',(8.56031947879978,161.844506905937,-358.657958930776));
#13514=UNCERTAINTY_MEASURE_WITH_UNIT(LENGTH_MEASURE(0.01),#13518,
'DISTANCE_ACCURACY_VALUE',
'Maximum model space distance between geometric entities at asserted c
onnectivities');
#13515=UNCERTAINTY_MEASURE_WITH_UNIT(LENGTH_MEASURE(0.01),#13518,
'DISTANCE_ACCURACY_VALUE',
'Maximum model space distance between geometric entities at asserted c
onnectivities');
#13516=(
GEOMETRIC_REPRESENTATION_CONTEXT(3)
GLOBAL_UNCERTAINTY_ASSIGNED_CONTEXT((#13514))
GLOBAL_UNIT_ASSIGNED_CONTEXT((#13518,#13520,#13521))
REPRESENTATION_CONTEXT('','3D')
);
#13517=(
GEOMETRIC_REPRESENTATION_CONTEXT(3)
GLOBAL_UNCERTAINTY_ASSIGNED_CONTEXT((#13515))
GLOBAL_UNIT_ASSIGNED_CONTEXT((#13518,#13520,#13521))
REPRESENTATION_CONTEXT('','3D')
);
#13518=(
LENGTH_UNIT()
NAMED_UNIT(*)
SI_UNIT(.MILLI.,.METRE.)
);
#13519=(
LENGTH_UNIT()
NAMED_UNIT(*)
SI_UNIT($,.METRE.)
);
#13520=(
NAMED_UNIT(*)
PLANE_ANGLE_UNIT()
SI_UNIT($,.RADIAN.)
);
#13521=(
NAMED_UNIT(*)
SI_UNIT($,.STERADIAN.)
SOLID_ANGLE_UNIT()
);
#13522=SHAPE_DEFINITION_REPRESENTATION(#13523,#13524);
#13523=PRODUCT_DEFINITION_SHAPE('',$,#13526);
#13524=SHAPE_REPRESENTATION('',(#7364),#13516);
#13525=PRODUCT_DEFINITION_CONTEXT('part definition',#13530,'design');
#13526=PRODUCT_DEFINITION('(Unsaved)','(Unsaved)',#13527,#13525);
#13527=PRODUCT_DEFINITION_FORMATION('',$,#13532);
#13528=PRODUCT_RELATED_PRODUCT_CATEGORY('(Unsaved)','(Unsaved)',(#13532));
#13529=APPLICATION_PROTOCOL_DEFINITION('international standard',
'automotive_design',2009,#13530);
#13530=APPLICATION_CONTEXT(
'Core Data for Automotive Mechanical Design Process');
#13531=PRODUCT_CONTEXT('part definition',#13530,'mechanical');
#13532=PRODUCT('(Unsaved)','(Unsaved)',$,(#13531));
#13533=PRESENTATION_STYLE_ASSIGNMENT((#13535));
#13534=PRESENTATION_STYLE_ASSIGNMENT((#13536));
#13535=SURFACE_STYLE_USAGE(.BOTH.,#13537);
#13536=SURFACE_STYLE_USAGE(.BOTH.,#13538);
#13537=SURFACE_SIDE_STYLE('',(#13539));
#13538=SURFACE_SIDE_STYLE('',(#13540));
#13539=SURFACE_STYLE_FILL_AREA(#13541);
#13540=SURFACE_STYLE_FILL_AREA(#13542);
#13541=FILL_AREA_STYLE('Steel - Satin',(#13543));
#13542=FILL_AREA_STYLE(
'PA 12 - Nylon - PA 603-CF (with EOS P 3D Printers)',(#13544));
#13543=FILL_AREA_STYLE_COLOUR('Steel - Satin',#13545);
#13544=FILL_AREA_STYLE_COLOUR(
'PA 12 - Nylon - PA 603-CF (with EOS P 3D Printers)',#13546);
#13545=COLOUR_RGB('Steel - Satin',0.627450980392157,0.627450980392157,0.627450980392157);
#13546=COLOUR_RGB('PA 12 - Nylon - PA 603-CF (with EOS P 3D Printers)',
0.247058823529412,0.247058823529412,0.247058823529412);
ENDSEC;
END-ISO-10303-21;
